,Product,Price,Date
0,Apple iPhone 8 64GB GSM Factory Unlocked GRAY & SILVER (GOOD CONDITION),$179.99,20220526
1,Apple iPhone 8 64GB 256GB Unlocked Straight talk T-mobile AT&T Verizon Metro (N),$209.00 to $269.00,20220526
2,Apple iPhone 11 Pro - 256GB - All Colors (Unlocked) A2160 - Good Condition ,$548.99,20220526
3,Apple iPhone XR Black 128GB A1984 LTE GSM CDMA Verizon Unlocked - Very Good,$336.99,20220526
4,Apple iPhone XR 64GB Factory Unlocked Smartphone 4G LTE iOS Smartphone - Very,$309.99,20220526
5,Apple iphone 7/7 plus 32GB/128GB Black Gold Unlocked Verizon Tmobile Smartphone,$93.00 to $247.00,20220526
6,Apple iPhone 11 64GB Factory Unlocked 4G LTE Smartphone - Good,$399.99,20220526
7,Apple iPhone 12 Mini 5G 64GB Factory Unlocked TMobile Metro Ultra Mint EXCELLENT,$439.00 to $459.00,20220526
8,Apple iPhone 12 Pro Max - 256GB - Pacific Blue (Unlocked),$574.00,20220526
9,Apple iPhone X - 64GB - Space Gray  A1865 GSM & CDMA UNLOCKED ~MRF~ VERY GOOD!,$274.95,20220526
10,Apple iPhone 8 64GB Factory Unlocked Phone - Very Good,$179.95,20220526
11,Apple iPhone X 64GB Factory Unlocked Phone - Very Good,$307.95,20220526
12,Apple iPhone 8 64GB 256GB Verizon T-Mobile AT&T Unlocked Good Condition,$149.99 to $179.99,20220526
13,"Apple iPhone 7+ Plus - 32GB 128GB GSM ""Unlocked""  ""ALL COLORS"" (GOOD CONDITION)",$188.00 to $208.00,20220526
14,Apple iPhone 11 Pro - 256GB - All Colors (Unlocked) A2160 - Very Good Condition ,$575.99 to $593.99,20220526
15,Apple iPhone 8 Plus - 64GB - Factory Unlocked - Good Condition,$249.00,20220526
16,🔥Apple iPhone SE [1st Gen] 32 / 64 / 128GB Unlocked Smartphone - NEW SEALED🔥,$153.99 to $209.99,20220526
17,Apple iPhone SE 32GB Space Gray Locked Straight Talk & Tracfone A1662 CDMA + GSM,$78.00,20220526
18,Apple iPhone 11 Pro Max A2161 ATT TMob Sprint Verizon Factory Unlocked Very Good,$659.00 to $759.00,20220526
19,Apple iPhone 7 32GB 128GB 256GB Factory Unlocked Excellent Condition,$119.99,20220526
20,Apple iPhone 11 64GB Unlocked Smartphone - Very Good,$417.95,20220526
21,Apple iPhone 8 Plus 64GB Factory Unlocked Smartphone - Good,$234.99,20220526
22,Apple iPhone XR 64GB Factory Unlocked Smartphone 4G LTE iOS Smartphone - Good,$299.99,20220526
23,Apple iPhone XR 128GB Factory Unlocked 4G LTE Smartphone - Good,$314.99,20220526
24,Apple iPhone 8 - 64GB - Gold (Unlocked) A1863 (CDMA + GSM),$149.00,20220526
25,Apple iPhone 11 Pro Max 64GB 256GB 512GB Verizon T-Mobile Good Condition,$549.99 to $679.99,20220526
26,Apple iPhone XS Max - 64GB - Gold (Unlocked) A1921 (CDMA + GSM),$343.00,20220526
27,"Apple iPhone 7 32GB- Gold,Black,Silver Verizon at&t Unlocked Tmobile Smartphone ",$90.00 to $141.00,20220526
28,Apple iPhone 11 - 128GB - All Colors - Fully Unlocked - Very Good Condition ,$476.99 to $485.99,20220526
29,Apple iPhone 11 128GB Factory Unlocked 4G LTE Smartphone - Very Good,$459.99,20220526
30,Apple iPhone 11 - 64GB - Black (Verizon),$399.00,20220526
31,Unlocked Verizon Apple iPhone 8 A1863 Gray 64GB iOS Smartphone Please Read,$149.99,20220526
32,iPhone 11 Pro Max 256GBUnlocked,$517.00,20220526
33,Apple iPhone XS 64GB Factory Unlocked 4G LTE iOS Smartphone - Very Good,$309.99,20220526
34,Apple iPhone 11 Pro Max 64GB Factory Unlocked 4G LTE Smartphone - Very Good,$599.99,20220526
35,Apple iPhone 7 Plus 128GB Factory Unlocked 4G LTE iOS WiFi Smartphone - Good,$197.95,20220526
36,Apple iPhone 8 64GB 256GB GSM Factory Unlocked Verizon AT&T T-Mobile Very Good,$213.00,20220526
37,Apple iPhone SE 2020 - 64GB - Factory Unlocked - Very Good Condition,$249.99,20220526
38,Apple iPhone 8 Plus - 64GB - Space Gray (Unlocked) A1897 (GSM),$125.00,20220526
39,Apple iPhone XS Max - 64gb - Space Gray Unlocked - Great Condition -SHIPS NOW!!!,$399.00,20220526
40,Apple iPhone XR 128GB Factory Unlocked 4G LTE Smartphone - Excellent,$339.99,20220526
41,Apple iPhone 12 Pro Max - 256GB - Silver (Unlocked)  2 CASES INCLUDED,$995.00,20220526
42,Apple iPhone 8 64GB 128GB 256GB Factory Unlocked Excellent Condition,$179.99,20220526
43,Apple iPhone SE 1 Gen 16/32/64/128GB - Fully Unlocked - Sealed in Original Box,$121.99 to $221.99,20220526
44,Apple iPhone 11 Pro Max - 256GB - Silver (AT&T) A2161 (CDMA + GSM),$360.00,20220526
2031,Apple iPhone XR Black 128GB LTE GSM CDMA UMTS,$259.99,20220526
2041,Apple iPhone 11 Pro Max - 256GB - All Colors (Unlocked) - Very Good Condition ,$683.99 to $701.99,20220526
2047,Apple iPhone 12 -64GB- Black (Boost),$500.00,20220526
2048,Open Box - Apple iPhone 12 - 64GB - Blue ( Factory Unlocked ) A2172 GSM & CDMA,$669.69,20220526
2049,Apple iPhone 11 Pro Max - 256GB - Midnight Green (Unlocked) A2161 (CDMA + GSM),$192.50,20220526
2051,Apple iPhone 8 64GB 256GB - Fully Unlocked - New Unused & Sealed in Orginal Box ,$289.99 to $349.99,20220526
2052,Apple iPhone XR - 64GB - All Colors - Fully Unlocked - Very Good Condition ,$350.99 to $359.99,20220526
2059,Apple iPhone XS Max - 64GB - All Colors - Fully Unlocked - Very Good Condition,$377.99,20220526
2060,Apple iPhone 12 Mini Factory Unlocked 64GB 256GB - Very Good Condition,$479.95 to $539.95,20220526
2062,Apple iPhone 8 - 64GB - All Colors - Unlocked - Very Good Condition ,$215.99,20220526
2063,Apple iPhone X 64GB Factory Unlocked AT&T T-Mobile Verizon - Very Good,$279.99,20220526
2064,Apple iPhone 7 Plus - Jet Black A1784 See Description,$3.25,20220526
2065,Apple iPhone 12 Pro A2341 128GB Blue! Clean ESN! Factory Unlocked phone!,$808.74,20220526
2066,"Apple iPhone 7+ Plus 32GB 128GB 256GB GSM ""Factory Unlocked Phone Good Condition",$184.95 to $219.95,20220526
2067,"Apple iPhone 7 32GB 128GB 256GB GSM ""Factory Unlocked"" All Colors Good Condition",$129.95,20220526
2068,Apple iPhone 11 64GB 128GB 256GB Verizon T-Mobile AT&T Good Condition,$369.99 to $519.99,20220526
2069,Apple iPhone 3GS (AT&T) 8GB Black In Box 1st Appearance - GSM 3G - Model A1303,$35.99,20220526
4058,Apple iPhone 11 Pro - 256GB - Gold (Unlocked) A2160 (CDMA + GSM),$450.00,20220526
4069,APPLE IPHONE SE 1st generation 64GB FACTORY UNLOCKED Space Gray,$85.00,20220526
4074,Apple iPhone XR 128GB Factory Unlocked 4G LTE Smartphone - Very Good,$324.99,20220526
4075,Apple iPhone XR 64GB Factory Unlocked Smartphone - Very Good,$309.95,20220526
4076,Apple iPhone 7 - 32GB - Black (TracFone/Total Wireless) A1660 (CDMA + GSM),$79.00,20220526
4080,Apple iPhone 11 (PRODUCT)RED - 128GB (Unlocked) A2111 (CDMA + GSM),$399.00,20220526
4081,Apple iPhone XR 128GB Fully Unlocked (GSM+CDMA) Coral NO FACE ID,$310.00,20220526
4082,Apple iPhone SE (1st Generation) (2016) - 64GB - Space Gray A1662 Used,$56.00,20220526
4085,Open Box Apple iPhone 12 Pro Max - 128GB - Pacific Blue (Unlocked) 😃,"$1,069.42",20220526
4086,SEALED Apple iPhone 6 Plus 16GB Gold (Unlocked) A1522 (GSM) MGC12LL/A - NEW,$164.97,20220526
4089,Apple iPhone 7 (PRODUCT) RED - 128GB - AT&T UNLOCKED ,$175.00,20220526
4090,Apple iPhone 12 Pro Max - 512GB - Gold (Unlocked),$850.00,20220526
4091,Apple iPhone 5c - 8GB - Pink (AT&T) A1532,$29.99,20220526
4094,Apple iPhone 7 Plus - Unlocked - 32GB - Black - Smartphone - Very Good,$189.99,20220526
4095,Apple iPhone XR - 64GB - White (Unlocked) Used,$300.00,20220526
6168,Apple iPhone 11 128 GB Black Black   ,$450.00,20220526
6171,Apple iPhone 8 - 64GB - Space Gray (AT&T) A1905 (GSM),$69.00,20220526
6173,Apple iPhone X 256GB Unlocked Smartphone - Excellent condition,$188.00,20220526
6175,Apple iPhone 11 - 64GB White Unlocked Verizon    Excellent Condition,$415.00,20220526
6176,Apple Iphone 13 128GB unlocked,$764.00,20220526
6178,Apple iPhone 8 64GB Unlocked Smartphone - (A1863),$50.00,20220526
6186,Apple iPhone XR 64GB Black Verizon Unlocked Very Good Condition,$299.99,20220526
6188,IPHONE XR (AT&T) Read,$200.00,20220526
6191,Apple iPhone 6s - 128GB - Gold (Unlocked) A1633 (CDMA + GSM),$50.00,20220526
6194,"Apple iPhone 11 Pro Max 256GB GOLD T-MOBILE, METRO PCS, SIMPLE MOBILE",$689.00,20220526
6198,"Apple iPhone 12, Red, 64GB, T-Mobile, A2172 *Blacklisted *Read Descrip.",$469.99,20220526
6201,Apple iPhone 12 mini 128GB Unlocked  Excellent Condition,$549.00,20220526
6202,Apple iPhone XR 64GB Factory Unlocked Smartphone 4G LTE iOS - Very Good ,$299.99,20220526
6206,Apple iPhone XR - 64GB - Black (Unlocked) A1984 (CDMA + GSM) Smartphone (R73),$0.01,20220526
6207,Apple iPhone 8 Plus - 64GB - Space Gray (Unlocked) A1897 (GSM) Smartphone (AK46),$0.01,20220526
6210,Apple iPhone 7 - 128GB - Black (Unlocked) A1778 (GSM),$63.00,20220526
6212,Apple iPhone XS 256GB Factory Unlocked 4G LTE iOS Smartphone - Very Good,$329.99,20220526
8380,Apple iPhone 8 64GB 256GB Unlocked Straight talk T-mobile AT&T Verizon EXCELLENT,$199.00 to $259.00,20220526
8382,Apple iPhone 11 Pro Max 256 gb silver,$0.99,20220526
8383,Apple iPhone 11 Pro 64GB Gold Verizon Unlocked Please Read,$300.00,20220526
8385,"iPhone 7 Plus (128 GB, Rose Gold, GSM Unlocked)",$179.00,20220526
8387,Apple iPhone XS Max - 512GB - Gold (Unlocked) A1921 (CDMA + GSM),$497.00,20220526
8389,Apple iPhone 11 - 128GB - All Colors - Fully Unlocked (CDMA+GSM)- Good Condition,$449.99 to $476.99,20220526
8392,Apple iPhone 13 Pro Max - 256GB - Graphite (Unlocked),$650.00,20220526
8394,"Apple iPhone 11 (64GB, Black, Unlocked)",$399.00,20220526
8397,Apple iPhone 12 Pro 128GB Ocean Blue Smartphone,$424.00,20220526
8398,Apple iPhone 12 Pro - 128GB - Graphite - UNLOCKED + WARRANTY,$814.97,20220526
8400,iphone x unlocked,$270.00,20220526
8404,Apple iPhone 12 - 64GB - Green (SPECTRUM),$490.00,20220526
8405,Apple iPhone XR - 64GB - Coral (Cricket) A1984 (CDMA + GSM)-EXCELLENT-NO FACE ID,$99.99,20220526
8406,Apple iPhone 11 - 128GB - Black (Unlocked) A2111 (CDMA + GSM),$414.00,20220526
8409,Apple iPhone 13 - 256GB - Blue (Unlocked),$250.00,20220526
8411,Apple iPhone 11 64GB - Black - A2111 - T-Mobile *OPEN BOX *READ Description,$379.99,20220526
8414,Apple - iPhone 13 mini 5G 256GB - Blue (T-Mobile Locked),$699.00,20220526
8416,Apple iPhone 6 - 16GB - Space Gray (AT&T) A1549 (GSM),$50.00,20220526
8417,Apple iPhone 8 - 64GB 256GB GSM Factory Unlocked  AT&T T-Mobile Very Good,$179.95 to $189.95,20220526
8418,Apple iPhone 13 mini - 128GB - Blue (Unlocked) - Only used 2 months!,$689.95,20220526
8419,Apple iPhone 12 Pro Max - Excellent Condition - 128GB - Silver (AT&T),$899.00,20220526
10687,APPLE IPHONE 7 *ALL COLORS* FACTORY UNLOCKED 32GB (VERY GOOD CONDITION),$105.00,20220526
10690,Apple iPhone 12 Pro - 128GB - Graphite (Unlocked),$700.00,20220526
10691,Apple iPhone 13 Pro Max - 256GB - Graphite (Verizon),"$1,050.00",20220526
10692,Apple iPhone 11 Pro Max A2161 ATT T-Mobile Verizon Factory Unlocked - VERY GOOD,$659.00 to $689.00,20220526
10694,Apple iPhone 6s Factory Unlocked Verizon AT&T T-Mobile Smartphone GSM 4G LTE,$119.99 to $134.99,20220526
10696,Apple iPhone SE 2nd Gen. - 64GB - Black (Unlocked),$219.99,20220526
10697,Apple iPhone XS 256GB - All Colors - Fully Unlocked (CDMA+GSM) - Good Condition,$341.99,20220526
10698,Apple iPhone 12 - 128GB - Pacific Blue (T-Mobile),$550.00,20220526
10700,Apple iPhone XR 128GB Black Unlocked No Reserve Free Shipping Great Condition,$200.00,20220526
10707,Apple iPhone 11 - 256GB - All Colors - Fully Unlocked - Very Good Condition ,$485.99 to $512.99,20220526
10710,Apple iPhone XS - 64GB - Space Gray (Unlocked) With Original Box and Contents!,$39.95,20220526
10714,New Apple iPhone 13 - 128GB - Red (Factory Unlocked),$899.00,20220526
10716,Apple iPhone 8 - 64GB - Factory Unlocked - Very Good Condition,$178.99,20220526
10717,Apple iPhone X 64GB/256GB Gray Silver Unlocked Verizon at&t Tmobile Smartphone ,$241.00 to $366.00,20220526
10718,Apple iPhone 11 - 64GB - Purple (Unlocked) A2111 (CDMA + GSM),$450.00,20220526
10724,Apple iPhone 12 - 64GB - Green (Unlocked) INCLUDES ORIGINAL PACKAGING WARRANTY,$0.01,20220526
10725,Apple iPhone 11 64GB PRODUCT(Red) - (T-Mobile) MWJG2LL/A iOS Smartphone,$32.00,20220526
12892,Apple iPhone 12 Pro - 256GB - Graphite (Unlocked) Very Good Slightly Used,$519.00,20220526
12896,Apple iPhone X 64GB GSM Factory Unlocked A1901 Smartphone 4G LTE iOS - Very Good,$289.95,20220526
12898,Apple iPhone 11 - 64GB - Green (Sprint) A2111 (CDMA + GSM),$250.00,20220526
12899,Apple iPhone 12 Mini A2176  64GB CDMA+GSM (Xfinity) Black,$369.00,20220526
12900,Apple iPhone XR - 64GB IC LOCKED (BLACK) Parts Only ,$88.95,20220526
12903,Apple iPhone 7 - 32GB - Factory Unlocked - Good Condition,$99.99,20220526
12907,IMPERFECT - Apple iPhone 6 - 64GB - Space Gray (Unlocked) A1549 (GSM)SOFT HB,$45.99,20220526
12915,Apple iPhone 8 Plus - 64GB - Rose Gold (Verizon) A1864 (CDMA + GSM),$245.00,20220526
12919,Apple iPhone X - 64GB - All Colors - Fully Unlocked (CDMA+GSM) - Good Condition,$305.99,20220526
12924,Apple iPhone 13 - 128GB - Pink (Unlocked),$825.00,20220526
12925,Apple iPhone XS - 256GB - Space Gray (AT&T) ,$164.00,20220526
12927,Apple iPhone 12 Pro A2341 - 128GB - All Colors (Unlocked) - Very Good Condition ,$818.99,20220526
12930,Apple iPhone X 256GB Silver White Unlocked Very Good Condition (lcd Defective ),$200.00,20220526
12931,Apple iPhone 11 Pro Max - 256GB - Space Gray (Unlocked) - Free 2-Day Shipping,$675.00,20220526
12932,Apple iPhone SE 2020 2nd Gen Unlocked  A2275 Black White Red 64GB 128GB 256GB,$279.00 to $369.00,20220526
12933,Apple iPhone 11 Pro Max - 256GB - Gold (AT&T) A2161 (CDMA + GSM),$78.00,20220526
12934,Apple iPhone 8 Plus 64GB 128GB 256GB Factory Unlocked Excellent Condition,$259.99,20220526
12935,White Apple iPhone 4 8GB CDMA 3G Model A1349 *Read Description*              t5u,$12.99,20220526
15196,Iphone 6 64gb T-Mobile,$100.00,20220526
15201,APPLE IPHONE 6 128GB GRAY - A1549 - FACTORY UNLOCKED - WORKS GREAT - LOOK'S GOOD,$2.00,20220526
15204,Apple iPhone 12 mini - 256GB - Green (Unlocked) New Sealed,$549.99,20220526
15210,Apple iPhone 7 Plus - 128GB - Rose Gold Unlocked With Original Box - Mint,$99.00,20220526
15211,Apple iPhone 11 Pro - 64GB - Space Gray (Unlocked) A2160 (CDMA + GSM),$500.00,20220526
15216,"iPhone 7 Plus (A1661) Black, 32 GB Unlocked (AT&T, T-Mobile)",$99.00,20220526
15222,Apple iPhone 7 - 32GB - All Colors - Unlocked - Good Condition ,$139.99 to $174.99,20220526
15225,Apple iPhone 8 Plus 64GB Gold Unlocked Very Good Condition,$240.00,20220526
15234,Apple iPhone 11 Pro - 64GB - Space Gray (Unlocked) A2160 - Excellent Condition ,$100.00,20220526
15236,Excellent Condition Apple iPhone 5s Unlocked 16GB Model Verizon At&t Tmobile,$49.99,20220526
15237,Apple iPhone 8 Plus 256GB Unlocked Smartphone - Very Good,$289.95,20220526
15239,UNLOCKED EXCELLENT Apple iPhone 4S 16GB Verizon A&t T-Mobile MetroPCS TracFone,$34.49,20220526
17498,"Apple iPhone 6s Plus, Fully Unlocked | 32 GB, Gray, 5.5 in | A1687 | Good",$118.02,20220526
17503,Apple iPhone 8 Plus 64GB Factory Unlocked Smartphone - Very Good,$249.99,20220526
17504,Apple iPhone 7 - 32GB - Black (Verizon) A1660 (CDMA + GSM),$85.00,20220526
17505,APPLE IPHONE 6S PLUS - 32GB - A1634 - GRAY - TRACFONE - CLEAN IMEI - LOOKS GOOD,$0.99,20220526
17516,Apple iPhone 6s - 16GB - Space Gray (Unlocked) A1633 (CDMA   GSM),$69.99,20220526
17520,Apple iPhone 8 - 64GB - Space Gray A1905 GSM UNLOCKED ~MRF~ VERY GOOD!,$169.99,20220526
17522,Apple iPhone SE 2nd Gen 64GB - Black - Unlocked - A2275 *NEAR MINT *READ Dscrptn,$249.99,20220526
17523,Apple iPhone X - 64GB - Silver  A1865 GSM & CDMA UNLOCKED ~MRF~ VERY GOOD!,$269.99,20220526
17525,Apple iPhone SE 2nd Gen 2020 128GB Black (Unlocked) Only Wireless Charges,$249.99,20220526
17526,NEW Apple iPhone 8 - 64GB (GSM + CDMA Unlocked) Factory Unlocked Any Carrier,$199.95,20220526
17529,Apple iPhone 11 Pro - 256GB - Midnight Green (Unlocked) A2160 (CDMA + GSM),$625.00,20220526
17531,AT&T unlocked Apple iPhone 8 Plus MQ8T2LL/A 64GB 5.5 in (Space Gray),$73.00,20220526
17532,Apple iPhone 12 Pro - 128GB - Pacific Blue (Unlocked),$750.00,20220526
17534,Apple iPhone X - 256GB - Factory Unlocked - Very Good Condition,$304.99,20220526
17536,Apple iPhone 12 Pro A2341 512GB Gold! Free Fast Delivery! Clean ESN! Unlocked!,$850.75,20220526
17538,iphone 12 pro max 128gb,$700.00,20220526
17539,Apple iPhone SE 2020 GEN 2 Black 64GB Carrier locked to METROPCS ONLY,$160.00,20220526
17540,Apple iPhone 7 Plus - 32GB - Gold (Unlocked) A1661,$159.00,20220526
17541,Apple iPhone 7 Plus Additional I Phone 5 2 For 1. As is. Verizon See details.,$45.00,20220526
19613,Apple iPhone 5 - 16gb - Silver - *GOOD CONDITION/ORIGINAL BOX* (GSM + CDMA) Read,$52.99,20220526
19619,Unlocked Apple iPhone 6s 32GB Space Gray A1633,$0.99,20220526
19622,Apple iPhone 8 - 64GB - Silver (Verizon) A1863 (CDMA + GSM),$150.00,20220526
19623,Apple iPhone 7 (Unlocked) 32GB Black MN8G2LL/A,$1.00,20220526
19627,Apple iPhone 5 16gb - Black - *GOOD CONDITION/ORIGINAL BOX*  *CHRISTMAS SPECIAL*,$46.99,20220526
19633,"iphone 8. plus 64 GB, WHITE COLOR, UNLOCKED",$189.99,20220526
19636,Apple iPhone 7 - 32GB - Black A1660 (CDMA + GSM)  - Extras,$66.00,20220526
19638,Apple iPhone 5 16GB Black (Verizon) A1429 GSM  Used.Fair Condition,$20.00,20220526
19644,Apple iPhone 3Gs (AT&T) Smartphone 8GB Black - GSM 3G - Model A1303,$17.99,20220526
19645,Apple iPhone X - 64GB - Space Gray  A1901 GSM UNLOCKED ~MRF~ VERY GOOD!,$273.99,20220526
19646,Apple iPhone SE 2020 - 64GB - Black (Unlocked) A2275 Excellent Condition,$255.00,20220526
19648,Apple iPhone SE 2nd Gen 64GB 128GB 256GB Fully Unlocked Good Condition,$239.99 to $329.99,20220526
19650,Apple iPhone 5C - 16gb - White - *GREAT CONDITION* - GSM (AT&T),$42.99,20220526
19651,Apple iPhone 8 - 64GB - Fully Unlocked (CDMA+GSM) - Very Good Condition,$164.99,20220526
19653,Apple iPhone 8 - 64GB - Silver (Unlocked) A1905 (GSM),$94.00,20220526
19655,Apple iPhone 12 Pro Max - 512GB - Pacific Blue (Unlocked),$899.00,20220526
19656,Apple iPhone 7 - 128GB - Black (Verizon) A1660 (CDMA + GSM),$69.00,20220526
19657,Apple iPhone XR (PRODUCT)RED 64GB Unlocked,$255.00,20220526
21736, Apple iPhone SE 2nd Gen. - 64GB - Black (Unlocked) A2275,$199.00,20220526
21737,Apple iPhone 11 64GB Purple AT&T Very Good Condition,$211.00,20220526
21739,"APPLE IPHONE 7, 32GB, BLACK AT&T UNLOCKED ",$109.99,20220526
21744,Lot of (5) Apple iPhones XR - 64GB -Black (Verizon) (CDMA + GSM),$600.00,20220526
21747,Apple iPhone 7 Plus 32GB Unlocked Smartphone - Very Good,$179.95,20220526
21749,Apple iPhone 13 mini - 128GB - Midnight (Unlocked) With Apple Accessories MINT!,$679.00,20220526
21751,Apple iPhone 12 Mini Factory Unlocked 64GB Smartphone 5G - Fair Condition,$409.95,20220526
21753,Apple iPhone 7 32GB Matte Black Verizon Unlocked Good Condition,$119.99,20220526
21754,Apple iPhone XR - 64GB - white (Unlocked) ,$288.00,20220526
21755,Apple iPhone XR - 64GB - White (AT&T) *READ Description* !OFFERS OPEN!,$191.69,20220526
21762,"Apple iPhone SE 1st Gen 32GB, Space Gray, Unlocked, Used ",$85.00,20220526
21763,Apple iPhone 8 - 64GB - Space Gray (Verizon) A1863 (CDMA + GSM),$138.00,20220526
21766,Apple iPhone 6S - 16GB - rose gold (Unlocked),$50.00,20220526
21768,Apple iPhone X - 64GB - Space Gray (Unlocked) A1901 (GSM),$265.00,20220526
21771,Apple iPhone XS Max - 64GB - Space Gray GSM & CDMA UNLOCKED -A1921 - ~VERY GOOD!,$364.99,20220526
21772,Apple iPhone 13 mini - 512GB - Midnight (AT&T),$600.00,20220526
23846,Apple iPhone X 256GB Space Gray Unlocked Very Good Condition,$320.00,20220526
23848,Apple iPhone 12 Pro - 512GB - Pacific Blue (Unlocked),$895.00,20220526
23854,Apple iPhone 7 32GB T-Mobile / Metro PCS - 4G Smartphone Black - GOOD,$99.99,20220526
23855,Apple iPhone X 64GB Space Gray Unlocked Good Condition,$250.00,20220526
23856,Apple iPhone 8 Plus - 256GB - All Colors - Fully Unlocked - Good Condition,$238.00,20220526
23862,Apple iPhone 11 Pro - 64GB - Silver (AT&T) A2160 (CDMA + GSM),$449.99,20220526
23867,Apple iPhone SE [1st Gen] 32 / 64 / 128GB Unlocked Smartphone - NEW SEALED,$153.99 to $209.99,20220526
23870,Used Apple iPhone XS - 64GB - GOLD - Unlocked - Excellent Condition CDMA + GSM,$50.00,20220526
23877,Apple iPhone 12 Black 64GB (AT&T & Cricket) A2172 (CDMA + GSM) Factory Sealed,$20.50,20220526
23882,Apple iPhone 11 64GB Factory Unlocked 4G LTE Smartphone - rough,$380.00,20220526
23883,Apple iPhone 12 Pro - 256GB - Graphite (Unlocked),$850.00,20220526
23884,Apple iPhone SE - 128GB - Space Gray (Unlocked) A1662- With Extras..........L@@K,$99.00,20220526
23885,Apple iPhone 12 - 128GB - Black (AT&T). Mint Condition. ,$550.00,20220526
25872,Apple iPhone 11 64GB Factory Unlocked 4G LTE Smartphone - Very Good,$389.99,20220526
25873,Apple iPhone 13 - 128GB - Blue (T-Mobile),$400.00,20220526
25875,Apple iPhone 11 - 256GB - Silver (Unlocked) A2160 (CDMA + GSM),$363.00,20220526
25877,Apple iPhone XS 64GB Factory Unlocked 4G LTE iOS Smartphone - Excellent,$325.00,20220526
25881,Apple iPhone 6s - 64GB - Gold - Unlock TLP-12,$74.99,20220526
25886,Apple iPhone 7 Plus - 128GB - Silver (Unlocked) A1661 (CDMA + GSM),$0.99,20220526
25891,Apple iPhone 11 - 64GB - White (T-Mobile) A2111 (CDMA + GSM),$340.00,20220526
25892,Apple iPhone 12 Pro - 128GB - Graphite (AT&T),$805.00,20220526
25901,Apple iPhone 11 - 64GB - White - Fully Unlocked Smartphone A2111 - Very Good,$384.99,20220526
25905,Apple iPhone 8 Plus - 256GB - Gold (AT&T) A1897 (GSM),$200.00,20220526
25906,Apple iPhone X - 64GB - All Colors - Fully Unlocked - Very Good Condition ,$314.99 to $332.99,20220526
25911,Apple iPhone 13 Pro Max - 128GB - Sierra Blue (Unlocked),"$1,399.99",20220526
28081,Apple iPhone XR Black 128GB A1984 LTE GSM CDMA Verizon Unlocked,$292.99,20220526
28089,Apple iPhone 12 Pro Max 128GB Graphite Unlocked 5G With Box And Accessories,"$1,085.00",20220526
28090,Apple iPhone 6S 32GB Unlocked Smartphone - Rose Gold (A1633) Excellent Condition,$0.99,20220526
28094,Apple iPhone 11 - 64GB - White (Unlocked) A2111 (CDMA + GSM),$100.00,20220526
28101,Apple iPhone 11 Pro Max - 64GB - Gold (Unlocked) A2161 (CDMA + GSM),$500.00,20220526
28102,Apple iPhone 12 Pro Max - 256GB - Pacific Blue (T-Mobile) Clean IMEI,$800.00,20220526
28103,Apple iPhone 12 mini 128GB T-Mobile ONLY Excellent Condition,$489.99,20220526
28111,Apple iPhone 8 64GB Space Gray Verizon Unlocked Good Condition,$169.99,20220526
28113,Apple iPhone 8 64GB Factory Unlocked Smartphone - Very Good,$179.99,20220526
30202,NEW*  Apple iPhone 12 Pro Max 128GB | Factory Unlocked | All Colors!,$999.99,20220526
30203,Apple iPhone 8 - 64GB - Rose Gold (Sprint Tmobile) A1863 (CDMA + GSM),$70.00,20220526
30206,Apple iPhone 8 Plus - 64GB - Gold (Unlocked) A1864 (CDMA + GSM),$220.00,20220526
30217,Apple iPhone 12 Mini Factory Unlocked & Others - 64GB 128GB 256GB - Very Good,$389.95 to $539.95,20220526
30218,Apple iPhone 12 - 64GB - Purple (Verizon) (Sealed) *READ*,$680.00,20220526
30221,Apple iPhone 7 32GB GSM Factory Unlocked 4G LTE iOS WiFi Smartphone,$109.99,20220526
30226,Apple iPhone XR - 64GB - Blue (Unlocked) A1984 (CDMA + GSM),$199.99,20220526
30228,Apple iPhone 8 64GB Factory Unlocked Smartphone - Good,$169.99,20220526
30229,Apple iPhone 12 Pro 128GB Gold Verizon Smartphone MGK33LL/A,$749.00,20220526
30232,Apple iPhone XR White 64GB Unlocked (GSM+CDMA) MT312LL/A,$250.00,20220526
30233,Apple iPhone 11 (PRODUCT)RED - 64GB (Xfinity) A2160 (CDMA + GSM),$180.00,20220526
30238,Apple iPhone 6S Plus 64GB Unlocked Smartphone - Very Good,$134.95,20220526
32220,Apple iPhone 12 mini - 128GB - Black (Unlocked),$499.99,20220526
32230,Apple iPhone 11 - 64GB - Black (T-Mobile) A2111 (CDMA + GSM) *FREE Shipping*,$379.00,20220526
32232,Apple iPhone 8 - 64GB - All Colors - Unlocked - Good Condition ,$199.99,20220526
32236,(Mint) Apple iPhone X - 256GB - Space gray Unlocked ,$250.00,20220526
32242,New/SEALED Apple iPhone 13 (6.1”) 128GB STARLIGHT (WHITE) A2482 FOR T-MOBILE,$759.00,20220526
32245,Apple iPhone XS 64GB Unlocked Smartphone - Very Good,$274.99,20220526
32250,Apple iPhone SE Locked Smartphone - used - pre owned,$23.80,20220526
32252,Apple iPhone 7 - Factory Unlocked - 128GB - Jet Black - Smartphone - Good,$109.99,20220526
32254,Apple iPhone 13 Pro Max - 1TB - Sierra Blue (Verizon),"$1,275.00",20220526
32255,Apple iPhone XS - 64GB - Space Gray (Unlocked) A1920 (CDMA + GSM),$269.00,20220526
32258,Apple iPhone XS Max - 64GB - Gray (Unlocked) A1921 (CDMA + GSM),$120.00,20220526
32259,Apple iPhone 7 - Factory Unlocked - 128GB - Silver - Smartphone ,$94.99,20220526
32260,Apple iPhone 12 mini - 256GB - Blue (Unlocked),$575.00,20220526
32264,Apple iPhone 12 Mini White 64GB Straight Talk / Total Wireless ,$425.00,20220526
34336,Apple iPhone 7 Red 128GB A1660 LTE GSM CDMA Verizon Unlocked - Good,$126.99,20220526
34338,Apple iPhone 7 Rose Gold 128GB A1660 LTE GSM CDMA Verizon Unlocked -Good,$126.99,20220526
34341,Apple iPhone 12 5G 64GB Smartphone Factory Unlocked Open Box,$619.98,20220526
34342,Apple iPhone 7 32GB (unlocked )*Read*74,$85.99,20220526
34348,Apple iPhone 8 64GB 128GB  256GB  Unlocked Verizon AT&T T-Mobile Sprint,$195.00 to $314.99,20220526
34353,Apple iPhone 7 128GB Unlocked Smartphone - Very Good,$119.95,20220526
34354,Apple iPhone 12 Pro - 256GB - Graphite (Unlocked). AMAZING CONDITION!,$0.01,20220526
34356,"Apple iPhone 8, 64 GB, Rose Gold, Tmobile, Unlocked",$135.00,20220526
34357,Apple iPhone 12 - 64GB - Blue (Unlocked),$640.00,20220526
34362,Apple iPhone 12 5G 128GB Smartphone Factory Unlocked Open Box,$689.99,20220526
34371,Apple iPhone 6 Plus - 16GB - Gold (Unlocked) A1524 (CDMA + GSM),$80.00,20220526
34377,Apple iPhone 7 - 32GB - Black (AT&T) A1778 (GSM) USED - Good Condition,$75.00,20220526
34378,Apple iPhone 6s A1633 64GB CDMA+GSM (AT&T) Space Gray,$65.00,20220526
34380,NEW*  Apple iPhone 12 Pro | 256GB Silver | Unlocked Verizon AT&T T-Mobile Metro,$899.99,20220526
34381,Apple iPhone XS Max 64GB Unlocked Smartphone - Very Good,$349.99,20220526
34382,Apple iPhone XS 256GB Unlocked Smartphone - Very Good,$319.95,20220526
36644,Apple iPhone 11 Pro Max Dual SIM Card 256GB - Space Gray (Unlocked) A2220 Rare,$820.00,20220526
36646,AS-IS Apple iPhone 12 5G 64GB Black - (T-Mobile) MGFL3LL/A iOS Smartphone,$0.99,20220526
36653,Apple iPhone 11 - 64GB - All Colors - Fully Unlocked (CDMA+GSM) - Good Condition,$459.99,20220526
36654,Apple iPhone 7 - Factory Unlocked - 128GB - Silver - Smartphone - Good,$104.99,20220526
36657,Apple iPhone 12 Mini 5G 128GB White - (Verizon) MG6N3LL/A iOS Smartphone,$0.99,20220526
36660,Apple iPhone 11 Pro Max - 64GB - Space Gray (Unlocked) A2161 (CDMA   GSM),$629.99,20220526
36662,Apple iPhone SE 2nd Gen. (PRODUCT)RED - 256GB (Unlocked) A2275 (CDMA + GSM),$295.00,20220526
36663,"Apple iPhone 11 64GB 6.1"" 4G LTE Locked for T-Mobile Smartphone Good",$354.99,20220526
36666,Apple iPhone XS Max 256gb Silver A1921 (Unlocked) Damaged Read Carefully ND1793,$249.32,20220526
36670,Apple iPhone 8 Plus 64GB / 256GB - Factory Unlocked Smartphone - Very Good,$244.99 to $284.99,20220526
36672,Apple iPhone 12 - 64GB - Red- For Parts Only **blacklisted** ic locked**,$180.00,20220526
36679,Apple iPhone XR 64GB 4G LTE (Factory Unlocked) T-Mobile AT&T Verizon Good,$268.99,20220526
38855,Apple MN9D2LL/A iPhone 7 (Unlocked) Smartphone 32GB - Black,$99.95,20220526
38865,iPhone 11 Pro Max - Gold - 256GB - Sprint/T-Mobile,$550.00,20220526
38869,USED - Apple iPhone 4 - 8GB - White (Verizon) A1349 (CDMA),$20.00,20220526
38883,Unlocked Apple iPhone 13 128GB Starlight White MLMM3LLA,$780.00,20220526
38891,Apple iPhone 11 Pro Max - 256GB - Space Gray (Verizon) A2161 (CDMA + GSM),$700.00,20220526
38892,Apple iPhone 8 - 64GB - Space Gray - Verizon MDM Remote Management -,$110.00,20220526
38894,Apple iPhone 12 Pro Max - 128GB - Pacific Blue (Unlocked),$880.00,20220526
41060,Apple iPhone 7 Rose Gold 256GB A1660 LTE GSM CDMA Verizon Unlocked - Good,$137.99,20220526
41061,Apple iPhone SE 2nd Gen MX9A2LL/A A2275 64gb Unlocked White ,$180.97,20220526
41073,Apple iPhone XR - 128GB - Yellow (Verizon) A1984 (CDMA + GSM),$285.00,20220526
41074,Apple iPhone XR 64GB 4G LTE T-Mobile AT&T Verizon Factory Unlocked Very Good,$279.98,20220526
41079,Apple iPhone XS Max - 256GB - Space Gray (Unlocked) A1921 (CDMA + GSM),$250.00,20220526
41081,Apple iPhone X - 256GB - Space Gray  A1865 GSM & CDMA UNLOCKED ~MRF~ VERY GOOD!,$287.99,20220526
41087,iPhone 12 Pro Max 128GB Cricket ONLY Great Condition ,$770.00,20220526
41088,Apple iPhone 8 64GB 256GB Unlocked Straight talk T-mobile AT&T Verizon GOOD,$165.00 to $205.00,20220526
41092,Apple iPhone 11 Pro - 64GB - Midnight Green (Unlocked) A2160 (CDMA + GSM),$445.00,20220526
41095,Apple iPhone XR - 64GB -Black (Unlocked) A1984 (CDMA + GSM)~SRF~ VERY GOOD!,$269.99,20220526
41098,Apple iPhone 8 Plus (PRODUCT)RED - 64GB - (Unlocked) A1864 (CDMA + GSM),$150.00,20220526
41099,Apple iPhone XR - 128GB - Yellow (Unlocked) A1984 (CDMA   GSM),$212.50,20220526
41100,Apple iPhone 7 Plus - 32GB - Silver (Unlocked) Smartphone - Clean ESN,$159.95,20220526
43188,Apple iPhone 12 Blue 64GB Factory Unlocked Original Box and Iphone Only,$494.99,20220526
43190,Apple iPhone 7 Plus 128GB Rose Gold Unlocked ,$150.00,20220526
43195,Apple iPhone 11 - 256GB - Black (Unlocked) A2111 (CDMA + GSM),$549.99,20220526
43200,Apple iPhone X - 64GB - Space Gray (Factory Unlocked) A1901 (GSM),$240.00,20220526
43204,Apple iPhone XR - 64GB - Black - Unlocked - Excellent Condition - A1984,$300.00,20220526
43213,Apple iPhone 8 Plus 64GB Unlocked Smartphone - Very Good,$254.95,20220526
43215,Apple iPhone XS Max - 256GB - Silver (Unlocked) EXCELLENT CONDITION,$182.50,20220526
45209,Apple iPhone 13 Pro - 128GB - Sierra Blue (Unlocked),$295.00,20220526
45220,Apple iPhone X - 256GB - Silver (Unlocked) A1901 (GSM),$260.00,20220526
45223,Apple iPhone 7 - Factory Unlocked - 128GB - Black - Smartphone - Good,$104.99,20220526
45233,Apple iPhone 12 Pro Max - 128GB - Pacific Blue - Excellent Condition (Unlocked),$605.00,20220526
45235,Apple iPhone 11 64GB Black Unlocked Good Condition,$344.99,20220526
45236,Apple iPhone 6S Fully Unlocked (Any Carrier)  GSM/CDMA 16GB 32GB 64GB 128GB Good,$103.95 to $113.95,20220526
45237,Apple iPhone 13 - 128GB - Midnight (Verizon),$740.00,20220526
45241,Unlocked Apple iPhone SE 2nd Gen. 2020 64GB Black - Model A2275,$230.00,20220526
45244,Apple iPhone 8+ Plus - 64GB 256GB Factory GSM Unlocked  AT&T T-Mobile Very Good,$249.95 to $284.95,20220526
49434,Apple iPhone 7 Plus - 32GB - Rose Gold - Fully Unlocked - Excellent Condition.,$220.00,20220526
49442,Apple iPhone 11 (PRODUCT)RED - 128GB (Unlocked) A2111 (CDMA + GSM) Excellent Con,$445.00,20220526
49444,Apple iPhone 5C - 8GB - Blue (Unlocked) (Read Description) AG1091,$1.25,20220526
49446,Apple iPhone 6s - 16GB - All Colors - Fully Unlocked - Very Good Condition,$79.99,20220526
49454,Apple iPhone 8 - 64GB - Space Grey (Straight Talk)(9/10 Great Condition),$130.00,20220526
49456,Apple iPhone 8-64GB-Space Gray (Verizon) (CDMA + GSM) UNLOCKED,$129.99,20220526
49457,Gray Apple iPhone 6 CDMA+GSM Unlocked 16GB model A1549                      b7j,$55.99,20220526
49459,Apple iPhone XR - 64GB - All Colors - Fully Unlocked (CDMA+GSM) - Good Condition,$287.99 to $296.99,20220526
49465,Apple iPhone 11 - 64GB - Factory Unlocked - Very Good Condition,$364.99,20220526
49467,Apple iPhone 12 White  64GB (AT&T & Cricket) A2172 (CDMA + GSM) Factory Sealed,$305.00,20220526
49471,Apple iPhone 8+ - 64GB - Gold (TMobile) (Read Description) AG1100,$2.25,20220526
51562,Apple iPhone 11 Pro - 64GB - All Colors - Unlocked - A2160 - Good Condition ,$529.99 to $549.99,20220526
51567,Apple iPhone SE 2nd Gen. (PRODUCT)RED - 64GB (Xfinity) A2275 (CDMA   GSM),$119.00,20220526
51574,Apple iPhone 11 64GB 128GB 256GB AT&T Sprint T-Mobile Unlocked Verizon Very Good,$359.99 to $499.99,20220526
51581,Apple iPhone 12 Pro A2341 256GB Silver Unlocked device Free Ship - Free extras,$2.25,20220526
51587,"Lot of Four iPhones (5, 5, 5C, SE)",$60.00,20220526
51591,Apple iPhone 7 Plus 128GB Unlocked Smartphone - Very Good,$207.95,20220526
51593,Apple iPhone 11 Pro Max 64GB Unlocked Smartphone - Very Good,$574.95,20220526
53667,Apple iPhone 12 Pro Max - 128GB - Gold (Unlocked) (44901-1),$949.99,20220526
53671,Apple iPhone 13 Pro Max - 128GB - Silver (AT&T),$649.00,20220526
53700,Apple iPhone 7 Plus - 128GB - Factory Unlocked - Good Condition ,$189.99,20220526
53702,Apple iPhone 12 mini - 128GB - Blue (Unlocked),$332.00,20220526
53707,Apple iPhone 12 - 128gb - Unlocked -Factory Warranty- Factory Sealed!,$729.00,20220526
55786,Apple  13 - 128GB - Blue (locked),$600.00,20220526
55794,Apple iPhone 6s - 16/32/64 GB - Space Gray (Unlocked)  (CDMA  & GSM) VERY GOOD ,$79.99 to $99.99,20220526
55800,Apple iPhone 7 - 32GB - Black  A1778 (UNLOCKED) USED - Good Condition,$89.00,20220526
55803,Apple iPhone XR - 64GB - Black (Sprint) A1984 (CDMA + GSM),$255.00,20220526
55808,Apple iPhone 8 Plus - 64GB - Factory Unlocked - Very Good Condition,$254.99,20220526
55823,Apple iPhone X - 256GB - Silver - Fully Unlocked 4G Smartphone A1865 Very Good,$274.99,20220526
55825,Apple iPhone 12 Pro Max Unlocked 128/256/512gb Silver/Pacific Blue/Gold/Graphite,"$1,199.99 to $1,579.99",20220526
57899,Apple iPhone 11 Pro Max 256GB Space Gray Verizon Unlocked Good Condition,$592.99,20220526
57901,Apple iPhone SE (2nd Gen.) 64GB Black Verizon Clean IMEI IOS 15.3 *READ* | C342,$119.99,20220526
57909,Apple iPhone 12 Pro 256GB Pacific Blue Unlocked Very Good Condition,$754.99,20220526
57916,Apple iPhone 6s - 32GB - Rose Gold A1688 (CDMA + GSM),$59.99,20220526
57925,Apple iPhone XS Max - 64GB - All Colors - Fully Unlocked - Good Condition,$323.99,20220526
57927,Apple iPhone 11 - 64GB - All Colors - Fully Unlocked - Very Good Condition ,$368.99,20220526
57928,"SEALED - Apple iPhone 13 mini 128GB Midnight (T-Mobile, MLHM3LL/A)",$669.98,20220526
57934,Factory Unlocked 🔥 Apple 🔥 iPhone 12 Mini 64GB 5G 🔥 Excellent Condition,$489.00,20220526
57935,Apple iPhone 7 - 32GB / 128GB / 256GB - Factory Unlocked - Smartphone - Good,$99.99 to $119.99,20220526
57938,Apple iPhone 4 - 8GB - White Locked to AT&T  A1332 (GSM),$19.99,20220526
60033,Apple iPhone 11 - 128GB - Purple (Unlocked) A2111 (CDMA + GSM),$312.00,20220526
60045,Apple iPhone 12 mini (5G) Factory Unlocked GSM+CDMA 256GB | 128GB | 64GB,$449.88,20220526
60048,Apple iPhone XR - 128GB - Black (Verizon) A1984 (CDMA + GSM),$23.50,20220526
60052,Apple iPhone XS Max 256GB Unlocked Smartphone - Very Good,$399.95,20220526
60056, Apple iPhone 6 - 16GB - Space Gray (Verizon/Unlocked) A1549 NR (A4),$39.99,20220526
62228,Apple iPhone 8 Plus - 64GB - Space Gray (Unlocked) A1897 (GSM) Used,$135.00,20220526
62230,Apple iPhone 12 Pro - 128gb - Graphite Unlocked,$699.99,20220526
62251,Apple iPhone 12 Pro Max - 256GB - Pacific Blue (Unlocked) (CA),$899.00,20220526
62254,Apple iPhone SE 2nd Gen. - 64GB - Black (Unlocked) A2275 (CDMA + GSM),$220.00,20220526
62257,Apple iPhone 12 - 64GB - Blue Unlocked) New/Sealed,$680.00,20220526
62258,Apple iPhone X - 256GB - Factory Unlocked - Good Condition,$259.95 to $269.95,20220526
62265,Apple iPhone 6S 64GB Unlocked Smartphone - Very Good,$92.95,20220526
64535,Apple iPhone 8 - 128GB - Space Gray (Unlocked) A1863 (CDMA   GSM),$85.00,20220526
64553,Apple iPhone XR - 128GB - All Colors - Fully Unlocked - Very Good Condition ,$287.99 to $305.99,20220526
64561,Apple iPhone 11 Pro Verizon AT&T T-Mobile GSM Factory Unlocked Phone - Very Good,$449.95 to $539.95,20220526
64562,Apple iPhone 6s Plus - 128GB - Space Gray (Verizon),$125.00,20220526
64565,Apple iPhone 7 - 128GB - Black (Unlocked) A1660 (CDMA + GSM) NICE!!,$99.00,20220526
64567,iphone 12 64gb verizon,$50.00,20220526
64572,Apple iPhone 11 Pro Max - 64GB - Midnight Green (Unlocked) A2161 (CDMA + GSM),$615.00,20220526
66837,NEW. Sealed iPhone SE 2020 (2nd generation) 64GB - (Cricket Wireless) White,$189.00,20220526
66867,Apple iPhone X - 256 GB - All Colors - Fully Unlocked - Very Good Condition ,$314.99 to $319.49,20220526
66870,Apple iPhone 12 64GB  |  SPECTRUM LOCKED | Very Good,$549.99,20220526
66871,Apple iPhone 6 - 64GB - Unlocked - Very Nice Condition 90 DAY WARRANTY,$0.99,20220526
69041,Apple iPhone XS - 64GB - All Colors - Unlocked (CDMA+GSM) - Very Good Condition ,$296.99,20220526
69054,Apple iPhone SE 2nd Gen (2020 Model) - 64GB Black (Unlocked) New in The Box,$599.99,20220526
69059,Apple iPhone 12 Pro Max 128GB (Unlocked),$749.99,20220526
69061,Apple iPhone 11 - 128GB - Black (AT&T) A2111 (CDMA + GSM),$89.00,20220526
69063,iphone 12 Pro Max 256gb Graphite W/Applecare,$925.00,20220526
69066,Apple iPhone XR 128GB - All Colors - Fully Unlocked (CDMA+GSM) - Good Condition,$269.99 to $278.99,20220526
69073,Apple iPhone 13 - 128GB - Blue (AT&T),$629.99,20220526
69074,Apple iPhone XR - 64GB - Black (Verizon) A1984 (CDMA + GSM),$200.00,20220526
69077,Apple iPhone 11 - 64GB - Factory Unlocked - Good Condition,$364.99,20220526
69079,Apple iPhone 13 Pro MAX 5G 256GB Sierra Unlocked CLEAN ESN APPLE WARRANTY A2484,"$1,239.99",20220526
69080,Apple iPhone XR - 64GB - Black (Unlocked) A1984 (CDMA + GSM),$160.50,20220526
71154,Apple iPhone 11 Purple 64 GB *100% UNLOCK ELIGIBLE* BRAND NEW IN BOX,$450.00,20220526
71161,Apple iPhone 13 - 512GB - Blue (Verizon) - Factory Sealed,$899.00,20220526
71174,100% BH - Apple iPhone 12 Pro A2341 - 128GB Gold (Unlocked) Excellent Condition ,$750.00,20220526
71188,Apple iPhone 12 - 64GB / 128GB (UNLOCKED)  ✅APPLE WARRANTY ✅ ⚫⚪🔴🔵 ✤NEW SEALED✤,$718.95 to $798.95,20220526
71198,Apple iPhone 12 Pro Max- 128GB- Gold (Unlocked),$825.00,20220526
73188,Apple iPhone X - 64GB - Space Gray- Fully Unlocked 4G Smartphone A1865 Very Good,$259.99,20220526
73194,Apple iPhone SE - 64GB - Factory Unlocked - Good Condition,$69.99,20220526
73207,Apple iPhone 7 Red 128GB A1660 LTE GSM CDMA Verizon Unlocked - Very Good,$132.99,20220526
73209,Apple iPhone 8 Plus - 64GB - All Colors - Fully Unlocked - Good Condition,$269.99 to $278.99,20220526
73218,Apple iPhone 11 Pro Max - 64GB - Midnight Green (Unlocked) A2161 (CDMA + GSM),$102.50,20220526
73219,Apple iPhone 11 - 128GB - Factory Unlocked - Good Condition,$389.99,20220526
73222,Apple iPhone X 64GB 256GB GSM Factory Unlocked  Cell Phone Grey Silver Very Good,$249.95 to $279.95,20220526
75125,Apple iPhone XR (PRODUCT)RED - 128GB - (Unlocked) A1984 (CDMA + GSM),$273.19,20220526
75129,Apple iPhone 6 Plus 16GB 64GB 128GB Factory Unlocked AT&T T-mobile Verizon Good,$107.95 to $143.99,20220526
75131,Apple iPhone 12 mini A2176 256GB Green! Unlocked phone! Excellent condition!,$519.75,20220526
75148,Apple iPhone 6s - 128GB - Silver (Unlocked) A1633 (CDMA + GSM),$85.00,20220526
75157,Apple iPhone XS Max - 64GB - Space Gray - Fully Unlocked,$350.00,20220526
75159,Apple iPhone X 256GB Unlocked Smartphone - Very Good,$299.95,20220526
77335,Apple iPhone 12 Pro 128GB Pacific Blue Unlocked Very Good Condition,$719.99,20220526
79186,Apple iPhone 12 - 128GB - All Colors - Unlocked Smartphone - Very Good Condition,$749.99 to $759.99,20220526
79216,Apple iPhone 8 Plus Smartphone 64GB CDMA & GSM Unlocked - Good,$239.98,20220526
81202,Apple iPhone 13 Pro Max - 512GB - Sierra Blue (AT&T) LOCKED,$450.00,20220526
81203,Apple iPhone 12 mini (5G) Factory Unlocked GSM+CDMA 256GB 128GB |64GB Excellent,$439.88 to $449.88,20220526
81206,Apple iPhone 13 Pro Max - 128GB - Graphite (AT&T),$900.00,20220526
81210,IPhone SE 2020 128GB Red with all original accessories and box,$50.00,20220526
81211,Apple iPhone 11 64GB 128GB 256GB AT&T Sprint T-Mobile Unlocked Verizon Good,$337.99 to $434.99,20220526
81221,Apple iPhone XR 64GB Factory Unlocked Smartphone 4G LTE iOS Smartphone -,$279.99,20220526
81226,Apple iPhone 12 Pro 128/256/512GB AT&T Sprint TMobile Unlocked Verizon Very Good,$649.99 to $789.99,20220526
81231,Apple iPhone 11 Pro Max - 64GB - Midnight Green A2161 (CDMA + GSM),$519.00,20220526
81242,Apple iPhone 8 Plus 64GB Fully Unlocked Verizon T-Mobile AT&T Good Condition,$209.99 to $239.99,20220526
81243,Apple iPhone XS Max - 512GB - FACTORY UNLOCKED -  A1921 - Space Gray - Good,$387.99,20220526
83315,Apple iPhone X - 64GB - Space Gray- T-Mobile 4G Smartphone A1865 Very Good,$259.99,20220526
83318,Apple iPhone 11 Pro Max - 64GB - Space Gray (Unlocked) A2161 (CDMA + GSM),$550.00,20220526
83319,Apple iPhone XR - 64GB - Blue (AT&T) A1984 (CDMA + GSM),$200.00,20220526
83340,Apple iPhone X  256GB  A1865  (Unlocked),$204.50,20220526
83346,Apple iPhone 11 - 64 / 128 / 256 - Factory Unlocked - Smartphone - Very Good,$374.99 to $444.99,20220526
83347,Apple iPhone XR - 64GB - Black IC LOCKED FOR PARTS,$130.00,20220526
83350,Apple iPhone 11 Pro - 64GB - All Colors (Unlocked) A2160 - Very Good Condition ,$467.99 to $494.99,20220526
83351,Apple iPhone 8 64GB / 256GB Factory Unlocked Smartphone - Very Good,$159.99 to $189.99,20220526
83352,"Brand new apple Iphone 12 pro max 512gb unlocked VERIZON ""PACIFIC BLUE""",$980.00,20220526
83353,Apple iPhone 7 - 128GB - Black - Unlocked - Smartphone - Very Good,$119.99,20220526
83354,Apple iPhone 13 Pro Max - 256GB - Sierra Blue (Unlocked),"$1,373.07",20220526
83355,Apple iPhone 11 - 64GB - Black (AT&T) A2111,$330.00,20220526
83359,Apple iPhone XS Max 256gb Gold A1921 (Unlocked) Reduced Price NW2850,$314.95,20220526
85432,Apple iPhone 7 Plus - 32GB - Black (Unlocked) A1661 (CDMA + GSM),$30.00,20220526
85434,Apple iPhone 12 Pro 128GB Gold T-Mobile Good Condition,$626.99,20220526
85435,Apple iPhone SE 2nd Gen. - 64GB - Black (Boost Mobile) A2275 (CDMA + GSM),$160.00,20220526
85451,IPHONE SE 2ND GEN 2020 WHITE UNLOCKED Any Carrier 64GB Great Condition,$50.00,20220526
85458,Apple iPhone X - 64GB - Space Gray (AT&T) A1901 (GSM),$190.00,20220526
85462,Apple iPhone X - 256GB - Space Gray (Unlocked) A1865 (CDMA + GSM),$289.99,20220526
85466,Apple iPhone 12 Pro Max 128GB  Pacific Blue (Blacklisted ) IC LOCKED FOR PARTS,$190.00,20220526
85468,Apple iPhone 7 Plus - 128GB - Factory Unlocked - Very Good Condition ,$209.99,20220526
85473,Apple iPhone 7 Plus - 128GB - Silver (Unlocked) A1661 (CDMA + GSM) PLEASE READ,$77.00,20220526
85475,"New Sealed Apple iPhone SE (2nd Gen, 2020) 64GB (Factory Unlocked) All Colors",$351.99,20220526
85476,Apple iPhone 8 Plus 64GB 256GB Factory Unlocked Smartphone A1864 Brand New US,$359.99 to $435.99,20220526
87639,Apple iPhone 13 Pro Max 256GB -Blue A2483 (T-Mobile)  WARRANTY,"$1,100.00",20220526
87643,Gold Apple iPhone SE (1st Gen) CDMA+GSM Unlocked 16GB model A1662            m8r,$58.88,20220526
87651,Gray Apple iPhone SE (1st Gen) CDMA+GSM Unlocked 64GB model A1662            m7r,$65.99,20220526
87667,Apple iPhone 11 Pro Max 64GB Midnight Green Unlocked Good Condition,$515.00,20220526
87676,Apple iPhone 11 - 64GB - Black (Unlocked) READ DESCRIPTION,$320.00,20220526
87678,Apple iPhone 7 - 32GB - All Colors - Unlocked - Very Good Condition ,$124.99 to $149.99,20220526
87684,Apple iphone 8 black unlocked,$100.00,20220526
89864,APPLE IPHONE 8 PLUS/64GB/TMOBILE/SILVER/FAIR CONDITION + FREE SHIP,$180.90,20220526
89876,Apple iPhone XR 64GB Factory Unlocked - Smartphone AT&T Verizon - Very Good,$259.99,20220526
89883,"Apple iPhone SE (2020) 64GB (Unlocked) 4.7"" Black",$219.99,20220526
89888,Apple iPhone X - 256GB - GSM Unlocked - Very Good Condition,$264.95,20220526
89889,Apple iPhone XR - 64GB - Coral Sprint  (Unlocked) W/Original Box. Excellent Cond,$300.00,20220526
89890,Apple iPhone 11 Verizon AT&T T-Mobile GSM Factory Unlocked  Cell Phone Very Good,$349.95 to $409.95,20220526
89895,"Apple iPhone SE (2020) 64GB (Unlocked) 4.7"" Black A2275",$189.99,20220526
92152,Apple iPhone SE 64 GB *Read Description*,$70.00,20220526
92156,iphone 13 pro max new,$250.00,20220526
92160,Rose Apple iPhone SE (1st Gen) Fully Unlocked 64GB model A1662               o2r,$65.99,20220526
92168,Apple iPhone 7 - 32GB - Black (Sprint) A1660 (CDMA + GSM),$85.00,20220526
92172,Gray Apple iPhone SE (1st Gen) Fully Unlocked 64GB model A1662               o3r,$65.99,20220526
92177,Apple iPhone 6 Plus Cell Phone 128GB A1524 (CDMA & GSM) Model MGD12LL/A w/cases,$0.99,20220526
92180,Apple iPhone XR 64GB 128GB 256GB - Factory Unlocked Smartphone - Very Good,$259.99 to $299.99,20220526
92183,Apple iPhone 11 Pro Max 64/256/512GB AT&T Sprint T-Mobile Unlocked Verizon Good,$555.99 to $641.99,20220526
92188,APPLE IPHONE 11 64GB (A2111) - T-MOBILE - CLEAN IMEI - WORKS GREAT - SEE PICS,$0.99,20220526
92189,Apple iPhone SE 2nd Gen. (PRODUCT)RED - 64GB (T-Mobile) A2275 (CDMA + GSM),$106.86,20220526
92193,Apple iPhone 11 - 128GB - Black (T-Mobile) A2111 (CDMA + GSM),$480.99,20220526
92194,Apple iPhone 8 64GB Unlocked Smartphone - Space Gray (A1863),$139.99,20220526
92196,Apple iPhone XR - 128GB - Black Unlocked (pre owned),$295.00,20220526
94457,Apple iPhone 12 Pro 128GB 256GB 512GB AT&T T-Mobile Verizon Sprint Unlocked,$729.00 to $899.00,20220526
94458,Apple iPhone 12 Pro Max 128GB 256GB 512GB AT&T T-Mobile Verizon Sprint Excellent,$869.00 to $949.00,20220526
94471,⭐ Factory Unlocked ⭐ IPHONE 8 PLUS GOLD 64GB - NO TOUCH ID,$179.00,20220526
94482,Apple iPhone X - 256GB - All Colors - Fully Unlocked (CDMA+GSM) - Good Condition,$275.00,20220526
94486,Apple iPhone XS Max Gold 64GB A1921 LTE GSM CDMA Verizon Unlocked - Very Good,$370.99,20220526
94488,iPhone 12 mini unlocked Blue 64GB Heavy Wear Everything Works,$299.00,20220526
94490,Apple iPhone 12 Pro A2341 128GB AT&T T-Mobile Verizon Unlocked Good Condition ,$699.00,20220526
94496,Apple iPhone 11  Black 64GB (Unlocked) A2111 (CDMA + GSM) Unlocked  Good Cond,$349.95,20220526
94497,Apple iPhone XR 64GB 4G LTE (Factory Unlocked) T-Mobile AT&T Verizon Excellent,$279.95,20220526
94499,Apple iPhone 12 Mini 64GB 128GB 256GB AT&T T-Mobile Verizon Sprint Excellent,$419.00 to $539.00,20220526
94502,Apple iPhone 12 Pro Max - 128GB (Unlocked),$488.25,20220526
96763,Apple iPhone X - 256GB - Space Gray- Fully Unlocked Smartphone A1865 Very Good,$274.99,20220526
96764,Apple iPhone 13 - 128GB - Midnight (Unlocked),$699.99,20220526
96769,Apple iPhone 12 Pro - 256GB - Pacific Blue (Unlocked),$0.01,20220526
96772,Apple iPhone XR - 64GB - Black (Unlocked) T-Mobile / Sprint (Excellent Cond),$120.61,20220526
96774,Apple iPhone 12 64GB 128GB 256GB AT&T T-Mobile Verizon Sprint Unlocked Excellent,$609.00,20220526
96778,Apple iPhone 13 Pro Max - 128GB - Gold (Unlocked) Phone Works Bought About 3 Min,$400.00,20220526
96791,Apple iPhone XS 🍎 64GB Space Gray Verizon AT&T Fully Unlocked 📱 Grade B,$239.99,20220526
96802,VERIZON APPLE IPHONE SE 2ND GEN 64GB MHG43LL/A  BLACK CLEAN few scratches nice,$210.00,20220526
96803,Apple iPhone SE 2nd Gen 64GB Unlocked Smartphone - Very Good,$219.95,20220526
99067,Apple iPhone 8 Plus - 64GB - Gold - GSM Unlocked - Smartphone,$136.99,20220526
99077,Apple iPhone 6 16GB 64GB 128GB Factory Unlocked GSM SmartPhone Very Good,$76.99 to $94.99,20220526
99080,Apple iPhone SE (2020) (White) 64GB T-Mobile,$159.99,20220526
99085,"Apple iPhone 7 Plus - 32GB - Rose Gold (Unlocked) A1661 T-Mobile, AT&T, Verizon",$169.99,20220526
99093,Apple iPhone 7 - 128GB - Jet Black (Unlocked) A1660 (CDMA + GSM),$119.95,20220526
99097,"Apple iPhone SE (1st Gen) GSM Unlocked 32GB *MDM Bypassed, Read Description* p1r",$29.99,20220526
99101,Apple iPhone 7 Plus - 32GB - Factory Unlocked - Very Good Condition ,$189.99,20220526
99104,Apple iPhone 5s (AT&T) 32 GB  Space Grey Used,$39.99,20220526
99110,Apple iPhone 11 Pro Max  - 256GB - Factory unlocked - White Silver Color,$670.00,20220526
101278,Apple iPhone 12 Pro Max 5G - 256GB - Gold (Unlocked) *MINT CONDITION*,"$1,050.00",20220526
101284,Apple iPhone X - 256GB - Silver - Fully Unlocked Smartphone A1865 Very Good,$274.99,20220526
101286,Apple iPhone 6s - 32GB - All Colors - Fully Unlocked - Very Good Condition,$89.99,20220526
101288,Apple iPhone 8 Plus - 256GB - Space Gray - GSM Unlocked - Smartphone,$169.99,20220526
101290,Apple iPhone 13 - 512GB - Blue (Unlocked),$999.00,20220526
101293,Apple iPhone XR Factory Unlocked - 128 GB - RED - GOOD CONDITION,$197.50,20220526
101297,Apple iPhone 11 Pro 64GB 256GB 512GB Verizon T-Mobile AT&T Good Condition,$369.99 to $479.99,20220526
101298,Apple iPhone SE 2nd Gen. - 64GB - Black (Unlocked Verizon) A2275 (CDMA + GSM),$176.58,20220526
101311,Apple iPhone X 64GB 256GB Factory Unlocked AT&T T-mobile Verizon Good,$238.99 to $258.99,20220526
101317,Apple iPhone 7 - 128GB - Silver (Unlocked) A1778 (GSM),$90.00,20220526
103398,Apple iPhone 1st Gen 2G - 16GB With Iphone 3gs Box,$259.99,20220526
103400,Apple iPhone X - 64GB - Silver - Fully Unlocked Smartphone A1865 Very Good,$259.99,20220526
103405,Apple iPhone 12 Pro Max - 128GB - Graphite (Unlocked) (CA),$475.00,20220526
103421,Apple iPhone 11 Pro Max -256GB-Space Gray Unlocked A2161 (CDMA + GSM) VERY GOOD!,$599.99,20220526
103424,Apple iPhone X - 64GB - Factory Unlocked - Good Condition,$234.99,20220526
103429,Apple iPhone 8 Plus - 64GB - Space Gray - GSM Unlocked - Smartphone,$136.99,20220526
105539,Apple iPhone X - Factory GSM Unlocked - 64GB / 256GB - Gray / Silver,$259.99,20220526
105547,Apple iPhone 12 - 64GB - Blue (Unlocked) - Clean ESN,$385.00,20220526
107627,Apple iPhone XR 64GB  Unlocked AT&T T-Mobile Verizon Good Condition,$199.00,20220526
107635,Apple iPhone XR White 128GB A1984 LTE GSM CDMA Verizon Unlocked - Good,$292.99,20220526
107648,Apple  iPhone 7 - 32GB - Black - (GSM) Unlocked - Smartphone - Very Good,$104.99,20220526
107652,"Apple iPhone 3GS - 8GB - Black (AT&T) A1303 (GSM) Bundle, Good Condition",$39.75,20220526
107657,Apple iPhone 8 64GB Factory Unlocked AT&T T-Mobile Gray Smartphone - Very Good,$159.99,20220526
107665,Apple iPhone XS Max - 64GB Unlocked) Space Silver Gold - Good Condition,$309.95,20220526
109664,Apple iPhone X - 64GB - Space Gray - T-Mobile Smartphone 4G LTE A1865 Very Good,$259.99,20220526
109671,Apple iPhone 11 Pro Max 256GB Space Gray Unlocked Good Condition,$539.99,20220526
109674,New ListingApple iPhone 8 - 64GB - Silver (Verizon),$140.00,20220526
109676,New ListingApple iPhone 12 Pro Max 128GB -AT&T Sprint T-Mobile Verizon Unlocked,$789.00,20220526
109688,New ListingApple iPhone 8 - 64GB - Gold (Unlocked) Good Condition,$109.95,20220526
109689,New ListingApple iPhone 11 RED - 128GB (AT&T) GREAT CONDITION FULLY FUNCTIONING,$402.78,20220526
111775,Apple iPhone 7+ Plus Verizon Unlocked 128GB GSM AT&T T-Mobile Good Condition ,$199.99,20220526
111785,Iphone12 mini - BLUE - 256 GB - UNLOCKED - MG6X3LL/A - BUNDLE - MINT,$495.00,20220526
111788,Apple iPhone Thirteen 13 - 128GB Starlight (Unlocked/ Resellers Flex Policy) New,$775.00,20220526
111790,Apple iPhone X 64GB Factory Unlocked AT&T T-Mobile Gray Smartphone - Very Good,$244.99,20220526
111792,Apple iPhone 11 Pro 256GB Green Unlocked Verizon T-Mobile AT&T Good Condition,$449.99,20220526
111793,Apple iPhone SE 2nd Gen. (PRODUCT)RED - 64GB (Unlocked) A2275 (CDMA + GSM),$191.78,20220526
111808,Apple iPhone XS 64GB 256GB 512GB Unlocked Verizon T-Mobile AT&T Good Condition,$219.99 to $269.99,20220526
113984,Apple iPhone 12 Mini | 256 GB | Fully Unlocked | Good Condition,$519.00,20220526
113987,Apple iPhone 12 -64GB- Black (Unlocked)  Apple warranty valid until sept 2022,$569.99,20220526
113994,MINT Apple iPhone 11 Pro Max - 256GB - Gold (Unlocked) A2161 (CDMA + GSM),$460.00,20220526
114000,Apple iPhone XS Max 256GB Verizon GSM Unlocked T-Mobile AT&T LTE Good Condition,$369.97,20220526
116188,Apple iPhone 8 - 64GB - Gold - GSM Unlocked - Smartphone,$136.99,20220526
116199,Apple iPhone XS Max - 256GB - Space Gray Unlocked A1921 (see description),$100.00,20220526
116200,Apple iPhone 8 - 64GB - Space Gray - GSM Unlocked - Smartphone,$136.99,20220526
116210,Apple iPhone 13 (PRODUCT)RED - 128GB - (Unlocked)Brand New,$868.00,20220526
116212,"Apple iPhone 11 64GB 6.1"" 4G LTE Factory Unlocked Smartphone Open Box",$369.99,20220526
116213,Apple iPhone 6S 16GB 32GB 64GB 128GB (Unlocked) Gold Gray Rose - Good Cond,$85.00,20220526
118389,Apple iPhone XR - 64GB - Coral - GSM Unlocked - Smartphone,$214.99,20220526
118400,"Apple iPhone 11 Pro, 256GB Excellent Condition ""Mint"" (Free 2 Day Ship)",$499.99,20220526
118409,Brand New Apple iPhone 13 Pro Max - 1TB - Silver (Unlocked),"$1,300.00",20220526
118427,Apple iPhone 11 128GB Factory Unlocked 4G LTE Smartphone - Excellent,$429.99,20220526
118429,Apple iPhone XR 64GB 128GB 256GB GSM Factory Unlocked Cell Phone Very Good,$254.95 to $309.95,20220526
118430,Apple iPhone 13 - 128gb - Factory Sealed - Factory Warranty - UNLOCKED!,$818.00,20220526
120273,Apple iPhone 12 Pro 128/256/512GB ATT Sprint T-Mobile Unlocked Verizon Very Good,$787.99,20220526
122111,Apple iPhone XR - 64GB - Factory Unlocked - Good Condition,$249.99,20220526
122113,Apple iPhone X Gray 64GB A1865 LTE GSM CDMA Verizon Unlocked - Good,$236.99,20220526
122127,iphone 8 plus 64gb unlocked,$200.00,20220526
122129,Apple iPhone 7 - 32GB - Black (unlocked),$0.99,20220526
122131,Apple iPhone 5s - 16GB - Space Gray (Verizon) A1533 (CDMA + GSM),$30.00,20220526
124223,Apple iPhone 12 Pro Max - 128GB - Gold (Unlocked) (CA),$850.00,20220526
124231,Apple iPhone 8 64GB Factory Unlocked Verizon AT&T T-Mobile Sprint Very Good,$169.00,20220526
126164,Apple iPhone 12 Pro - 128GB - Gold (T-Mobile) BRAND NEW INSIDE BOXED,$799.99,20220526
126168,Apple iPhone 11 Pro Max Green 64GB A2161 LTE GSM CDMA Verizon Unlocked-Very Good,$564.99,20220526
126169,Apple iPhone X - 256GB - Space Gray (Unlocked) A1901 (GSM),$152.50,20220526
126172,Apple iPhone 13 - 512 GB  EUC,"$1,000.00",20220526
126178,Apple iPhone SE 2nd Gen Factory Sealed 64GB Red (Cricket Wireless Only) NIB,$150.00,20220526
126181,Apple iPhone XR - 64GB - Coral (Sprint) A1984 (CDMA + GSM),$125.32,20220526
126182,Apple iPhone 13 Pro - 256gb - Factory Sealed - Factory Warranty - UNLOCKED!,"$1,119.00",20220526
128089,Apple iPhone X - 64GB - Space Gray - GSM Unlocked - Smartphone,$210.99,20220526
128095,Apple iPhone 11 Pro Max -256GB- Silver Unlocked A2161 (CDMA + GSM) -VERY GOOD!,$589.99,20220526
128103,Apple iPhone 12 - 128GB - All Colors - Unlocked Smartphone - Good Condition ,$593.99,20220526
128104,Mint Condition Apple iPhone 13 mini - 128GB - Blue - GSM Unlocked + More,$599.99,20220526
128116,NEW Apple iPhone 13  128GB BLUE (FULLY Unlocked) A+ GRADE 100% BATTERY,$758.99,20220526
129945,Apple iPhone 13 Pro Max - 256gb - Factory Sealed - Factory Warranty - Unlocked!,"$1,219.00",20220526
129949,Apple iPhone 13 Pro Max - 128GB - Sierra Blue (T-Mobile Only),$920.00,20220526
129953,Apple iPhone XR Black 128GB A1984 LTE GSM CDMA Verizon Unlocked - Good,$282.99,20220526
129957,Apple iPhone XR - 64GB -Black (Unlocked) A1984 (CDMA + GSM)~SRF~ -VERY GOOD,$244.77,20220526
131964,Apple iPhone SE 1st Generation 16GB /32GB /64Gb /128GB Smartphone Unlocked #1B1 ,$79.99 to $119.99,20220526
131976,Apple iPhone 8 64GB 128GB 256GB Unlocked Verizon AT&T T-Mobile Sprint - Very Goo,$169.00,20220526
133993,Apple iPhone XR - 128GB - Yellow (Unlocked) Box and Headphones Included NR,$0.99,20220526
133998,Apple iPhone 7 - Factory Unlocked - 32GB 128GB 256GB - Smartphone - Excellent,$124.99 to $149.99,20220526
134009,Apple iPhone 7 - 32GB - Black (Unlocked) A1660.  Good Condtion,$79.99,20220526
134012,Apple iPhone XR - 128GB - Black - Factory Unlocked,$265.00,20220526
134013,Apple iPhone 7 Plus - 32GB - Rose Gold (Verizon) A1661 - Great Condition,$175.00,20220526
134015,Apple iPhone 11 - 128GB - Green (Unlocked) A2111 (CDMA + GSM),$250.00,20220526
134017,Apple iPhone 11 - 128GB - Yellow (AT&T),$350.00,20220526
136015,Apple iPhone 12 Pro Max - 128GB - Gold (Unlocked) was on AT&T,$0.01,20220526
136019,Apple iPhone 7 Plus - 32GB - Rose Gold (Verizon) VERY GOOD condition! ,$81.33,20220526
136033,"Apple iPhone SE (2nd Gen, 2020) 64GB (Factory Unlocked) All Colors + Warranty",$265.19,20220526
136038,Apple iPhone 7 GSM Unlocked Smartphone 32GB 128GB 256GB,$124.99 to $149.99,20220526
136040,Apple iPhone 13 mini - 128GB - Pink (Unlocked),$0.99,20220526
136041,Apple iPhone XR (PRODUCT)RED - 64GB -A1984 (CDMA + GSM) READ DESCRIPTION ￼,$320.00,20220526
138043,Apple iPhone XR RED - 64GB - (Verizon Unlocked) A1984 Cracked Screen & Back,$169.95,20220526
138048,Apple iPhone XR 64GB A1984 Blue (Unlocked) Smartphone ,$229.95,20220526
138049,Apple iPhone 6s 64GB - Space Gray - Factory Unlocked - A1688 - (CDMA+GSM).,$89.00,20220526
138055,Apple iPhone 11 - 256GB - Yellow (Unlocked) A2111 (CDMA + GSM),$380.00,20220526
138067,Unlocked iPhone SE 2020 (2nd Gen),$150.00,20220526
140143,Factory Unlocked 🔥 Apple 🔥 iPhone SE 2020 128GB 🔥 Excellent Condition,$255.00,20220526
140161,Apple iPhone SE Black 2020 64gb Unlocked,$190.00,20220526
140176,Apple iPhone X 256GB Factory Unlocked AT&T T-Mobile Gray Smartphone - Very Good,$259.99,20220526
140177,Apple iPhone X - 256GB - Space Gray - GSM Unlocked - Smartphone,$219.99,20220526
140184,"Apple iPhone X 256GB| 64GB GSM/ CDMA Factory Unlocked- ""Very Good""",$249.88,20220526
142374,Apple A1586 Gray 16GB US Cellular iPhone 6,$39.99,20220526
142378,Apple iPhone SE 1St Gen Fully Unlocked GSM/CDMA 16GB (very good),$69.99,20220526
142379,Apple iPhone X 256GB Factory Unlocked Smartphone Very Good,$286.00,20220526
142387,Apple iPhone 12 Mini - 256GB - All Colors - Unlocked - Very Good Condition ,$494.99 to $512.99,20220526
142388,Apple iPhone 11 Pro Max - 256GB - Space Gray A2161 (CDMA   GSM) MWFT2LL/A ,$3.25,20220526
142392,Apple iPhone 12 Pro - 128GB - Graphite (Unlocked) MINT CONDITION,$819.99,20220526
144575,"Apple iPhone 11 64GB 6.1"" 4G LTE Factory Unlocked Smartphone Very Good",$349.99,20220526
144580,Apple iPhone 11 - 128GB - Yellow (Unlocked) A2111 (CDMA + GSM),$229.66,20220526
144581,Pre-Owned Apple iPhone 13 Pro - 256GB - Graphite (Unlocked) ,$929.00,20220526
144583,Apple iPhone X - 64GB - Space Gray  A1865 GSM & CDMA UNLOCKED ~MRF~ -GOOD!,$233.77,20220526
146769,Factory Unlocked 🔥 Apple 🔥 iPhone SE 2020 64GB 🔥 Excellent Condition,$219.00,20220526
146779,Apple iPhone XR - 64GB - Unlocked - PLEASE READ 90 DAY WARRANTY,$1.25,20220526
146784,Apple iPhone 13 Pro Max - 256GB - Alpine Green (Sealed & Unlocked),"$1,599.00",20220526
146800,Apple iPhone XR - 128GB - Unlocked - Nice Condition 90 DAY WARRANTY,$32.00,20220526
146805,Apple iPhone 11 Black 64GB A2111 LTE GSM CDMA Verizon Unlocked,$331.99,20220526
148906,Apple iPhone 12 -64GB Unlocked✅APPLE WARRANTY ✅SEALED NEW IN BOX !!,$599.99,20220526
148920,Apple iPhone 11 Pro Max Verizon AT&T T-Mobile GSM Factory Unlocked  - Very Good,$519.95 to $619.95,20220526
151103,Apple iPhone 13 5G 128GB Midnight MLML3LL/A T-Mobile Smartphone,$649.00,20220526
151114,Apple iPhone 12 Pro - 128GB - Gray - Unlocked – 9620,$0.99,20220526
151116,Apple iPhone XR - 128GB - Black (Unlocked) A1984 (CDMA + GSM),$162.00,20220526
151118,"Apple iPhone 11 Pro Max, A2161, 64GB, Unlocked, Excellent Condition",$489.99,20220526
151125,Apple iPhone 8 - 256GB - Space Gray - GSM Unlocked - Smartphone,$169.99,20220526
151128,Apple iPhone X Gray 256GB A1865 LTE GSM CDMA Verizon Unlocked,$228.99,20220526
151137,Iphone 11 Unlocked 64 GB Used ,$198.00,20220526
153317,Apple iPhone 13 Pro Max - 128GB - Sierra Blue (Read Ad),$600.00,20220526
153319,Apple iPhone 12 Pro Max - 128GB - Graphite (Unlocked),$850.00,20220526
153331,Apple iPhone 8 Plus 256gb Unlocked Straight talk Tmobile AT&T Verizon EXCELLENT,$269.00 to $299.00,20220526
153343,Apple iPhone 11 Pro Max 64gb Verizon - Midnight Green,$465.00,20220526
153345,Apple iPhone XR - 128GB - Blue (Verizon) A1984 (CDMA + GSM),$127.50,20220526
155433,Apple iPhone SE2 - 256GB - Unlocked - Excellent Condition - 90 DAY WARRANTY,$0.99,20220526
155435,Apple iPhone SE 2020 2nd Gen. 64GB Factory Unlocked Smartphone - Good,$199.99,20220526
155438,Apple iPhone 8 PLUS - Gold 64GB - GSM - Nice Condition 90 DAY WARRANTY,$175.50,20220526
155440,Apple iPhone XR - 64GB - Unlocked - Very Nice Condition 90 DAY WARRANTY,$202.50,20220526
155443,Apple iPhone XS Max - 256GB - Unlocked  - Fully Functional - 90 DAY WARRANTY,$6.50,20220526
155448,Apple iPhone X 64GB Factory Unlocked AT&T T-Mobile Smartphone - Very Good,$235.00,20220526
155452,Apple iPhone SE - 16GB - Silver (AT&T) A1662 (CDMA + GSM),$21.20,20220526
155459,Apple iPhone 11 Pro 256GB - Unlocked - Working PLEASE READ 90 DAY WARRANTY,$0.99,20220526
155462,Apple iPhone 7 - 32GB - Black (Boost Mobile) A1660 (CDMA + GSM),$60.00,20220526
155463,Apple iPhone 11 Pro Max - 64GB - AT&T - Excellent Condition 90 DAY WARRANTY,$0.99,20220526
157747,(10/10 Condition) Apple iPhone 12 Pro Max - 128GB - Pacific Blue (AT&T),$675.00,20220526
157750,Apple iPhone XR - 64GB - All Colors - Fully Unlocked - Excellent,$270.00,20220526
157751,"OB Apple iPhone 12 Pro 128/256/512GB Blue,Gold,Silver,Graphite GSM+CDMA Unlock",$749.99,20220526
157752,Apple iPhone XR 64GB Factory Unlocked 4G LTE iOS Smartphone - Very Good,$245.00,20220526
157753,Apple iPhone 12 Pro | 128GB Gold | Factory Unlocked | Good Condition,$649.99,20220526
157756,"✅ New Apple iPhone SE (2nd Gen, 2020) 64GB (Factory Unlocked) All Colors ⚫️🔴⚪️",$359.99,20220526
157758,Apple iPhone XR White 128GB A1984 LTE GSM CDMA Verizon Unlocked - Very Good,$292.99,20220526
157762,Apple iPhone 13 Pro Max - 128gb - Factory Sealed - Factory Warranty - Unlocked!,"$1,195.00",20220526
157767,Apple iPhone XR 128GB Unlocked Smartphone - Very Good,$279.95,20220526
159950,Gray Apple iPhone 5s GSM Unlocked 16GB iOS 8.4 Unteathered Jailbroken        f3s,$38.88,20220526
159958,Apple iPhone XR A1984 ATT Sprint T-Mobile Verizon Factory Unlocked - EXCELLENT -,$299.00,20220526
159961,Apple iPhone 11 Purple 64GB A2111 LTE GSM CDMA Verizon Unlocked - Good,$366.99,20220526
159965,Apple iPhone X 256GB Space Gray Unlocked Verizon T-Mobile AT&T Good Condition,$249.99,20220526
159968,Apple iPhone 8 64GB GSM Factory Unlocked Smartphone,$159.99,20220526
159974,Apple iPhone 11 Pro Factory Unlocked (CDMA+GSM) - 64GB 256GB - Very Good ,$424.95 to $489.95,20220526
162139,NEW Apple iPhone 13 Pro Max - 1TB -Gold (Factory Unlocked) SEALED IN BOX,$799.00,20220526
162168,Apple iPhone 6s  Silver 16GB (CDMA + GSM) - Fully Unlocked - Very Good Condition,$80.00,20220526
164349,Apple iPhone XR | 64GB Factory Unlocked | 4G LTE iOS Smartphone Good,$232.00,20220526
164352,Apple iPhone 8 64/128/256GB AT&T T-Mobile Verizon Sprint Factory Unlocked Good,$179.99,20220526
164391,Apple iPhone 8 Plus (PRODUCT)RED Factory Unlocked LTE Smartphone - Acceptable -,$199.99,20220526
164392,Apple iPhone 11 64GB Unlocked Verizon ATT T-Mobile GSM CDMA Smartphone Very Good,$359.99,20220526
166590,Apple iPhone 11 Pro Max - 256GB - Silver (Unlocked),$400.00,20220526
166591,Apple iPhone 6s | A1688 Unlocked | IOS 15.4 | 32GB Storage | 2GB Ram |Space Gray,$64.99,20220526
166599,Apple iPhone 7 - 128GB - Black (Unlocked) (GOOD CONDITION),$118.00,20220526
168799,APPLE IPHONE SE SILVER 32GB A1723 UNLOCKED - FREE SAME DAY SHIPPING! ,$59.99,20220526
168802,Silver Apple iPhone SE (1st Gen) Fully Unlocked 64GB model A1662             i6u,$65.99,20220526
168810,"Apple iPhone 11 64GB 6.1"" 4G LTE Factory Unlocked Smartphone Good",$349.99,20220526
170799,Apple iPhone X - Factory GSM Unlocked - 64GB / 256GB - Gray / Silver - Very Good,$249.99,20220526
170835,Apple Iphone 11 Fully Unlocked All Colors 64GB - Very Good,$359.00,20220526
170836,FREE SHIP! Apple iPhone XR - 128GB - Blue (Unlocked),$325.00,20220526
173030,Apple iPhone 8 Plus 64GB 128GB 256GB Fully Unlocked AT&T T-mobile Verizon Good,$228.95 to $264.99,20220526
173035,Apple iPhone 12 - 128GB - Purple (T-Mobile),$460.00,20220526
173042,Apple iPhone 12 Pro Max | 128GB Pacific Blue | Factory Unlocked | Good,$959.99,20220526
173044,Apple iPhone 11 Pro Max - 64GB - Factory Unlocked - Excellent Condition 9/10,$569.99,20220526
175232,Apple iPhone 6s - 16GB - Space Gray (T-Mobile),$60.00,20220526
175248,Apple iPhone XS Max 256GB Verizon GSM Unlocked T-Mobile AT&T Very Good Condition,$369.97,20220526
175252,Apple iPhone 11 128GB Unlocked Smartphone - Very Good,$399.95,20220526
177257,Apple iPhone 13 5G 128GB Starlight - (T-Mobile) MLMM3LL/A iOS Smartphone A2482,$599.00,20220526
177259,Apple iPhone XR - 64GB - Unlocked - Very Nice + Condition 90 DAY WARRANTY,$0.99,20220526
177266,Apple iPhone SE2 - 64GB - Unlocked - Excellent Condition 90 DAY WARRANTY,$0.99,20220526
177268,Apple iPhone 8 - 256GB - AT&T - Nice Condition - 90 DAY WARRANTY,$0.99,20220526
177271,Apple iPhone 8 PLUS - 64GB - Unlocked - Working - 90 DAY WARRANTY,$0.99,20220526
177273,Apple iPhone X 64gb Unlocked Straight talk T-mobile AT&T Verizon Metro EXCELLENT,$235.00,20220526
177274,Apple iPhone 7 Plus - 128GB - Rose Gold (Unlocked) Verizon Unlocked Good Cond.,$179.00,20220526
177280,New & Sealed - Apple iPhone 12 MINI 64GB Black LTE - Locked to Straight Talk ,$409.00,20220526
179456,Apple iPhone XS 64GB - 256GB - 512GB - All Colors - Fully Unlocked - Very Good,$269.00 to $318.00,20220526
179473,Apple iPhone 6s  Silver 16GB (CDMA + GSM) - Fully Unlocked - Excellent Condition,$90.00,20220526
179474,Apple iPhone 6s - 64GB - Space Gray (Verizon) A1688 (CDMA + GSM),$85.00,20220526
179479,Apple iPhone 12 Mini - 256GB - All Colors - Unlocked - Good Condition ,$458.99,20220526
179480,"Apple iPhone 7 PLUS + 5.5"" Factory Unlocked GSM SmartPhone 32GB 128GB 256GB",$199.95,20220526
179484,"Apple iPhone 12 Pro, A2341, 128GB, Unlocked, Excellent (Free Ship)",$659.99,20220526
181382,Apple iPhone 12 Pro Max - 256GB - All Colors (Unlocked) - Very Good Condition ,$888.24,20220526
181389,Apple iPhone 11 A2111 64/128/256GB Sprint Verizon T-Mobile AT&T Unlocked Good,$309.99 to $319.99,20220526
181411,Apple iPhone XR 64GB Factory Unlocked AT&T T-Mobile Verizon Very Good Condition,$229.95,20220526
181412,Apple iPhone 13 Pro - 128GB - Gold (Unlocked),$600.00,20220526
181421,Apple iPhone 8 Factory Unlocked 4G LTE Smartphone - Used,$129.99,20220526
181422,Apple iPhone 7 Plus - 32GB - Rose Gold (T-Mobile) A1784 (GSM),$105.99,20220526
181423,Apple iPhone XS  - 64GB - Silver (Sprint) A1921 (CDMA + GSM),$160.00,20220526
183425,Apple iPhone XR - 128GB -Black (Unlocked) A1984 (CDMA + GSM)~SRF~ VERY GOOD!,$248.99,20220526
183434,Apple iPhone SE 2nd Gen 2020 64GB 128GB Fully Unlocked SmartPhone Very Good,$204.95 to $244.95,20220526
183439,Apple iPhone 12 mini - 64GB - Blue (Unlocked),$389.00,20220526
183441,Apple iPhone XS Max 512GB Verizon GSM Unlocked T-Mobile AT&T Very Good Condition,$389.97 to $399.97,20220526
183448, Apple iPhone 12 Pro Max 128GB | Factory Unlocked | All Colors!,$799.99,20220526
185629,Apple iPhone 12 Pro Max | 128GB Pacific Blue | Factory Unlocked | Good Condition,$779.99,20220526
185631,Apple iPhone 12 256GB Black Unlocked - NEW & SEALED,$775.99,20220526
185634,Apple iPhone XR - 128GB -Black (Unlocked) A1984 (CDMA + GSM)~SRF~ GOOD!,$248.99,20220526
185643,Apple iPhone 11 Pro - 64GB - All Colors (Unlocked) A2160 - Excellent Condition ,$450.49 to $473.44,20220526
185650,Apple iPhone 12 Pro Max - 128GB - All Colors (Unlocked) - Excellent Condition ,$879.74 to $888.24,20220526
185655,Apple iPhone 11 64GB Unlocked Verizon ATT T-Mobile GSM CDMA Smartphone A2111,$309.99,20220526
185656,Apple iPhone 7 Plus - 32GB - All Colors - Unlocked - Good Condition,$149.99,20220526
187850,Apple iPhone 8 64GB Factory Unlocked Smartphone - Space Gray (A1863) EXCELLENT,$169.00,20220526
187853,Apple iPhone 11 Pro Max - 256GB - Gold (Verizon) A2161 (CDMA + GSM),$750.00,20220526
187860,Apple iPhone XR 64GB Factory Unlocked Smartphone Very Good Condition ,$217.00 to $332.00,20220526
187866,Apple iPhone 11 Pro Max 256GB Unlocked Good Condition (Free Ship),$524.99,20220526
189946,Apple iPhone X 256GB A1901 Unlocked GSM Phone - Space Gray (Very Good),$219.98,20220526
189965,Apple iPhone 6 - 16GB - Space Gray - (AT&T) A1549 (GSM) - EXCELLENT CONDITION,$45.99,20220526
189974,"Apple iPhone 11 64GB 6.1"" 4G LTE Factory Unlocked Smartphone Used",$309.99,20220526
189976,Apple iPhone 11 - 64GB - Factory Unlocked - Excellent Condition,$379.99,20220526
189982,🔥 Factory Unlocked  Apple iPhone 11 Pro A2160 -64GB- Gray [Grade A]🔥,$399.00,20220526
192179,Apple iPhone 11 64GB Factory Unlocked 4G LTE Smartphone - Excellent,$354.99,20220526
192191,Apple iPhone 12 Pro Max - 256GB - Silver (Unlocked),$500.00,20220526
194289,Apple iPhone X - 64GB - Silver  A1901 GSM UNLOCKED ~MRF~ VERY GOOD!,$209.99,20220526
194298,Apple iPhone 12 128GB Factory Unlocked AT&T T-Mobile Verizon Very Good Condition,$579.95,20220526
196515,Apple iPhone 12 Mini 5G 64/128/256GB Factory Unlocked- Good Condition ,$369.99 to $399.99,20220526
196516,Apple iPhone X 64GB Factory Unlocked Smartphone - Very Good,$219.99,20220526
198607,Apple iPhone SE 2nd Gen. - 256GB - Black (Unlocked) A2275 (CDMA + GSM). MINT!,$400.00,20220526
198621,Apple iPhone XS 64gb Gold A1920 (Unlocked) Reduced Price NW3503,$192.90,20220526
198622,Apple iPhone SE 2020 2nd Gen. 64GB Factory Unlocked Smartphone - Very Good,$184.99,20220526
198626,Apple iPhone XR 64gb Black Smartphone for (AT&T) GSM NEW OTHER SEALED BOX,$268.55,20220526
200800,Apple iPhone X 256GB A1901 Unlocked GSM Phone - Space Gray - Grade C,$249.98,20220526
200830,Apple iPhone 8 Plus Factory Unlocked 4G LTE Smartphone - Used,$169.99,20220526
203006,Apple iPhone 12 Mini 64GB 128GB 256GB FULLY UNLOCKED (VERY GOOD),$369.99 to $399.99,20220526
203050,Apple iPhone X - 64GB -Verizon Unlocked,$224.00,20220526
203052,Apple iPhone XS 64GB / 256GB / 512GB Unlocked Verizon AT&T T-Mobile - Very Good,$234.99 to $239.99,20220526
209950,Apple iPhone XR A1984 ATT Sprint T-Mobile Verizon Factory Unlocked - VERY GOOD -,$254.00 to $259.00,20220526
209951,Apple iPhone 12 Pro Max - 128GB - Pacific Blue (T-Mobile),$520.00,20220526
209963,Apple iPhone XR/64GB/Black (UNLOCKED)Works Perfect/Some Light Scratches,$190.00,20220526
212141,Apple iPhone X 256gb Unlocked Straight talk Tmobile AT&T Verizon Metro EXCELLENT,$249.00 to $269.00,20220526
212153,Apple iPhone 12 Pro - 128GB - Graphite (T-Mobile),$370.00,20220526
214272,Apple iPhone 7 - 32GB - Factory Unlocked - Very Good Condition,$108.99,20220526
214276,Apple iPhone 11 - 64GB -Black Verizon CHECK BL (5a0),$199.99,20220526
214279,Apple iPhone 7 Black - 32GB - Unlocked - Nice Condition - 90 DAY WARRANTY,$0.99,20220526
214289,Apple iPhone X 64GB Unlocked 4G LTE iOS WiFi 12MP Camera Smartphone - Good,$212.95,20220526
216476,Apple iPhone 11 256GB Unlocked to all Carriers *please read description,$425.00,20220526
216477,Apple iPhone XS  - Gold,$59.99,20220526
216487,Apple iPhone 11 Pro Max -64GB-Space Gray Unlocked A2161 (CDMA + GSM) -VERY GOOD!,$499.99,20220526
216494,Apple iPhone XR RED - 64GB - (AT&T) A1984 (CDMA + GSM),$225.00,20220526
218793,Apple iPhone 11 Pro Max - 64GB - Space Gray (Sprint) A2161 (CDMA + GSM),$200.00,20220526
218797,Apple iPhone 11 - 128GB - Black (Verizon - CDMA + GSM),$52.00,20220526
221074,Apple iPhone 11 - 128GB - Factory Unlocked - Very Good Condition,$394.99,20220526
221091,Apple iPhone 12 Pro A2341 - 128GB - All Colors (Unlocked) - Good Condition ,$664.69,20220526
221106,Apple iPhone 11 - 64GB - FACTORY UNLOCKED - 4G LTE Smartphone - Red VERY GOOD!,$334.95,20220526
223300,Apple iPhone XS Max Space Gray 256GB A1921 LTE GSM CDMA Unlocked,$350.00,20220526
223309,Apple iPhone XR 64GB Factory Unlocked Smartphone 4G LTE iOS Smartphone - Used,$209.99,20220526
223314,Apple iPhone 11 128GB Factory Unlocked 4G LTE Smartphone - Good,$359.99,20220526
225588,Apple iPhone XR 64GB Factory Unlocked ALL COLORS - (Very Good),$219.99,20220526
225590,Apple iPhone SE - 64GB - Space Gray (Unlocked) A1723 (CDMA + GSM),$46.00,20220526
225606,🔥 Factory Unlocked🔥 Apple iPhone 12 64GB White [Grade A]🔥,$525.00,20220526
225611,Apple iPhone 12 Mini 64GB 128GB 256GB Fully Unlocked CDMA + GSM Good Condition,$369.99,20220526
227796,"Apple iPhone 8 Space Grey 64GB (GSM & CDMA)  ""Open Box""",$299.99,20220526
227802,Apple iPhone 8 PLUS - 64GB - GSM - Fully Functional PLEASE READ - WARRANTY,$0.99,20220526
227805,Apple iPhone 11 - 64GB - FACTORY UNLOCKED - 4G LTE Smartphone - Red GOOD!,$318.95,20220526
227808,Apple iPhone X - 64GB - Space Grey (Unlocked) A1901 (GSM) (CA),$215.00,20220526
227814, Apple iPhone X - 64GB - GSM Unlocked -  Silver -Very Nice - 90 DAY WARRANTY,$0.99,20220526
227826,Apple iPhone 11 Pro Max - 64GB - Space Gray (AT&T) A2161 (CDMA + GSM),$247.50,20220526
229913,Apple iPhone 11 Pro Max - 64GB - All Colors (Unlocked) - Very Good Condition ,$543.99,20220526
229914,Apple iPhone 11 Pro 64GB Unlocked Smartphone - Very Good,$399.95,20220526
229917,Apple iPhone 11 - 64GB - FACTORY UNLOCKED - 4G LTE Smartphone - Red Fair,$297.95,20220526
229923,Apple iPhone 11 - 128GB - Black - Unlocked (CDMA + GSM),$345.00,20220526
229929,"Apple iPhone XR - 128GB - (Unlocked) Brand New, never used or activated..  Black",$250.00,20220526
229930,Silver Apple iPhone 6 16GB Wi-Fi + Cellular (Unlocked) A1586 (CDMA + GSM),$50.00,20220526
229934,Apple iPhone 11 - 64GB - Black - Unlocked (CDMA + GSM),$319.00,20220526
229939,Apple Iphone 11 64GB~128GB GSM & CDMA UNLOCKED A2111 4G LTE SMARTPHONE-Very Good,$324.99,20220526
232032,Verizon Apple iPhone 12 Pro Max - 512GB - Space Grey (SIM Unlocked),$0.01,20220526
232052,Apple iPhone 6s  16/32/64 GB - All Colors - Fully Unlocked - Very Good Condition,$84.99 to $104.99,20220526
232056,Apple iPhone 13 PRO MAX 128GB ,$865.00,20220526
232059,Apple iPhone 7 Plus - 32GB - Black (Unlocked) A1661 ,$139.00,20220526
234223,Apple iPhone 13 5G 256GB Green Factory Unlocked Sealed Warranty Brand New,$949.99,20220526
234231,Apple iPhone 11 - 64GB - FACTORY UNLOCKED - 4G LTE Smartphone - Red Poor,$304.95,20220526
234255,Apple iPhone 11 Pro Verizon AT&T T-Mobile GSM Factory Unlocked Phone - Good,$419.95 to $504.95,20220526
234259,Apple iPhone 11 Pro Max Verizon AT&T T-Mobile GSM Factory Unlocked  - Good,$589.95 to $619.95,20220526
234262,Apple iPhone 8 64GB T-MOBILE locked To t-mobile,$100.00,20220526
236374,Apple iPhone XS Max A1921 64GB Unlocked Good Condition (Free Shipping),$274.99,20220526
236383,Apple iPhone X - 256GB - Space Gray  A1865 GSM & CDMA UNLOCKED ~MRF~ GOOD!,$237.97,20220526
238586,Apple iPhone X 64GB 256GB A1865  GSM CDMA  Unlocked iPhone X Excellent,$249.89 to $279.89,20220526
238594,Apple iPhone 12 128GB AT&T or Cricket Locked MGEV3LL/A Blue New Sealed  A2172,$564.95,20220526
240780,Apple iPhone XS A1920 256GB Unlocked Good Condition (Free Shipping),$234.99,20220526
240781,"Apple iPhone 6s - 64GB - Gold (Verizon) A1688 - Used, Original Box",$50.00,20220526
240785,Apple iPhone 7 - 128GB - All Colors - Unlocked - Good Condition,$83.16 to $150.48,20220526
240787,Apple iPhone XR - 64GB - Black - Factory Unlocked - CRACKED (S)  SCREEN,$166.00,20220526
240801,Apple iPhone 5S - 16GB Silver Gray Gold (Unlocked) B Good ,$39.99,20220526
240802,Apple iPhone 8 Plus - 128GB - Silver (Verizon) A1864 (CDMA + GSM),$200.00,20220526
243073,Iphone 12 64Gb Unlocked,$390.00,20220526
243086,Apple iPhone 8 - 256GB - Unlocked - Excellent Condition - 90 DAY WARRANTY,$0.99,20220526
243094,Apple iPhone 13 Pro Max - 256gb - Sierra Blue / Factory Sealed — Unlocked,"$1,225.00",20220526
243100,Apple iPhone XS MAX - 64GB - Unlocked - Gray - Fully Functional - READ WARRANTY,$0.99,20220526
243102,Apple iPhone 7 - 256GB - Unlocked - Silver - Very Nice - 90 DAY WARRANTY,$0.99,20220526
243104,Apple iPhone 6s - 32GB (Unlocked) -*G,$50.99,20220526
245204,"Apple iPhone 7 Plus 32GB Black, Gold Unlcoked Verizon At&t Smartphone LTE",$129.69,20220526
245211,Apple iPhone 7 32GB Black Unlocked A1660 CDMA and GSM,$104.49,20220526
245221,Apple iPhone 13 128GB256GB512GB A2482 Unlocked Excellent,$669.99,20220526
247323,Apple iPhone 8 Plus 64GB / 256GB - Factory Unlocked Smartphone - Good,$224.99 to $264.99,20220526
247336,Apple iPhone SE 2nd Generation (2020) Factory Unlocked 64GB - Very Good,$189.95 to $199.00,20220526
249355,Apple iPhone 11 64GB 128GB 256GB AT&T T-Mobile Verizon Sprint Unlocked Excellent,$359.00 to $409.00,20220526
251473,Apple iPhone X 256GB Fully Unlocked (GSM+CDMA) AT&T T-Mobile Verizon Silver,$264.99,20220526
253490,"Apple iPhone 6 All GB GSM""Factory Unlocked"" Gold Gray Silver Good Condition",$79.95 to $109.95,20220526
253497,Apple iPhone 11 64GB 128GB Unlocked Verizon At&t T-Mobile (CDMA + GSM) 4G,$315.00 to $404.00,20220526
255425,Apple iPhone SE 1St Gen Fully Unlocked (32&64 GB) (very good),$82.99,20220526
255436,Apple iPhone 12 64GB Factory Unlocked AT&T T-Mobile Verizon Very Good Condition,$464.95,20220526
262981,Apple iPhone 11 Pro A2160 AT&T Sprint T-Mobile Verizon FACTORY UNLOCKED - GOOD -,$429.00 to $459.00,20220526
262995,Apple iPhone 11 - 128GB/64GB - Factory Unlocked - Very Good Condition -ALL Color,$315.00 to $355.00,20220526
263004,Apple iPhone 12 Pro Max - 128GB - All Colors (Unlocked) - Very Good Condition ,$790.49 to $807.49,20220526
264940,Apple iPhone 8 Plus 64gb Unlocked Metro Cricket Tmobile AT&T Verizon - EXCELLENT,$219.00 to $249.00,20220526
264945,Apple iPhone 11 Pro Max A2161 ATT T-Mobile Verizon FACTORY UNLOCKED - OPEN BOX -,$639.00 to $729.00,20220526
264947,Apple iPhone 8 Plus Factory Unlocked AT&T T-Mobile Verizon Smartphone Used,$198.00,20220526
266970,Apple iPhone 12 64GB 128GB 256GB Fully Unlocked 5G Smartphone - Very Good,$464.99,20220526
268995,Apple iPhone XR - 64GB - Factory Unlocked - Pre-Owned Very Good Condition,$224.99,20220526
268996,Apple iPhone 11 Pro 256GB Unlocked Smartphone - Excellent,$534.95,20220526
270916,Apple iPhone 8 Plus Factory Unlocked AT&T T-Mobile Verizon Smartphone Very Good,$229.00,20220526
270925,Apple iPhone 8 - 64GB - Space Gray UNLOCKED CDMA + GSM ,$149.89,20220526
270931,"Apple iPhone 11 GSM+CDMA Factory Unlocked Verizon T-Mobile AT&T -""Very GOOD""",$314.88 to $319.88,20220526
270933,Apple iPhone 11 Pro 64GB 256GB 512GB A2160 GSM & CDMA UNLOCKED-Very Good !,$419.99,20220526
274874,Apple iPhone 11 64GB Factory Unlocked 4G LTE Smartphone - Grade B+,$299.99,20220526
276889,Apple iPhone 12 Unlocked 64GB 128GB 256GB | Verizon T-Mobile AT&T | Very Good,$489.98 to $629.98,20220526
276917,Apple iPhone XS MAX XSM 64/256/512GB GSM Factory Unlocked  Cell Phone  Good,$299.95 to $349.95,20220526
280870,Apple iPhone 12 mini - 64GB - Black (Unlocked),$294.00,20220526
280880,Apple iPhone XR - 64GB -Factory Unlocked A1984 Smartphone Colors - VERY GOOD,$222.89,20220526
282889,"Apple iPhone 6 - 16GB - Space Gray (Unlocked) A1549 "" B Stock"" ",$57.29,20220526
282895,Apple iPhone XS Max Gray 64GB A1921 LTE GSM CDMA Verizon Unlocked - Good,$286.99,20220526
282896,Apple iPhone 12 - 64GB - All Colors - Unlocked Smartphone - Very Good Condition,$501.49,20220526
282901,Apple iPhone 8 - 64GB 256GB GSM Factory Unlocked  AT&T T-Mobile Good,$139.95,20220526
282903,Apple iPhone 11 Pro Max 256GB Unlocked Smartphone - Very Good,$584.95,20220526
282904,APPLE IPHONE 4S-8GB-BLACK -WHITE(VERIZON-UNLOCKED) MINT CONDITION-W/WARRANTY,$17.99,20220526
286865,Apple iPhone 12 MINI Unlocked 64GB 128GB | Verizon T-Mobile AT&T | Very Good,$409.98 to $544.98,20220526
