,Product,Price,Date
0,Apple iPhone 8 64GB Factory Unlocked Verizon AT&T T-Mobile Sprint,$189.00,20210902
1,Apple iPhone X - 64GB - 256GB - Smartphone - AT&T or Unlocked ,$249.99 to $324.99,20210902
2,Apple iPhone  XS |  XS Max | Unlocked Smartphone 📱📱 64 GB 256 GB Unlocked ,$444.80 to $494.00,20210902
3,Apple iPhone XR Smartphone 64GB 128GB AT&T Sprint T-Mobile Verizon or Unlocked,$299.00 to $379.00,20210902
4,Apple iPhone 11- 128GB All Colors - Unlocked - Brand New - Factory Sealed,$644.00,20210902
5,Apple iPhone 11 Smartphone 64GB 128GB AT&T Sprint T-Mobile Verizon or Unlocked,$469.00 to $589.00,20210902
6,Apple iPhone 8 64GB Factory Unlocked Smartphone,$169.99,20210902
7,Apple iPhone X Smartphone 64GB 256GB AT&T Sprint T-Mobile Verizon or Unlocked,$279.00 to $344.00,20210902
8,Apple iPhone 6 16GB Factory Unlocked Smartphone,$89.99,20210902
9,Apple iPhone X 64GB Factory Unlocked Smartphone,$299.99,20210902
10,Apple iPhone XR 64GB Factory Unlocked Smartphone 4G LTE iOS Smartphone,$314.99,20210902
11,Apple iPhone 8 Plus 64GB Factory Unlocked Smartphone,$249.99,20210902
12,Apple iPhone 7 Smartphone 32/128/256GB AT&T Sprint T-Mobile Verizon or Unlocked,$124.00 to $159.00,20210902
13,Apple iPhone 7 Smartphone Black Rose Gold Silver 32GB 128GB 256GB GSM Unlocked,$134.00 to $154.00,20210902
14,Apple iPhone XS Max 64GB 256GB 512GB Unlocked Verizon Sprint AT&T T-Mobile,$424.99 to $559.99,20210902
15,Apple iPhone 12 - 64gb - Unlocked - Factory Sealed - Factory Warranty,$864.00,20210902
16,Apple iPhone 11 Pro Smartphone AT&T Sprint T-Mobile Verizon or Unlocked LTE,$569.00 to $709.00,20210902
17,Unlocked Apple iPhone 11 Pro Max 🍎 64GB 256GB 512GB Verizon T-Mobile Smartphone,$689.99 to $859.99,20210902
18,Apple iPhone SE 2nd Gen (2020)  64GB 128GB 256GB Fully Unlocked Smartphone Mint,$299.00 to $349.00,20210902
19,Apple iPhone 8 64GB A1863 Factory Unlocked Smartphone,$159.99,20210902
20,Apple iPhone X 64GB 256GB A1901 A1865 New AT&T T-Mobile Sprint Verizon Unlocked,$309.00 to $439.00,20210902
21,Apple iPhone 7 Plus Smartphone AT&T Sprint T-Mobile Verizon or Unlocked 4G LTE,$174.00 to $244.00,20210902
22,Apple iPhone X A1865 iOS Smartphone Spectrum or Tracfone PLEASE READ,$179.99 to $209.99,20210902
23,Apple iPhone 8 64GB Fully Unlocked Verizon Sprint AT&T T-Mobile,$194.99,20210902
24,Apple iPhone SE 2nd Gen (2020) 🍎 64GB 128GB 256GB 📱 Fully Unlocked Smartphone,$287.99 to $374.99,20210902
25,Apple iPhone XS Max Unlocked 🍎 64GB 256GB 512GB Verizon TMobile AT&T Smartphone,$399.99 to $529.99,20210902
26,Apple iPhone SE 2nd Gen Smartphone AT&T Sprint T-Mobile Verizon or Unlocked,$214.00 to $289.00,20210902
27,Apple iPhone 8 64GB Factory Unlocked AT&T T-Mobile Gray Smartphone,$159.99,20210902
28,NEW Apple iPhone SE 2nd Gen BLACK  64GB Boost Mobile Free 1st Month ,$199.99,20210902
29,Apple iPhone XS 64GB Unlocked Smartphone,$299.99,20210902
30,Apple iPhone 8 64GB Fully Unlocked (GSM+CDMA) AT&T T-Mobile Verizon Black,$184.99,20210902
31,Apple iPhone 6s Smartphone 16GB 32GB 64GB 128GB Factory Unlocked 4G LTE WiFi iOS,$99.00 to $124.00,20210902
32,Apple iPhone XS MAX - 64GB - 256GB LTE GSM Smartphone - UNLOCKED or AT&T,$384.99 to $449.99,20210902
33,Apple iPhone 11 Pro 64GB Factory Unlocked 4G LTE Smartphone,$599.99,20210902
34,Unlocked Apple iPhone 11 🍎 64GB 128GB 256GB Verizon T-Mobile AT&T 📱 Smartphone,$499.99 to $629.99,20210902
35,Apple iPhone 8 Plus 64GB Unlocked Smartphone,$259.95,20210902
36,Apple iPhone 6s Smartphone 16GB 64GB 128GB AT&T Verizon Unlocked T-Mobile Sprint,$99.00 to $124.00,20210902
37,Apple iPhone XS Max Smartphone AT&T Sprint T-Mobile Verizon or Unlocked 4G LTE,$379.00 to $479.00,20210902
38,Apple iPhone 7 Smartphone 32GB 128GB 256GB Factory Unlocked 4G LTE WiFi iOS,$114.00 to $154.00,20210902
39,Apple iPhone 7 Smartphone AT&T Sprint T-Mobile Verizon or Unlocked 4G LTE,$124.00 to $149.00,20210902
1609,Apple iPhone X | 64GB 256GB | Unlocked Verizon AT&T T-Mobile Sprint | CDMA/GSM,$314.98 to $439.98,20210902
1612,Apple iPhone 8 Smartphone AT&T Sprint T-Mobile Verizon or Unlocked 4G LTE iOS,$169.00 to $209.00,20210902
1621,Apple iPhone 8 Plus Smartphone AT&T Sprint T-Mobile Verizon or Unlocked 4G LTE,$239.00 to $324.00,20210902
1622,Apple iPhone X Unlocked Smartphone 📱 64GB 256GB Verizon T-Mobile AT&T GSM CDMA,$279.99 to $379.99,20210902
1631,Apple iPhone XS 256GB Unlocked Smartphone,$359.95,20210902
1634,Apple iPhone 12 Mini - 128gb - Unlocked - Factory Sealed - Factory Warranty,$814.00,20210902
1635,Apple iPhone SE (2020) 64GB 128GB 256GB GSM Unlocked Black/Red/White iOS 4G LTE,$230.30 to $272.60,20210902
1636,"Apple iPhone 7 32GB, 128GB, 256GB CDMA/GSM Unlocked Verizon AT&T T-Mobile Sprint",$129.99 to $194.99,20210902
1637,Apple iPhone XS Smartphone AT&T Sprint T-Mobile Verizon or Unlocked 4G LTE,$299.00 to $389.00,20210902
1638,Apple  iPhone 7 - 32GB - Black - (GSM) Unlocked - 🍎,$129.99,20210902
1640,Apple iPhone SE Smartphone 16GB 32GB 64GB 128GB Verizon Unlocked T-Mobile AT&T,$74.00 to $104.00,20210902
3296,Apple iPhone 8 64GB Unlocked Smartphone - Space Gray (A1863),$42.99,20210902
3301,"Apple iPhone XS - 64GB, 256GB, 512GB - Unlocked, AT&T, Verizon, T-Mobile, Sprint",$344.99 to $569.99,20210902
3304,Apple iPhone XR 64GB 128GB 256GB - Factory Unlocked AT&T Verizon T-Mobile,$289.99 to $379.99,20210902
3308,Apple iPhone Xs Smartphone 64/256/512GB AT&T Sprint T-Mobile Verizon or Unlocked,$284.00 to $354.00,20210902
3310,Apple iPhone 12 Mini Smartphone 64 128 256GB AT&T T-Mobile Verizon or Unlocked,$599.00 to $769.00,20210902
3313,Apple iPhone X 256GB Unlocked Smartphone,$317.95,20210902
3316,Apple iPhone X 64GB Fully Unlocked (GSM+CDMA) AT&T T-Mobile Verizon Silver,$309.99,20210902
3320,Apple iPhone XS Max - 64GB 256GB 512GB - Unlocked/ Verizon/ AT&T/T-Mobile/Sprint,$399.99 to $599.99,20210902
5161,Apple iPhone 8 64GB Factory Unlocked Phone,$169.95,20210902
5163,Apple iPhone X 64GB Factory Unlocked Phone,$294.95,20210902
5165,Apple iPhone X Smartphone 64GB 256GB AT&T T-Mobile or Unlocked,$269.99 to $354.99,20210902
6823,Apple iPhone 8 Plus Factory Unlocked AT&T T-Mobile Verizon Smartphone,$279.99,20210902
6839,Apple iPhone XR 64GB Factory Unlocked Smartphone,$314.95,20210902
6843,Apple iPhone 12 Pro - 256gb - Unlocked - Factory Sealed - Factory Warranty,"$1,215.00",20210902
8342,Apple iPhone 8 64GB - 128GB - 256GB - All Colors - Fully Unlocked,$154.00 to $159.00,20210902
8361,Apple iPhone X 256GB Factory Unlocked Smartphone 4G LTE,$304.98,20210902
8369,Apple iPhone 8 64GB - 128GB - 256GB - Unlocked Verizon AT&T T-Mobile Sprint,$164.00 to $169.00,20210902
8372,"Apple iPhone 7 32GB ""Factory Unlocked"" 4G LTE iOS WiFi Smartphone",$139.99,20210902
8375,iPhone 6s/6s plus 16GB/64GB/128GB Unlocked Verizon at&t Tmobile smartphone LTE ,$77.00 to $213.00,20210902
10283,Apple iPhone 7 - 32GB - Black (Unlocked) A1660 (CDMA + GSM) ,$109.89,20210902
10302,Apple iPhone SE 2nd Gen Smartphone AT&T Sprint T-Mobile Verizon or Unlocked ,$249.00 to $274.00,20210902
11726,Apple iPhone XS 64GB - 256GB - 512GB - All Colors - Fully Unlocked,$314.00 to $359.00,20210902
13250,Apple iPhone 7 32GB GSM Factory Unlocked 4G LTE iOS WiFi Smartphone,$119.99,20210902
14869,NEW Apple iPhone SE 2nd Gen RED 64GB Boost Mobile Free 1st Month ,$219.99,20210902
14870,Apple iPhone 7 32/128/256GB A1660 Unlocked Brand New,$199.99,20210902
16283,Apple iPhone 8 64GB GSM Factory Unlocked Smartphone GRAY & SILVER,$154.99,20210902
16312,Apple iphone 7/7 plus 32GB/128GB Unlocked Verizon at&t Smartphone,$114.00,20210902
17910,Apple iPhone XS Max 256GB CDMA GSM - Fully Unlocked - All Colors,$469.99,20210902
17912,Apple iPhone XR | 64GB Factory Unlocked | 4G LTE iOS Smartphone,$325.00,20210902
19480,Apple iPhone X - 64GB 256GB - Factory Unlocked AT&T Verizon T-Mobile,$259.99 to $329.99,20210902
19487,Apple iPhone 7 32GB GSM Unlocked,$104.99,20210902
19518,Apple iPhone 8 64GB Fully Factory Unlocked Verizon AT&T T-Mobile All Colors,$144.95,20210902
21266,Apple iPhone 8 - 64GB 256GB GSM Factory Unlocked Smartphone AT&T T-Mobile,$144.95,20210902
21267,Apple iPhone XS - 64GB - 256GB Smartphone - AT&T or Unlocked,$324.99,20210902
21274,Apple iPhone 8 64GB Factory Unlocked All Carriers Refurbished - Space Grey,$169.99,20210902
24789,Apple iPhone 6 16GB 64GB 128GB Factory Unlocked Smartphone,$98.00,20210902
26563,Apple iPhone 11 Black 64GB 🍎 Verizon T-Mobile AT&T Unlocked iOS Smartphone,$499.99,20210902
26568,Apple iPhone 8+ Plus - 64GB 256GB Factory GSM Unlocked Smartphone AT&T T-Mobile,$239.95 to $269.95,20210902
28089,Apple iPhone 8 Plus 64GB 256GB Smartphone - Verizon Unlocked AT&T TMobile Sprint,$339.98 to $374.98,20210902
28092,"Apple iPhone 8 Plus 64GB, 256GB, Fully Unlocked CDMA + GSM, 4G LTE Smartphone",$259.99 to $299.99,20210902
29841,Apple iPhone XS 256GB Fully Unlocked Verizon Sprint AT&T T-Mobile,$389.99,20210902
29844,Apple iPhone XS Max 64GB 256GB 512GB GSM Unlocked AT&T T-Mobile,$409.99 to $539.99,20210902
29846,Apple iPhone 12 A2172 64/128/256GB AT&T T-Mobile Sprint Verizon Unlocked,$679.99 to $769.99,20210902
29848,Apple iPhone 6s - 16GB 32GB 64GB 128GB - Unlocked AT&T Verizon T-Mobile Sprint,$94.99 to $149.99,20210902
29861,Apple iPhone 12 Pro - 128gb - Unlocked - Factory Sealed - Factory Warranty,"$1,089.99",20210902
31771,Apple iPhone XR - 64GB - (GSM + CDMA) Unlocked Smartphone - AT&T T-Mobile Sprint,$279.99 to $328.99,20210902
31774,Apple iPhone 8 64GB Fully Unlocked Verizon Sprint AT&T T-Mobile - CDMA GSM,$189.99,20210902
31777,Apple iPhone 8 Plus 64GB 256GB - Factory Unlocked AT&T Verizon T-Mobile,$229.99 to $289.99,20210902
31786,Apple iPhone 11 Pro 64GB Unlocked Smartphone,$589.95,20210902
31792,Apple iPhone 8 64GB- 256GB Fully Unlocked No Fingerprint,$139.99 to $189.99,20210902
33613,Apple iPhone XS 256GB GSM Unlocked AT&T T-Mobile,$389.99,20210902
33615,Apple  iPhone 11 128GB - Verizon T-Mobile AT&T - UNLOCKED - A2111,$549.00,20210902
33643,Apple iPhone 8 Plus  64GB -256GB Fully Unlocked No Fingerprint,$199.99 to $239.99,20210902
33644,Apple iPhone 11 Pro Max Smartphone AT&T Sprint T-Mobile Verizon or Unlocked LTE,$689.00 to $719.00,20210902
35576,Open Box Apple iPhone X - Silver - A1865 - AT&T T-Mobile Sprint Verizon Unlocked,$319.00,20210902
35584,"Apple iPhone 7 32GB - 128GB Fully Unlocked  ""No FINGERPRINT""",$99.00,20210902
37662,iPhone 6s 16GB 64GB 128GB Unlocked Verizon at&t Tmobile smartphone LTE ,$112.00,20210902
37696,Apple iPhone 7 Plus Smartphone 32/128GB AT&T Sprint T-Mobile Verizon or Unlocked,$179.00 to $279.00,20210902
39682,Apple iPhone 11-128GB All Colors- GSM & CDMA Unlocked - Sealed- Factory Warranty,$639.00,20210902
39706,Apple iPhone XS Max 256GB GSM Unlocked - All Colors,$469.99,20210902
39709,Apple iPhone 12 Pro - 128gb - GSM & CDMA Unlocked - Sealed - Factory Warranty,"$1,059.99",20210902
39711,Apple iPhone 12 Pro - 256gb - GSM & CDMA Unlocked - Sealed - Factory Warranty,"$1,164.99",20210902
39725,Apple iPhone 7 Plus 128GB Unlocked Smartphone,$224.95,20210902
41812,iPhone XR 64GB Unlocked,$349.99,20210902
41823,Apple iPhone 11 128GB - Verizon T-Mobile AT&T - UNLOCKED - A2111,$599.00,20210902
43828,Apple  iPhone 11 PRO 256GB - Verizon T-Mobile AT&T - UNLOCKED - A2160,$659.00,20210902
43833,Apple  iPhone XS Max 256GB - Verizon T-Mobile AT&T - UNLOCKED - A1921,$459.00,20210902
43847,Apple  iPhone XS Max 64GB - Verizon T-Mobile AT&T - UNLOCKED - A1921,$419.00,20210902
43855,Apple  iPhone XS 64GB - Verizon T-Mobile AT&T - UNLOCKED - A1920,$314.00,20210902
43856,Apple iPhone XR 128GB Verizon T-Mobile AT&T Unlocked Smartphone,$339.99 to $369.99,20210902
43859,Apple iPhone 6s Plus Smartphone GSM Unlocked 16GB 64GB 128GB 4G LTE iOS,$139.00 to $159.00,20210902
43864,APPLE IPHONE 7 *ALL COLORS* FACTORY UNLOCKED 32GB ,$112.99,20210902
45791,Apple iPhone 7 32GB 128GB 256GB AT&T Verizon T-Mobile GSM Unlocked,$104.89 to $179.89,20210902
47636,Apple iPhone 8 64GB Unlocked CDMA GSM All Colors - Very Good - Open Box,$199.99,20210902
47649,Apple iPhone XR 256GB|128GB|64GB| GSM/ CDMA Unlocked - Verizon T-Mobile AT&T,$369.88,20210902
49567,Apple iPhone 11 - 128GB - Black (Unlocked) A2111 (CDMA + GSM),$79.51,20210902
49572,Apple iPhone XR Smartphone | 64GB 128GB 256GB | Unlocked Verizon AT&T T-Mobile,$324.98 to $509.98,20210902
51598,Apple iPhone 12 - 64GB / 128GB (UNLOCKED)  Factory Warranty  ⚫⚪🔴🔵 ✤NEW SEALED✤,$853.95 to $918.95,20210902
51608,NEW Apple iPhone X A1865 A1901 64GB 256GB AT&T T-Mobile Sprint Verizon Unlocked,$295.00 to $389.00,20210902
53519,Apple iPhone X 64/256/512GB A1865 AT&T T-Mobile Verizon Sprint Unlocked,$269.99 to $319.99,20210902
53538,Apple iPhone 7 - 128GB - Black - Unlocked - Smartphone,$134.99,20210902
53544,Apple iPhone 11 Pro 64/256/512GB A2160 A2215 AT&T TMobile Verizon Unlocked,$549.99 to $659.99,20210902
55353,Apple iPhone X - 64GB 256GB - Factory Unlocked AT&T Verizon T-Mobile NO FACE ID,$259.99 to $279.99,20210902
55355,Apple iPhone 8 64GB 256GB Verizon T-Mobile AT&T Unlocked Smartphone,$149.99 to $169.99,20210902
55357,Apple iPhone 12 Pro Max - 256gb - Unlocked - Factory Sealed - Factory Warranty,"$1,299.99",20210902
55358,Apple  iPhone 7 - 32GB - Black - (GSM) Unlocked - Smartphone,$119.99,20210902
55361,iPhone 8 Plus 64GB Unlocked ,$249.99 to $254.99,20210902
55367,Apple iPhone XR 64GB 128GB Unlocked Verizon AT&T T-Mobile GSM CDMA Smartphone,$299.99 to $354.99,20210902
55371,Apple iPhone 12 Pro Max - 128gb - Unlocked - Factory Sealed - Factory Warranty,"$1,199.99",20210902
55374,Apple  iPhone XR 128GB - Unlocked - Verizon T-Mobile AT&T - A1984,$378.00,20210902
55376,"Apple iPhone X 64GB 256GB, Space Gray Silver, CDMA + GSM Unlocked IOS Smartphone",$299.99 to $319.99,20210902
55379,Apple iPhone 11 64GB Factory Unlocked Smartphone 4G LTE ,$489.99,20210902
55384,Unlocked Apple iPhone 11 Pro 🍎 64GB 256GB 512GB T-Mobile ATT Verizon Smartphone,$569.99 to $759.99,20210902
55386,Apple iPhone XR - 64GB - 128GB - GSM Smartphone AT&T or Unlocked,$279.99 to $324.99,20210902
56831,Apple  iPhone X 64GB - Verizon T-Mobile AT&T - UNLOCKED A1865,$298.00,20210902
58494,iPhone XS 64GB Unlocked,$309.99,20210902
58505,Apple iPhone X 256gb Unlocked Straight talk T-mobile AT&T Verizon Metro,$385.00,20210902
58508,New Sealed Apple iPhone SE 32/128GB 1st Gen Unlocked Space Gray Rose Gold Silver,$219.99,20210902
60105,SR Apple iPhone XS 64/256/512 GB Gold Gray Verizon Sprint AT&T T-Mobile UNLOCKED,$347.99,20210902
60107,iPhone 8 64GB Unlocked ,$154.99 to $159.99,20210902
60115,Apple iPhone 12 - 64gb - Unlocked -Factory Warranty- Purple Now! New Color Out!,$898.00,20210902
61927,Apple iPhone 8 Plus - 64GB - Silver (Unlocked) A1864 (CDMA + GSM),$195.00,20210902
61967,Apple iPhone 8 Plus - 64GB - Space Gray (Unlocked) A1897 (GSM),$239.00,20210902
63727,Apple iPhone 6s Plus 16GB 32GB 64GB 128GB Factory Unlocked Excellent Condition,$139.99 to $169.99,20210902
63729,Apple iPhone 11 A2111 64/128/256GB Unlocked Brand New,$664.99,20210902
65406,Apple iPhone 7 32GB Matte Black Verizon Unlocked Good Condition,$110.99,20210902
68827,Apple iPhone X - 256GB - Space Gray (Unlocked) A1901 (GSM),$190.00,20210902
68834,Apple iPhone 11 Pro Max - 256GB - Gold (Unlocked) A2161 (CDMA + GSM),$580.00,20210902
68853,Apple iPhone XR 64GB Factory Unlocked Smartphone 4G LTE,$309.98,20210902
70445,Apple iPhone XS Max 64/256/512GB A1921 Unlocked Brand New,$599.99 to $679.99,20210902
72051,Apple iPhone XS Max 64GB 256GB 512GB Unlocked Smartphone,$459.99 to $519.99,20210902
72053,Apple iPhone 7 Unlocked 32GB Black  - AT&T T-Mobile Verizon GSM Unlocked,$128.98,20210902
73620,Apple iPhone 8 Plus 64GB Space Gray Factory Unlocked - Very Good Condition!,$249.99,20210902
73637,Apple iPhone 8 64GB 256GB AT&T Sprint Verizon T-Mobile GSM Unlocked,$149.89 to $299.89,20210902
73645,Apple  iPhone 7 (GSM Unlocked) Smartphone 32GB - Black,$112.00,20210902
73648,"Apple iPhone X 64GB ""Factory Unlocked"" 4G LTE iOS WiFi 12MP Camera Smartphone",$277.95,20210902
73651,Apple iPhone XS Max 256GB Unlocked Smartphone,$469.95,20210902
73654,iPhone SE 2nd Gen - Cricket Only - 64GB - White - BRAND NEW!,$226.99,20210902
75415,Apple iPhone 8 - 64GB - Space Gray (Factory UNLOCKED) A1863 (CDMA + GSM),$159.89,20210902
77016,Apple iPhone 8 Plus 64gb Unlocked Straight talk Tmobile AT&T Verizon Metro New,$259.00 to $319.00,20210902
77020,Apple iPhone XR 🍎 64GB 128GB 256GB T-Mobile AT&T Verizon Unlocked 📱 Smartphone,$329.99 to $437.99,20210902
78700,"OB Apple iPhone XS 64/256/512 GB Space Gray, Gold, Silver GSM+CDMA Unlocked",$362.99 to $459.95,20210902
80545,Apple iPhone 6s Factory Unlocked 4G LTE Capacity 16 32 64 128 Smartphone - Used,$69.99 to $104.99,20210902
83794,Apple MN9D2LL/A iPhone 7 (Unlocked) Smartphone 32GB - Black,$85.00,20210902
83820,Apple iPhone 12 Mini 128GB Factory Unlocked Brand new Sealed!!!,$759.00,20210902
83826,OB Apple iPhone XS MAX 256GB - Space Gray - GSM + CDMA Unlocked,$519.99,20210902
83828,Apple iPhone X 64gb Unlocked Straight talk T-mobile AT&T Verizon Metro New,$299.00 to $349.00,20210902
85590,Apple iPhone 8 - 64GB - Space Gray (Sprint/T-Mobile) A1863 ,$159.99,20210902
87237,~ Apple iPhone 8 (Factory Unlocked) Verizon AT&T T-Mobile Xfinity Consumer GSM ~,$214.99 to $329.99,20210902
87275,Apple iPhone 7 Plus A1661 GSM Unlocked AT&T Verizon T-Mobile 128GB iPhone 7 Plus,$174.89 to $249.89,20210902
88842,32GB - Black (Factory Unlocked; GSM AT&T / T-Mobile) - Apple iPhone 7 Plus,$38.99,20210902
88876,Apple iPhone XS Unlocked 🍎 64GB 256GB 512GB Verizon T-Mobile AT&T Smartphone,$314.99 to $349.99,20210902
90778,Apple iPhone 11-128GB  GSM & CDMA Unlocked - Sealed- Factory Warranty,$634.00,20210902
90781,Apple  iPhone X 64GB Verizon TMobile AT&T UNLOCKED A1865,$298.00,20210902
90787,Apple iPhone 11 Pro Max Unlocked/Verizon/AT&T/T-Mobile/Sprint • 64GB/256GB/512GB,$659.99 to $864.99,20210902
90790,Apple iPhone 8 64GB GSM Factory Unlocked Smartphone,$165.99,20210902
90806,Apple iPhone 12 Pro A2341 128/256/512GB AT&T T-Mobile Verizon Unlocked Open Box,"$949.99 to $1,009.99",20210902
90808,"Apple iPhone SE (2nd Gen, 2020) 64GB / 128GB (Factory Unlocked) All Colors",$279.88,20210902
90811,Apple  iPhone 11 PRO 64GB - Verizon T-Mobile AT&T - UNLOCKED - A2160,$589.00,20210902
92551,Apple iPhone 7 32GB - All Colors - Fully Unlocked,$119.00,20210902
92557,Apple  iPhone 11 PRO 64GB Verizon TMobile AT&T UNLOCKED A2160,$565.00,20210902
94489,Apple iPhone 7 - 128GB - Jet Black - (GSM) Unlocked,$129.99,20210902
96236,"Apple iPhone 11 Pro Max 64/256/512GB GSM+CDMA Unlocked- Green, Gray & More!",$985.99,20210902
96274,Apple iPhone 11 - 64GB 128GB 256GB - All Colors - Fully Unlocked (CDMA + GSM) ,$564.99,20210902
96277,Fully Unlocked Apple iPhone XS Max (GSM+CDMA) AT&T T-Mobile Verizon [New Unused],$559.00,20210902
98104,Apple iPhone 8 64GB Factory Unlocked CDMA + GSM A1863 Verizon AT&T Mint SR,$159.99,20210902
98116,Apple  iPhone 11 PRO MAX 256GB Verizon TMobile AT&T UNLOCKED A2161,$724.00,20210902
98129,Apple iPhone X 64GB Space Gray Fully Unlocked CDMA + GSM 4G LTE IOS Smartphone,$299.99,20210902
100305,Apple iPhone XR 64GB AT&T T-Mobile Factory Unlocked & Others,$309.95 to $329.95,20210902
100329,Apple iPhone 11 64GB Factory Unlocked Smartphone 4G LTE - Open Box,$519.99,20210902
100331,Apple iPhone 8 Plus 64GB 256GB Smartphone Unlocked AT&T Verizon T-Mobile Others,$219.99 to $399.99,20210902
102319,~ Apple iPhone 8 (Factory Unlocked) Verizon AT&T T-Mobile Consumer GSM ~,$219.99 to $349.99,20210902
104182,Apple  iPhone XS Max 256GB Verizon TMobile AT&T UNLOCKED A1921,$479.00,20210902
104209,Apple iPhone 11 64GB Unlocked Smartphone,$464.95,20210902
106237,Apple iPhone 7 Plus Smartphone 32GB 128GB 256GB Factory Unlocked 4G LTE WiFi iOS,$170.00 to $219.00,20210902
106239,Apple iPhone XS - 64GB / 256GB - Unlocked - Smartphone - AT&T / T-Mobile,$304.99 to $319.99,20210902
108417,Apple iPhone 8 64GB 256GB Unlocked Straight talk T-mobile AT&T Verizon Metro New,$219.00 to $269.00,20210902
108418,Apple iPhone XR 64GB Verizon T-Mobile AT&T Unlocked Smartphone,$279.99 to $299.99,20210902
108437,Apple iPhone 7 32GB Factory Unlocked 4G LTE iOS WiFi Smartphone,$114.99,20210902
108444,Apple iPhone XR 128GB Unlocked Smartphone,$337.95,20210902
110343,Apple  iPhone 8 Plus 64GB T-Mobile AT&T Verizon UNLOCKED A1864,$244.99,20210902
110365,Apple iPhone 6S 32GB Unlocked Smartphone,$89.95,20210902
112301,Apple iPhone 8 64GB GSM Unlocked 4G LTE Smartphone AT&T T-Mobile Mint Mobile CR,$189.99,20210902
112312,Apple iPhone 8 64GB 128GB 256GB Unlocked Verizon Sprint AT&T T-Mobile CDMA GSM,$169.99 to $209.99,20210902
112316,Apple iPhone 6s Plus 16GB 32GB 64GB 128GB Factory Unlocked AT&T Verizon T-Mobile,$109.99 to $189.99,20210902
114321,Apple iPhone 8 Plus Gold 64GB AT&T T-Mobile GSM Unlocked - Excellent,$298.90,20210902
118454,PayPal Account,$150.00,20210902
118477,Apple iPhone 4S 8GB/ 16GB /32GB /64Gb Smartphone Factory Unlocked AT&T,$30.00 to $49.00,20210902
118483,Apple iPhone 6 Smartphone 16GB 32GB 64GB 128GB Factory Unlocked 4G LTE WiFi iOS,$84.00,20210902
120481,"New Apple iPhone 11 Pro Max 64/256/512GB GSM+CDMA Unlocked- Green, Gray & More!",$884.99,20210902
120485,Apple iPhone XR / 64GB / 128GB / 256GB / Unlocked Verizon AT&T T-Mobile,$289.00 to $359.00,20210902
120492,Apple  iPhone XS 256GB Verizon TMobile AT&T UNLOCKED A1920,$365.00,20210902
120497,Apple  iPhone XS Max 64GB Verizon TMobile AT&T A1921 UNLOCKED,$434.00,20210902
120508,Apple iPhone SE 1 Gen 16/32/64/128GB - Fully Unlocked - Sealed in Original Box,$115.99 to $216.99,20210902
122410,Apple iPhone 8 Plus 64GB 128GB 256GB Factory Unlocked Excellent Condition,$259.99 to $299.99,20210902
122436,Apple iPhone XS 64GB GSM Unlocked AT&T T-Mobile,$339.99 to $379.99,20210902
122439,Apple iPhone 7 Smartphone 128GB Unlocked  - Jet Black - In A Excellent Condition,$119.99,20210902
124177,Apple iPhone 8 - 64GB - 256GB - Unlocked - Smartphone - SIM Free - All Colours,$169.36 to $296.44,20210902
124178,Apple iPhone 8 Smartphone 64GB 256GB Factory Unlocked 4G LTE 12.0MP WiFi iOS ,$159.00 to $209.00,20210902
124184,Apple iPhone 6 Plus Smartphone GSM Unlocked 16GB 64GB 128GB 4G LTE iOS WiFi,$109.00 to $129.00,20210902
124185,Apple iPhone 8 - 64GB/128GB/256GB-Gold/Space Grey/Silver-UNLOCKED-Various Grades,$197.66 to $352.97,20210902
124188,Apple iPhone XS A1920 64/256/512GB Unlocked Brand New,$549.99 to $589.99,20210902
124189,Apple iPhone 12 - 256GB - Blue (Unlocked) New,$4.25,20210902
124193,"Apple iPhone 12 (128GB, Black) [UNLOCKED] *NEW, SEALED*",$850.00,20210902
124194,Apple iPhone SE 2nd Gen 2020 64/128/256GB Black/White/Red - Fully Unlocked,$259.03,20210902
124195,Apple iPhone SE - Factory Unlocked - 32gb - Excellent Condition,$94.88,20210902
124197,Apple iPhone 11 Pro Max (2019) 64/256/512GB Unlocked Grey/Gold/Silver & Green,$734.20 to $790.68,20210902
124200,"FOUR TESTED GSM UNLOCKED SPACE GRAY AT&T APPLE iPhone 8, 64GB A1905 PHONES R385P",$0.99,20210902
124201,Apple iPhone 11 128gb 1 year apple warranty + free + invoice + Accessories Gift,$689.88,20210902
124202,Apple iPhone 7 32GB/128GB Smartphone Unlocked T-Mobile Verizon Sprint LTE,$107.00 to $213.00,20210902
124203,Apple iPhone XS MAX 64GB 256 GB 512GB Unlocked / SIM FREE Space Grey/Silver/Gold,$437.69 to $564.77,20210902
124206,Apple iPhone 11 Pro (2019) 64/256/512GB Unlocked Grey/Gold/Silver/Midnight Green,$621.24 to $734.20,20210902
124207,Apple iPhone 8 MRRR2LL/A 64GB Product Red Unlocked ,$249.00,20210902
124209,Apple iPhone 11 A2111 A2221 64/128/256GB Sprint Verizon T-Mobile AT&T Unlocked,$469.99 to $529.99,20210902
124210,Apple iPhone 6s - 16GB - Rose Gold (Unlocked) A1633 (CDMA + GSM) - Please read,$39.00,20210902
124211,Apple iPhone XR 64GB 128GB 256GB Unlocked Sim Free Smartphone Various Colours,$255.55 to $437.69,20210902
126411,Apple  iPhone 7 Plus - 128GB - Black - (GSM) Unlocked,$194.99,20210902
128249,Apple  iPhone X 256GB - Verizon T-Mobile AT&T - UNLOCKED A1865,$332.95,20210902
128257,"Apple iPhone 7 - 32GB 128GB 256GB GSM ""Factory Unlocked"" Smartphone All Colors*",$104.95 to $129.95,20210902
128265,"Apple iPhone 7 Plus 128GB, Black, CDMA + GSM Fully Unlocked 4G LTE Smartphone",$209.99,20210902
130173,Apple iPhone 8 Plus - 64GB - Gold - Factory Unlocked - C Grade Condition,$235.00,20210902
130204,"Apple iPhone 8 4.7"" Display 64GB GSM (Unlocked) Smartphone SR",$159.99,20210902
132400,Apple iPhone 12 - 64GB - White (Factory Unlocked) - Inbox New - OEM Extras,$774.99,20210902
132405,"Apple iPhone 6 16GB- 64GB- 128GB, Fully Unlocked, Excellent Condition",$62.42 to $162.00,20210902
134521,Apple iPhone 11 / 64GB / 128GB / 256GB / Unlocked Verizon AT&T T-Mobile,$439.00 to $549.00,20210902
136712,Apple iPhone 6S (Global/A1688) 32GB Unlocked,$69.99,20210902
136719,Apple iPhone XR 64gb Unlocked Verizon AT&T Tmobile Straight Talk Boost Metro New,$369.00,20210902
136735,Apple iPhone XS Max 64GB Unlocked Smartphone,$417.95,20210902
136737,NEW Apple iPhone 8 Plus Unlocked - 64GB 256GB - Sealed in Original Box ,$475.99,20210902
138737,Apple iPhone 7 32GB Black (Unlocked) Smartphone,$100.99,20210902
138746,Apple  iPhone X 64GB TMobile AT&T GSM UNLOCKED A1901,$294.00,20210902
142449,Apple iPhone 12 mini - 64GB - Blue (Factory Unlocked) - New - OEM Extras,$679.99,20210902
142451,Apple iPhone XS - 64GB 256GB 512GB - Unlocked / Network Locked (NO FACE ID),$279.99 to $299.99,20210902
142457,"Apple iPhone 6 A1549, 6 Plus A1522, 6s A1633 & A1688, 6s Plus A1634, 16GB- 64GB",$75.55 to $79.55,20210902
144272,Apple  iPhone X 256GB Verizon TMobile AT&T UNLOCKED A1865,$362.00,20210902
144286,Apple  iPhone 11 64GB Verizon TMobile AT&T UNLOCKED A2111,$484.00,20210902
146225,Apple iPhone 12 Smartphone 64GB 128GB 256GB AT&T T-Mobile Verizon or Unlocked,$619.00 to $809.00,20210902
146230,Apple iPhone SE 16GB /32GB /64Gb /128GB Smartphone Unlocked Verizon AT&T,$61.00 to $150.00,20210902
146239,Apple iPhone 11 Pro Max 64GB Unlocked Smartphone,$694.95,20210902
147904,iPhone XS 64GB 256GB Unlocked,$309.99 to $369.99,20210902
149406,Apple iPhone XS / 64GB / 256GB / 512GB / Unlocked Verizon AT&T T-Mobile,$439.00,20210902
149444,Apple iPhone SE 2nd Gen 64GB 128GB 256GB Fully Unlocked CDMA + GSM Smartphone,$239.99,20210902
149445,Apple iPhone 12 mini - 64GB - Black (Unlocked) WARRANTY,$649.93,20210902
151351,Apple iPhone XR - 64GB - Black (Unlocked) A2105 (GSM),$69.44,20210902
151381,Apple iPhone 12 5G |256GB |128GB |64GB| GSM/CDMA Unlocked -Verizon T-Mobile AT&T,$699.88 to $729.88,20210902
153193,Apple iPhone 8 Plus 64GB Space Gray Factory Unlocked - Good Condition!,$234.99,20210902
153198,Apple  iPhone XR 64GB Unlocked Verizon TMobile AT&T A1984,$299.00,20210902
153216,iPhone SE 16/32/64/128GB Apple Grey Pink Gold Silver Unlocked Smartphone 1st-Gen,$130.99 to $229.99,20210902
153217,Apple iPhone XS Max - 64GB - Gold GSM CDMA Unlocked A1921 - Excellent ,$489.97,20210902
155140,Apple iPhone 6s 16GB 32GB 64GB 128GB Unlocked Verizon AT&T T-Mobile Smartphone,$83.99 to $129.00,20210902
155143,Apple iPhone 7 32GB Black (Unlocked) Smartphone-Used,$95.99,20210902
155160,Apple iPhone 6 Plus 16GB 64GB 128GB Factory Unlocked AT&T T-mobile Verizon,$93.95,20210902
157163,"Apple iPhone 6 16GB 64GB 128GB GSM""Factory Unlocked""Smartphone Gold Gray Silver*",$59.96 to $89.96,20210902
157173,Boost Mobile - iPhone 8 Renewed Space Gray 64GB,$149.99,20210902
157182,Apple iPhone XS Max 64GB 256GB 512GB Factory Unlocked Excellent Condition,$439.99,20210902
157184,Apple iPhone 8 64GB 128GB 256GB Factory Unlocked Excellent Condition,$199.99,20210902
157186,Apple iPhone 8 - 64GB 256GB Smartphone Unlocked AT&T Verizon T-Mobile & Others ,$169.99 to $309.99,20210902
159013,Apple iPhone XR 64GB Factory Unlocked | AT&T | T-Mobile & Others,$279.95 to $359.95,20210902
159014,Apple iPhone XR - 64GB 128GB 256GB - GSM+CDMA Unlocked Smartphone Various Colors,$299.99 to $459.99,20210902
159029,Apple iPhone 11 64GB Factory Unlocked | AT&T | T-Mobile & Others,$399.95 to $519.95,20210902
159031,Apple iPhone 7 - 32GB - Black (Unlocked) A1660 (CDMA + GSM),$107.59,20210902
160785,Apple iPhone XR 64GB T-Mobile AT&T  Factory Unlocked & Others,$279.95 to $359.95,20210902
160804,Apple iPhone 8 - 64GB - Space Gray (Unlocked) A1905 (GSM) Smartphone,$156.99,20210902
162625,Apple iPhone X 64GB/256GB (GSM) Unlocked AT&T T-Mobile Verizon 4G Smartphone,$236.41 to $388.87,20210902
162646,*New* Apple iPhone 11 64GB Black -  AT&T / Cricket only.,$500.00,20210902
164475,Apple iPhone SE 16GB Silver (Unlocked) A1662 (GSM) New Other SEALED BOX,$109.55,20210902
164483,Apple iPhone X - 64GB - Silver (Unlocked) A1865 (CDMA   GSM),$300.00,20210902
166249,Apple iPhone 8 GSM Factory Unlocked GSM / CDMA 256GB| 128GB | 64GB ,$189.88,20210902
166260,"Apple iPhone 6 16GB GSM""Factory Unlocked""Smartphone Gold Gray Silver Cell Phone*",$63.96,20210902
168004,Good Condition - Apple iPhone SE 16GB T-Mobile Silver - Free Shipping,$49.99,20210902
168006,Apple iPhone XS 64GB - 256GB - All Colors - Fully Unlocked,$309.00,20210902
169853,Apple iPhone 8 Plus 64GB Factory Unlocked AT&T Verizon T-Mobile Unlocked,$289.98,20210902
171811,Apple iPhone 7 Factory UNLOCKED-  Verizon AT&T T-Mobile GSM/CDMA UNLOCKED- ,$169.99,20210902
175487,Apple iPhone Xs Max  / 64GB / 256GB / 512GB / Unlocked Verizon AT&T T-Mobile,$429.00 to $459.00,20210902
175496,Apple iPhone 12 Pro 5G 128GB Graphite (Verizon) MGK13LL/A (A2341) Smartphone,$819.00,20210902
175498,Apple iPhone 5C A1532 8/16GB T-Mobile GSM Unlocked iOS  Smartphone Clean  IMEI,$32.00 to $42.00,20210902
177531,Apple iPhone XR / 64GB / 128GB / 256GB / Unlocked Verizon AT&T T-Mobile ,$289.00 to $379.00,20210902
177536,Apple iPhone 7 128GB Unlocked Smartphone,$117.95,20210902
181383,Apple iPhone 7 Factory UNLOCKED- Verizon AT&T T-Mobile GSM/CDMA UNLOCKED- SALE!!,$112.00 to $174.99,20210902
181407,Apple iPhone 12 Pro Max 5G 256GB Pacific Blue (Verizon) MG9J3LL/A (A2342),"$1,049.00",20210902
181409,Apple iPhone XS - 64GB - Silver (Unlocked) A1920 (CDMA + GSM) - A++ Mint,$315.00,20210902
183219,Original iPhone 5c White 4G Cellular Used Good Condition 4.0” Smartphone Camera,$15.99,20210902
183228,Apple iPhone XR CORAL Locked For Parts As IS (ATT) *READ DESCRIPTION*,$62.00,20210902
183237,Apple iPhone 11 - 64GB - Green (Unlocked) A2111 (CDMA + GSM),$240.00,20210902
183245,Apple iPhone 7 Plus 32GB Factory Unlocked Smartphone ,$178.98,20210902
183253,Apple iPhone 8 - 64GB - Space Gray (Sprint) (CDMA + GSM),$100.00,20210902
185367,"Apple iPhone 6s Plus - 32GB - AT&T Unlocked, Space Gray",$30.00,20210902
185369,"~ Apple iPhone 8 Plus (Factory Unlocked) Verizon, AT&T, T-Mobile, Consumer GSM ~",$309.99 to $469.99,20210902
187361,"Apple iPhone X - 64GB, 256GB CDMA/GSM Unlocked, Verizon, AT&T, T-Mobile, Sprint",$299.99 to $429.99,20210902
187368,Apple iPhone X - 64GB - Space Gray (Verizon) A1865 (CDMA GSM) UNLOCKED,$275.00,20210902
187388,iphone 7 128gb unlocked used black A1778,$99.00,20210902
189238,Apple iPhone 6 Plus Smartphone AT&T Sprint T-Mobile Verizon or Unlocked 4G,$114.00,20210902
189240,Apple iPhone 12 (5G) GSM/CDMA Factory Unlocked 256GB |128GB | 64GB,$709.77 to $719.77,20210902
191089,Apple iPhone XR - 64GB -Black (Unlocked) A1984 (CDMA + GSM)~SRF~ VERY GOOD!,$299.87,20210902
191093,BRAND NEW! Apple Iphone SE 2nd Gen - 64GB - All Colors (Unlocked) (GSM + CDMEA),$349.99,20210902
191096,Apple iPhone 7 Plus - 128GB - Gold (Unlocked) A1661 (CDMA + GSM),$159.95,20210902
191098,Apple iPhone SE Unlocked 32GB A1662 Space Gray Grade C,$64.99,20210902
193204,Apple iPhone 7 - 32GB - Black (FULLY Unlocked) A1660 (CDMA + GSM) ,$108.89,20210902
195199,Apple iPhone 11 64GB 128GB 256GB Verizon T-Mobile AT&T Unlocked Smartphone,$449.99 to $469.99,20210902
195231,Apple iPhone XS Unlocked 64GB 256GB 512GB | Verizon AT&T T-Mobile,$354.98 to $479.98,20210902
195234,Apple iPhone 8 - 64GB  - Gold - GSM Unlocked - Smartphone ,$154.99,20210902
195237,Apple iPhone XS Max 64GB 256GB 512GB | Unlocked Verizon AT&T T-Mobile Sprint,$444.98 to $599.98,20210902
195239,Apple iPhone 12 Mini 5G 64GB Black - Verizon MG6G3LL/A (A2176),$499.00,20210902
195240,Apple Iphone 11 - 64 128 256G Unlocked ,$464.99 to $519.99,20210902
197146,Apple iPhone SE 32GB Silver Unlocked Smartphone 1st Gen 2016,$119.00,20210902
197161,Apple iPhone SE 2nd Gen. - 64GB - White (Unlocked) A2275 (CDMA + GSM),$259.00,20210902
197169,Apple iPhone 7 Plus 128GB Factory Unlocked Smartphone ,$199.99,20210902
197174,Apple iPhone 12 Pro - All Sizes/Colors - SIM Free/AT&T/Sprint/T-Mobile/Verizon,$994.99,20210902
201200,Apple iPhone 12 Pro Max 5G 256GB Graphite (Verizon) MG9F3LL/A (A2342) Smartphone,$999.00,20210902
201207,Apple iPhone 12 Pro Max 5G 128GB Pacific Blue (Verizon) MG9E3LL/A (A2342),$949.00,20210902
201219,Apple iPhone 6s 16GB 32GB 64GB 128GB Unlocked AT&T Verizon T-Mobile Sprint USED,$52.00 to $62.00,20210902
201228,Apple iPhone 7 Plus 32GB Unlocked Smartphone,$179.95,20210902
203337,Apple iPhone 8 256GB Factory Unlocked AT&T T-Mobile Gray Smartphone,$189.99,20210902
205064,Apple iPhone 12 Pro Max A2342 128/256/512GB AT&T T-Mobile Verizon Unlocked,"$1,129.99 to $1,139.99",20210902
205065,Apple iPhone 12 Pro Max 5G 128GB Graphite (Verizon) MG9A3LL/A (A2342) Smartphone,$949.00,20210902
205069,Apple iPhone 12 Pro A2341 128/256/512GB AT&T T-Mobile Sprint Verizon Unlocked,"$899.99 to $1,059.99",20210902
205074,Apple iPhone 11 - 64GB - Purple - Unlocked - Smartphone ,$414.89,20210902
205088,Apple iPhone 12 64GB / 128GB / 256GB - Unlocked/ Verizon/ AT&T/ T-Mobile,$640.99 to $876.99,20210902
205106,New Sealed Apple iPhone XR 128GB Black AT&T A1984 CDMA GSM 1 Year Apple Warranty,$449.00,20210902
207107,Apple iPhone 12 5G 64GB - Blue (Verizon) MGF73LL/A (A2172) Smartphone,$629.00,20210902
207126,Apple iPhone 8 Plus 256gb Unlocked Straight talk Tmobile AT&T Verizon Cricket ,$299.00 to $369.00,20210902
209144,Apple iPhone SE 2nd Gen 64GB Unlocked Smartphone,$214.99 to $249.99,20210902
209146,Apple iPhone XR 64GB - T-Mobile / Metro PCS / Simple Mobile - 4G LTE Smartphone ,$289.99 to $327.99,20210902
211051,Apple iPhone 7 - 128GB - Black (Unlocked) ,$114.00,20210902
211082,lot 3iPhone Xs Max 512 GB /iPhone7-32gb/Samsung galaxy S9-64gb Unlock All Used,$700.00,20210902
214694,Apple  iPhone SE 2nd Generation 64GB Unlocked Verizon T-Mobile AT&T A2275 SE2,$239.00,20210902
214702,Apple iPhone 7 A1778 32GB 128GB 256GB AT&T Verizon T-Mobile or Unlocked (P),$100.82,20210902
216362,"Apple iPhone SE 2020 4.7"" 64GB 128GB T-Mobile AT&T Verizon Unlocked Smartphone",$289.99,20210902
216364,Perfect Apple iPhone 12 Pro - 128GB - Graphite (Unlocked)  Has Apple Warranty,$944.99,20210902
216380,Apple iPhone XS 64GB Factory Unlocked Verizon AT&T T-Mobile - Very Good,$329.99,20210902
218197,Apple iPhone 12 mini 64GB GSM Unlocked AT&T T-Mobile Very Good Condition,$519.00,20210902
218201,Apple iPhone 8 Plus 64GB /128GB/ 256GB CDMA/GSM Unlocked Smartphone,$244.00 to $262.00,20210902
218216,Apple iPhone 12 Pro Max - 512GB - Pacific Blue (Unlocked),$500.00,20210902
218233,Apple iPhone 12 mini 128GB GSM Unlocked AT&T T-Mobile Very Good Condition,$599.00,20210902
219957,Apple  iPhone 11 128GB Verizon TMobile AT&T UNLOCKED A2111,$484.00,20210902
219967,New ListingApple iPhone 12 Pro - 128GB - Silver (Unlocked),$600.00,20210902
219968,New ListingApple iPhone 12 Pro Max/128GB/Black (ATT-FINANCED)Perfect! 100%Batt/No Marks!,$845.00,20210902
221734,Apple  iPhone XS Max 256GB Verizon TMobile AT&T A1921 UNLOCKED,$434.00,20210902
221741,Apple iPhone 11 64GB T-Mobile Locked Very Good Condition,$399.00,20210902
221742,Apple  iPhone 11 PRO 256GB Verizon TMobile AT&T UNLOCKED A2160,$659.00,20210902
223597,Apple iPhone 12 64GB Black Blue Green Red White T-Mobile Very Good Condition,$589.00,20210902
223603,iPhone SE 32GB Space Gray 1st Gen 2016 Unlocked AT&T T-Mobile (Open Box A+),$119.00,20210902
225262,Apple iPhone 12 mini 64GB AT&T Locked Very Good Condition,$499.00,20210902
225274,Apple  iPhone XR 64GB Unlocked A1984 Verizon TMobile AT&T,$299.00,20210902
225276,Apple iPhone 8 64GB Factory Unlocked Smartphone - Very Good,$169.99,20210902
225288,Apple iPhone 8 Plus 64GB Factory Unlocked Smartphone - Very Good,$249.99,20210902
225290,NEW Apple iPhone XS MAX 64GB 256GB - Unlocked Smartphone SEALED in ORIGINAL BOX,$559.99 to $635.99,20210902
227021,Apple iPhone 6s 32GB Space Gray Grade B Phone AT&T ONLY MN0M2LL/A,$59.95,20210902
227034,Apple  iPhone 11 PRO MAX 64GB Verizon TMobile AT&T UNLOCKED A2161,$679.00,20210902
227038,Apple  iPhone XR 128GB Verizon TMobile AT&T A1984 UNLOCKED,$329.00,20210902
228792,Apple  iPhone XS 64GB Verizon TMobile AT&T A1920 UNLOCKED,$294.00,20210902
228799,Apple iPhone XR Factory Unlocked Worldwide GSM/ CDMA Verizon T-Mobile AT&T ,$344.77,20210902
228808,Apple iPhone X 64GB Factory Unlocked Smartphone - Very Good,$289.90,20210902
228809,"Apple iPhone SE (2020, 64GB) Verizon Model MHG43LL/A (Black)",$275.00,20210902
228813,Apple iPhone XS 64GB Factory Unlocked 4G LTE iOS Smartphone - Very Good,$309.99,20210902
231012,Apple iPhone 12 64GB GSM Unlocked AT&T T-Mobile Very Good Condition,$639.00,20210902
231024,Apple iPhone 6S 32GB Space Gray Verizon Unlocked Very Good Condition,$65.99,20210902
231029,Apple iPhone 12 mini 64GB T-Mobile Locked Very Good Condition,$499.00,20210902
231032,"MINT Apple iPhone XR 64GB GSM/CDMA A1984 (Coral, Walmart Family Mobile)",$279.00,20210902
233323,Apple iPhone X 64GB GSM Unlocked AT&T T-Mobile Very Good Condition,$299.00,20210902
233330,Apple iPhone 11 64GB Factory Unlocked 4G LTE Smartphone - Very Good,$459.99,20210902
235151,Apple iPhone 12 - 64GB / 128GB (UNLOCKED)  ✅APPLE WARRANTY ✅ ⚫⚪🔴🔵 ✤NEW SEALED✤,$769.95 to $789.95,20210902
235171,Apple iPhone 6S 16GB Space Gray Fully Unlocked CDMA + GSM 4G LTE IOS Smartphone,$79.99,20210902
237086,Apple  iPhone 11 128GB Verizon TMobile AT&T A2111 UNLOCKED,$524.00,20210902
237096,excellent Apple iPhone 12 - 64GB - Blue (Unlocked) has apple warranty ,$689.99,20210902
237099,Apple iPhone 8 Plus 64GB 256GB Factory Unlocked Verizon AT&T T-Mobile GSM CDMA,$239.99 to $289.99,20210902
237101,Apple iPhone 7 Plus - 256GB - Rose Gold (Unlocked) A1661 (CDMA + GSM),$147.00,20210902
237114,Apple iPhone 8 64GB 256GB - Fully Unlocked - New Unused & Sealed in Orginal Box ,$299.99 to $359.99,20210902
237115,Apple iPhone 12 64GB Black Blue Green Red White AT&T Locked Very Good Condition,$559.00,20210902
238961,~ Apple iPhone 7 (Factory UNLOCKED) Verizon AT&T T-Mobile GSM Straight Talk ~,$139.99 to $279.99,20210902
238967,Apple iPhone 8 Factory Unlocked / Verizon T-Mobile AT&T - 64gb 256gb Smartphone,$199.88,20210902
240815,Apple iPhone XS Max - 64GB 256GB 512GB - Unlocked AT&T Verizon T-Mobile Sprint,$409.99 to $709.99,20210902
240817,Apple iPhone XS 64GB 256GB GSM Factory Unlocked Smartphone Verizon AT&T T-Mobile,$309.95 to $379.95,20210902
242740,Apple  iPhone XS Max 512GB Verizon TMobile AT&T UNLOCKED A1921,$469.00,20210902
242748,Apple  iPhone XS 64GB Verizon TMobile AT&T UNLOCKED A1920,$339.00,20210902
242750,Apple iPhone 11 Pro Max - 256GB - Silver (Unlocked) A2161 (CDMA + GSM),$775.00,20210902
244743,Apple iPhone 12 5G 128GB Black (Verizon) MGF93LL/A (A2172) Smartphone,$649.00,20210902
244747,Apple iPhone 12 Mini 5G 128GB Black (Verizon) MG6M3LL/A (A2176) Smartphone,$549.00,20210902
244754,Apple iPhone 12 Mini 5G 128GB - Blue (Verizon) MG6Q3LL/A (A2176) Smartphone,$549.00,20210902
244758,Apple iPhone 12 Pro Max 5G 256GB Gold (Verizon) MG9H3LL/A (A2342) Smartphone,"$1,049.00",20210902
244769,Apple iPhone 12 mini - 64GB - Black (Factory Unlocked) - New - OEM Extras,$649.99,20210902
244777,Apple iPhone 12 - 64GB - Green (Factory Unlocked) - Inbox New - OEM Extras,$739.99,20210902
246595,Apple iPhone X 64GB Factory Unlocked Phone B-Grade,$284.95,20210902
246611,Apple iPhone 8 64GB Factory Unlocked Phone B-Grade,$169.95,20210902
246616,Apple  iPhone 11 PRO 64GB Verizon TMobile AT&T A2160 UNLOCKED,$574.00,20210902
246629,Apple iPhone 7 Plus 128GB Unlocked Smartphone B-Grade,$197.95,20210902
248724,Apple iPhone 8 Plus 64GB Unlocked Smartphone B-Grade,$237.95,20210902
248727,GSM Unlocked Apple iPhone 7 [32GB] Black AT&T T-Mobile [NEW UNUSED],$164.29,20210902
248736,Apple iPhone 7 32GB - Black Factory Unlocked Smartphone,$108.95,20210902
248737,Apple iPhone 7 Plus 32GB Unlocked Smartphone B-Grade,$169.95,20210902
250569,Apple iPhone 8 64GB Factory Unlocked Phone - Very Good,$169.95,20210902
250573,Apple iPhone 7 128GB Unlocked Smartphone - Very Good,$109.95,20210902
250581,Apple iPhone 8 Plus 64GB Unlocked Smartphone - Very Good,$237.95,20210902
250582,Apple iPhone X 256GB Unlocked Smartphone - Very Good,$319.95,20210902
250584,Apple iPhone XS - Gold - 64GB - Fully Unlocked - Smartphone,$279.99,20210902
250589,Apple iPhone 7 Plus 128GB Unlocked Smartphone - Very Good,$197.95,20210902
250592,Apple iPhone 7 Plus 32GB Unlocked Smartphone - Very Good,$169.95,20210902
252574,Apple iPhone 8 64GB Factory Unlocked Verizon AT&T T-Mobile Sprint Very Good,$195.30,20210902
252578,Apple iPhone X 64GB Factory Unlocked Phone - Very Good,$284.95,20210902
252593,SR Apple iPhone 7 Plus 32GB 128GB 256GB GSM Unlocked Black Jet Black Rose Gold,$164.99,20210902
252594,Apple iPhone 6s - 32GB - Space Gray (AT&T) Smartphone MN0M2LL/A,$55.99,20210902
252601,Apple iPhone XR 64GB 128GB 256GB GSM Factory Unlocked Smartphone Cell Phone,$304.95 to $369.95,20210902
252605,Apple iPhone 7 32GB 128GB 256GB Factory Unlocked Excellent Condition,$104.99 to $124.99,20210902
252614,"Apple iPhone 11 Pro Max - 64GB 256GB 512GB, All Colors - Unlocked/Network Locked",$664.99 to $969.99,20210902
252616,"Apple iPhone 7+ Plus - 32GB 128GB 256GB GSM ""Factory Unlocked"" Smartphone Phone*",$184.95 to $219.95,20210902
254442,Apple iPhone 7 Plus 256GB Black Unlocked Smartphone - AT&T / T-Mobile / Global,$209.99,20210902
254450,Apple iPhone XS Black 64GB Factory GSM Unlocked AT&T T-Mobile Metro Smartphone,$235.00,20210902
254466,Apple iPhone SE 2020 2nd. Generation 64GB 128GB 256GB - FACTORY UNLOCKED NEW,$348.00,20210902
256450,SR Apple iPhone XS 64/256/512 GB Gold Gray Silver GSM+CDMA Unlocked- GRADE B,$297.99,20210902
256465,Apple iPhone 12 - 64GB - Blue (Factory Fully Unlocked) - New OEM,$729.99,20210902
256471,Apple iPhone XR - 256GB - Black (Unlocked) A1984 (CDMA + GSM),$145.00,20210902
256484,Apple iPhone 6 - 16GB 32GB 64GB 128GB (Unlocked) Gold Gray Silver - Choose Cond,$59.95 to $75.00,20210902
258324,Apple iPhone 8 (PRODUCT)RED - 64GB - (Straight Talk) A1863 (CDMA + GSM),$100.00,20210902
258327,Apple iPhone XR 64GB Unlocked Verizon AT&T T-Mobile GSM CDMA Smartphone A1984,$283.99,20210902
258338,Apple iPhone XR 64GB Factory Unlocked Smartphone AT&T Verizon T-Mobile,$309.99,20210902
260166,Apple iPhone 12 - 128gb - Unlocked -Factory Warranty- Purple Now! New Color Out!,$874.99,20210902
260181,Apple iPhone XR 64GB GSM Unlocked T-Mobile AT&T  Factory Unlocked & Others,$299.00 to $339.95,20210902
261920,Apple iPhone 11 Pro Max A2161 AT&T T-Mobile Sprint Verizon Factory Unlocked ,$669.00 to $699.00,20210902
261922,Apple iPhone 11 Pro Max A2161 ATT T-Mobile Sprint Verizon Factory Unlocked Good,$589.00 to $619.00,20210902
261924,"Apple iPhone 7+ Plus - 32GB 128GB GSM ""Factory Unlocked""  Phone ""ALL COLORS""",$188.00 to $209.99,20210902
261929,Apple iPhone XR Yellow - 64GB - (Sprint) A1984,$270.00,20210902
261930,Two Apple iPhones 8 Plus 64GB - (T-Mobile),$350.00,20210902
261947,Apple iPhone 8 Plus Factory Unlocked AT&T T-Mobile Verizon Smartphone Very Good,$289.99,20210902
261949,"Apple iPhone 6S Plus 128GB Fully Unlocked 5.5"" SmartPhone",$155.00,20210902
261950,Apple iPhone X  64GB ~ 256GB GSM / CDMA Factory Unlocked Phone,$329.77,20210902
261951,Apple iPhone 8+ Plus - 64GB 256GB Factory GSM Unlocked  AT&T T-Mobile Very Good,$249.95 to $279.95,20210902
261953,"Apple iPhone 7+ Plus - 32GB 128GB 256GB GSM ""Factory Unlocked""  Phone* Very Good",$184.95 to $219.95,20210902
261954,Apple iPhone XS 64GB 256GB GSM Factory Unlocked  Verizon AT&T T-Mobile Very Good,$324.95 to $349.95,20210902
264026,"Apple iPhone 7+ Plus - 32GB 128GB GSM ""Unlocked""  ""ALL COLORS"" (GOOD CONDITION)",$188.00 to $209.99,20210902
264027,Apple iPhone X 64GB 🍎 Verizon T-Mobile AT&T Unlocked 📱 Good Smartphone 🔓,$299.99,20210902
264032,Apple iPhone 12 64GB 5G Blue T-Mobile Smartphone MGFP3LL/A,$569.00,20210902
264038,Apple iPhone 12 64GB 5G Black T-Mobile Smartphone MGFL3LL/A,$569.00,20210902
264039,Apple  iPhone 7 (GSM Unlocked) Smartphone 32GB - Black (GOOD CONDITION),$106.99,20210902
264048,Apple iPhone 12 5G 64GB Black (Verizon) MGF43LL/A (A2172) Smartphone,$629.00,20210902
264059,Apple iPhone 12 Pro 5G 256GB Graphite (Verizon) MGK53LL/A (A2341) Smartphone,$849.00,20210902
264066,Apple iPhone 12 - 64GB - Black (Unlocked),$759.99,20210902
264071,iPhone 11 64GB AT&T,$450.00,20210902
264072,Apple iPhone 12 Pro Max - 256GB - Pacific Blue (Unlocked),$830.00,20210902
266248,Apple iPhone 8/8 Plus 64GB Unlocked Verizon Sprint  Tracfone (8+/10 condition),$232.00 to $338.00,20210902
266250,Apple iPhone 5s - 16GB - SILVER - unlocked - GSM Networks - worldwide,$46.16,20210902
266252,iPhone XR Simple Mobile Coral 64gb A1984 ,$319.99,20210902
266257,Apple iPhone 12 mini - 64GB - White (Unlocked),$530.00,20210902
266264,Apple iPhone 7 32GB Unlocked Smartphone - Very Good,$102.95,20210902
266265,Apple iPhone 8 Plus - 64GB - Space Gray (Factory Unlocked) Great Value,$215.00,20210902
266267,Apple iPhone 11 64GB (Product)Red AT&T LOCKED MWHV2LL/A GRADE C No SIM,$359.98,20210902
266269,Apple iPhone SE 2020 64GB 128GB 256GB Unlocked Verizon AT&T T-Mobile Sprint Good,$249.99 to $339.99,20210902
266276,Apple iPhone 8 Plus 64GB 256GB Factory Unlocked Smartphone A1864 Brand New US,$359.99 to $433.99,20210902
266279,Apple iPhone X 64GB Silver 🍎 Verizon T-Mobile AT&T GSM Unlocked Smartphone,$339.99,20210902
268473,Apple iPhone XR - 64GB - Blue (Unlocked) A1984 (CDMA + GSM) For Parts Or Repair,$100.00,20210902
268475,NEW Apple iPhone XR 64GB Coral Straight Talk / Total Wireless A1984 MH6K3LL/A,$319.00,20210902
268477,Apple iPhone 11 A2111 AT&T T-Mobile Sprint Verizon Factory Unlocked Very Good,$469.00,20210902
268478,Apple iPhone XR 64GB 128GB 256GB Factory Unlocked Excellent Condition,$304.99,20210902
268489,Apple iPhone 12 Pro Max - 256GB - Gold (Unlocked),$700.00,20210902
270654,Apple iPhone 7 - 128GB - All Colors - Unlocked - Good Condition ,$124.99 to $164.99,20210902
270677,Apple iPhone 11 64GB 128GB 256GB Verizon T-Mobile AT&T Good,$449.99 to $549.99,20210902
270680,SR Apple iPhone XS 64GB 256GB 512GB GSM+CDMA UNLOCKED- NO FACE ID- GRADE B,$274.99,20210902
270682,Apple iPhone 12 Mini 5G 64GB RED - T-Mobile MG723LL/A  (A2176),$519.00,20210902
270687,OB Apple iPhone XS 64 GB 256 GB 512 GB - GSM+CDMA Unlocked - NO FACE ID,$314.99 to $358.99,20210902
270688,Apple iPhone 7 - 32GB - Black (AT&T) Smartphone  MN9D2LL/A,$85.99,20210902
270690,APPLE IPHONE 7 *ALL COLORS* FACTORY UNLOCKED 32GB (VERY GOOD CONDITION),$103.00,20210902
270692,Apple iPhone 7 128GB Jet Black (GSM Unlocked) 100% Tested Functional. Preowned,$99.99,20210902
270695,Apple iPhone 6S 16GB Space Gray Fully Unlocked Good,$89.99,20210902
272870,Apple iPhone 12 Pro Max - 128GB - Gold (Verizon),$900.00,20210902
272879,Apple iPhone 12 Pro - 128GB - Graphite (Unlocked) New Factory Sealed,"$1,050.00",20210902
272898,Apple iPhone 8 Plus / 8 / 6S Plus / 6S 256GB 128GB 64GB Unlocked-See Description,$219.99 to $499.99,20210902
272904,Apple iPhone X | 64GB 256GB | Unlocked Verizon AT&T T-Mobile | Good Condition,$319.98 to $379.98,20210902
275072,Apple iPhone 8 - 64GB - All Colors - Unlocked - Very Good Condition ,$189.99 to $219.99,20210902
275077,Apple iPhone 6s 16GB 32GB 64GB 128GB Unlocked B Grade,$74.99 to $119.99,20210902
275078,Apple iPhone 12 Pro Max Unlocked 128/256/512gb Silver/Pacific Blue/Gold/Graphite,"$1,199.99 to $1,579.99",20210902
275088,Apple iPhone 11 Pro - 64GB - Red (Unlocked) A2160 (CDMA + GSM),$405.00,20210902
275089,Apple iPhone 11 A2111 AT&T T-Mobile Sprint Verizon Factory Unlocked - Excellent,$489.00,20210902
275093,BLACK Apple iPhone 12 Pro Max - 512gb - Unlocked - Factory Sealed T-Mobile AT&T,"$1,295.00",20210902
275098,Apple iPhone 6s Plus 16GB 32GB 64GB 128GB Factory Unlocked AT&T Verizon Sprint,$88.00 to $149.00,20210902
275100,Apple iPhone XS Max 64GB Unlocked Smartphone - Very Good,$409.95,20210902
275103,Apple iPhone 11 Pro Max - 64GB - Space Grey (Unlocked) A2161 (CDMA + GSM),$600.00,20210902
275104,"Apple iPhone 7 - 32GB 128GB 256GB GSM ""Factory Unlocked""  All Colors* Very Good",$104.95 to $129.95,20210902
275105,used iPhone 7 Plus 256GB Rose Gold. Please Read Description- Serious Buyers Only,$125.00,20210902
275107,Apple iPhone XS 512GB - All Colors - Fully Unlocked (CDMA+GSM) - Good Condition,$399.99 to $459.99,20210902
