,Product,Price,Date
0,Apple iPhone 8 64GB GSM Factory Unlocked GRAY & SILVER (GOOD CONDITION),$179.99,20220418
1,Apple iPhone 8 64GB 256GB Unlocked Straight talk T-mobile AT&T Verizon Metro (N),$209.00 to $269.00,20220418
2,Apple iPhone 11 Pro - 256GB - All Colors (Unlocked) A2160 - Good Condition ,$548.99,20220418
3,Apple iPhone XR Black 128GB A1984 LTE GSM CDMA Verizon Unlocked - Very Good,$336.99,20220418
4,Apple iPhone XR 64GB Factory Unlocked Smartphone 4G LTE iOS Smartphone - Very,$309.99,20220418
5,Apple iphone 7/7 plus 32GB/128GB Black Gold Unlocked Verizon Tmobile Smartphone,$93.00 to $247.00,20220418
6,Apple iPhone 11 64GB Factory Unlocked 4G LTE Smartphone - Good,$399.99,20220418
7,Apple iPhone 12 Mini 5G 64GB Factory Unlocked TMobile Metro Ultra Mint EXCELLENT,$439.00 to $459.00,20220418
8,Apple iPhone 12 Pro Max - 256GB - Pacific Blue (Unlocked),$574.00,20220418
9,Apple iPhone X - 64GB - Space Gray  A1865 GSM & CDMA UNLOCKED ~MRF~ VERY GOOD!,$274.95,20220418
10,Apple iPhone 8 64GB Factory Unlocked Phone - Very Good,$179.95,20220418
11,Apple iPhone X 64GB Factory Unlocked Phone - Very Good,$307.95,20220418
12,Apple iPhone 8 64GB 256GB Verizon T-Mobile AT&T Unlocked Good Condition,$149.99 to $179.99,20220418
13,"Apple iPhone 7+ Plus - 32GB 128GB GSM ""Unlocked""  ""ALL COLORS"" (GOOD CONDITION)",$188.00 to $208.00,20220418
14,Apple iPhone 11 Pro - 256GB - All Colors (Unlocked) A2160 - Very Good Condition ,$575.99 to $593.99,20220418
15,Apple iPhone 8 Plus - 64GB - Factory Unlocked - Good Condition,$249.00,20220418
16,🔥Apple iPhone SE [1st Gen] 32 / 64 / 128GB Unlocked Smartphone - NEW SEALED🔥,$153.99 to $209.99,20220418
17,Apple iPhone SE 32GB Space Gray Locked Straight Talk & Tracfone A1662 CDMA + GSM,$78.00,20220418
18,Apple iPhone 11 Pro Max A2161 ATT TMob Sprint Verizon Factory Unlocked Very Good,$659.00 to $759.00,20220418
19,Apple iPhone 7 32GB 128GB 256GB Factory Unlocked Excellent Condition,$119.99,20220418
20,Apple iPhone 11 64GB Unlocked Smartphone - Very Good,$417.95,20220418
21,Apple iPhone 8 Plus 64GB Factory Unlocked Smartphone - Good,$234.99,20220418
22,Apple iPhone XR 64GB Factory Unlocked Smartphone 4G LTE iOS Smartphone - Good,$299.99,20220418
23,Apple iPhone XR 128GB Factory Unlocked 4G LTE Smartphone - Good,$314.99,20220418
24,Apple iPhone 8 - 64GB - Gold (Unlocked) A1863 (CDMA + GSM),$149.00,20220418
25,Apple iPhone 11 Pro Max 64GB 256GB 512GB Verizon T-Mobile Good Condition,$549.99 to $679.99,20220418
26,Apple iPhone XS Max - 64GB - Gold (Unlocked) A1921 (CDMA + GSM),$343.00,20220418
27,"Apple iPhone 7 32GB- Gold,Black,Silver Verizon at&t Unlocked Tmobile Smartphone ",$90.00 to $141.00,20220418
28,Apple iPhone 11 - 128GB - All Colors - Fully Unlocked - Very Good Condition ,$476.99 to $485.99,20220418
29,Apple iPhone 11 128GB Factory Unlocked 4G LTE Smartphone - Very Good,$459.99,20220418
30,Apple iPhone 11 - 64GB - Black (Verizon),$399.00,20220418
31,Unlocked Verizon Apple iPhone 8 A1863 Gray 64GB iOS Smartphone Please Read,$149.99,20220418
32,iPhone 11 Pro Max 256GBUnlocked,$517.00,20220418
33,Apple iPhone XS 64GB Factory Unlocked 4G LTE iOS Smartphone - Very Good,$309.99,20220418
34,Apple iPhone 11 Pro Max 64GB Factory Unlocked 4G LTE Smartphone - Very Good,$599.99,20220418
35,Apple iPhone 7 Plus 128GB Factory Unlocked 4G LTE iOS WiFi Smartphone - Good,$197.95,20220418
36,Apple iPhone 8 64GB 256GB GSM Factory Unlocked Verizon AT&T T-Mobile Very Good,$213.00,20220418
37,Apple iPhone SE 2020 - 64GB - Factory Unlocked - Very Good Condition,$249.99,20220418
38,Apple iPhone 8 Plus - 64GB - Space Gray (Unlocked) A1897 (GSM),$125.00,20220418
39,Apple iPhone XS Max - 64gb - Space Gray Unlocked - Great Condition -SHIPS NOW!!!,$399.00,20220418
40,Apple iPhone XR 128GB Factory Unlocked 4G LTE Smartphone - Excellent,$339.99,20220418
41,Apple iPhone 12 Pro Max - 256GB - Silver (Unlocked)  2 CASES INCLUDED,$995.00,20220418
42,Apple iPhone 8 64GB 128GB 256GB Factory Unlocked Excellent Condition,$179.99,20220418
43,Apple iPhone SE 1 Gen 16/32/64/128GB - Fully Unlocked - Sealed in Original Box,$121.99 to $221.99,20220418
44,Apple iPhone 11 Pro Max - 256GB - Silver (AT&T) A2161 (CDMA + GSM),$360.00,20220418
2031,Apple iPhone XR Black 128GB LTE GSM CDMA UMTS,$259.99,20220418
2041,Apple iPhone 11 Pro Max - 256GB - All Colors (Unlocked) - Very Good Condition ,$683.99 to $701.99,20220418
2047,Apple iPhone 12 -64GB- Black (Boost),$500.00,20220418
2048,Open Box - Apple iPhone 12 - 64GB - Blue ( Factory Unlocked ) A2172 GSM & CDMA,$669.69,20220418
2049,Apple iPhone 11 Pro Max - 256GB - Midnight Green (Unlocked) A2161 (CDMA + GSM),$192.50,20220418
2051,Apple iPhone 8 64GB 256GB - Fully Unlocked - New Unused & Sealed in Orginal Box ,$289.99 to $349.99,20220418
2052,Apple iPhone XR - 64GB - All Colors - Fully Unlocked - Very Good Condition ,$350.99 to $359.99,20220418
2059,Apple iPhone XS Max - 64GB - All Colors - Fully Unlocked - Very Good Condition,$377.99,20220418
2060,Apple iPhone 12 Mini Factory Unlocked 64GB 256GB - Very Good Condition,$479.95 to $539.95,20220418
2062,Apple iPhone 8 - 64GB - All Colors - Unlocked - Very Good Condition ,$215.99,20220418
2063,Apple iPhone X 64GB Factory Unlocked AT&T T-Mobile Verizon - Very Good,$279.99,20220418
2064,Apple iPhone 7 Plus - Jet Black A1784 See Description,$3.25,20220418
2065,Apple iPhone 12 Pro A2341 128GB Blue! Clean ESN! Factory Unlocked phone!,$808.74,20220418
2066,"Apple iPhone 7+ Plus 32GB 128GB 256GB GSM ""Factory Unlocked Phone Good Condition",$184.95 to $219.95,20220418
2067,"Apple iPhone 7 32GB 128GB 256GB GSM ""Factory Unlocked"" All Colors Good Condition",$129.95,20220418
2068,Apple iPhone 11 64GB 128GB 256GB Verizon T-Mobile AT&T Good Condition,$369.99 to $519.99,20220418
2069,Apple iPhone 3GS (AT&T) 8GB Black In Box 1st Appearance - GSM 3G - Model A1303,$35.99,20220418
4058,Apple iPhone 11 Pro - 256GB - Gold (Unlocked) A2160 (CDMA + GSM),$450.00,20220418
4069,APPLE IPHONE SE 1st generation 64GB FACTORY UNLOCKED Space Gray,$85.00,20220418
4074,Apple iPhone XR 128GB Factory Unlocked 4G LTE Smartphone - Very Good,$324.99,20220418
4075,Apple iPhone XR 64GB Factory Unlocked Smartphone - Very Good,$309.95,20220418
4076,Apple iPhone 7 - 32GB - Black (TracFone/Total Wireless) A1660 (CDMA + GSM),$79.00,20220418
4080,Apple iPhone 11 (PRODUCT)RED - 128GB (Unlocked) A2111 (CDMA + GSM),$399.00,20220418
4081,Apple iPhone XR 128GB Fully Unlocked (GSM+CDMA) Coral NO FACE ID,$310.00,20220418
4082,Apple iPhone SE (1st Generation) (2016) - 64GB - Space Gray A1662 Used,$56.00,20220418
4085,Open Box Apple iPhone 12 Pro Max - 128GB - Pacific Blue (Unlocked) 😃,"$1,069.42",20220418
4086,SEALED Apple iPhone 6 Plus 16GB Gold (Unlocked) A1522 (GSM) MGC12LL/A - NEW,$164.97,20220418
4089,Apple iPhone 7 (PRODUCT) RED - 128GB - AT&T UNLOCKED ,$175.00,20220418
4090,Apple iPhone 12 Pro Max - 512GB - Gold (Unlocked),$850.00,20220418
4091,Apple iPhone 5c - 8GB - Pink (AT&T) A1532,$29.99,20220418
4094,Apple iPhone 7 Plus - Unlocked - 32GB - Black - Smartphone - Very Good,$189.99,20220418
4095,Apple iPhone XR - 64GB - White (Unlocked) Used,$300.00,20220418
6168,Apple iPhone 11 128 GB Black Black   ,$450.00,20220418
6171,Apple iPhone 8 - 64GB - Space Gray (AT&T) A1905 (GSM),$69.00,20220418
6173,Apple iPhone X 256GB Unlocked Smartphone - Excellent condition,$188.00,20220418
6175,Apple iPhone 11 - 64GB White Unlocked Verizon    Excellent Condition,$415.00,20220418
6176,Apple Iphone 13 128GB unlocked,$764.00,20220418
6178,Apple iPhone 8 64GB Unlocked Smartphone - (A1863),$50.00,20220418
6186,Apple iPhone XR 64GB Black Verizon Unlocked Very Good Condition,$299.99,20220418
6188,IPHONE XR (AT&T) Read,$200.00,20220418
6191,Apple iPhone 6s - 128GB - Gold (Unlocked) A1633 (CDMA + GSM),$50.00,20220418
6194,"Apple iPhone 11 Pro Max 256GB GOLD T-MOBILE, METRO PCS, SIMPLE MOBILE",$689.00,20220418
6198,"Apple iPhone 12, Red, 64GB, T-Mobile, A2172 *Blacklisted *Read Descrip.",$469.99,20220418
6201,Apple iPhone 12 mini 128GB Unlocked  Excellent Condition,$549.00,20220418
6202,Apple iPhone XR 64GB Factory Unlocked Smartphone 4G LTE iOS - Very Good ,$299.99,20220418
6206,Apple iPhone XR - 64GB - Black (Unlocked) A1984 (CDMA + GSM) Smartphone (R73),$0.01,20220418
6207,Apple iPhone 8 Plus - 64GB - Space Gray (Unlocked) A1897 (GSM) Smartphone (AK46),$0.01,20220418
6210,Apple iPhone 7 - 128GB - Black (Unlocked) A1778 (GSM),$63.00,20220418
6212,Apple iPhone XS 256GB Factory Unlocked 4G LTE iOS Smartphone - Very Good,$329.99,20220418
8380,Apple iPhone 8 64GB 256GB Unlocked Straight talk T-mobile AT&T Verizon EXCELLENT,$199.00 to $259.00,20220418
8382,Apple iPhone 11 Pro Max 256 gb silver,$0.99,20220418
8383,Apple iPhone 11 Pro 64GB Gold Verizon Unlocked Please Read,$300.00,20220418
8385,"iPhone 7 Plus (128 GB, Rose Gold, GSM Unlocked)",$179.00,20220418
8387,Apple iPhone XS Max - 512GB - Gold (Unlocked) A1921 (CDMA + GSM),$497.00,20220418
8389,Apple iPhone 11 - 128GB - All Colors - Fully Unlocked (CDMA+GSM)- Good Condition,$449.99 to $476.99,20220418
8392,Apple iPhone 13 Pro Max - 256GB - Graphite (Unlocked),$650.00,20220418
8394,"Apple iPhone 11 (64GB, Black, Unlocked)",$399.00,20220418
8397,Apple iPhone 12 Pro 128GB Ocean Blue Smartphone,$424.00,20220418
8398,Apple iPhone 12 Pro - 128GB - Graphite - UNLOCKED + WARRANTY,$814.97,20220418
8400,iphone x unlocked,$270.00,20220418
8404,Apple iPhone 12 - 64GB - Green (SPECTRUM),$490.00,20220418
8405,Apple iPhone XR - 64GB - Coral (Cricket) A1984 (CDMA + GSM)-EXCELLENT-NO FACE ID,$99.99,20220418
8406,Apple iPhone 11 - 128GB - Black (Unlocked) A2111 (CDMA + GSM),$414.00,20220418
8409,Apple iPhone 13 - 256GB - Blue (Unlocked),$250.00,20220418
8411,Apple iPhone 11 64GB - Black - A2111 - T-Mobile *OPEN BOX *READ Description,$379.99,20220418
8414,Apple - iPhone 13 mini 5G 256GB - Blue (T-Mobile Locked),$699.00,20220418
8416,Apple iPhone 6 - 16GB - Space Gray (AT&T) A1549 (GSM),$50.00,20220418
8417,Apple iPhone 8 - 64GB 256GB GSM Factory Unlocked  AT&T T-Mobile Very Good,$179.95 to $189.95,20220418
8418,Apple iPhone 13 mini - 128GB - Blue (Unlocked) - Only used 2 months!,$689.95,20220418
8419,Apple iPhone 12 Pro Max - Excellent Condition - 128GB - Silver (AT&T),$899.00,20220418
10687,APPLE IPHONE 7 *ALL COLORS* FACTORY UNLOCKED 32GB (VERY GOOD CONDITION),$105.00,20220418
10690,Apple iPhone 12 Pro - 128GB - Graphite (Unlocked),$700.00,20220418
10691,Apple iPhone 13 Pro Max - 256GB - Graphite (Verizon),"$1,050.00",20220418
10692,Apple iPhone 11 Pro Max A2161 ATT T-Mobile Verizon Factory Unlocked - VERY GOOD,$659.00 to $689.00,20220418
10694,Apple iPhone 6s Factory Unlocked Verizon AT&T T-Mobile Smartphone GSM 4G LTE,$119.99 to $134.99,20220418
10696,Apple iPhone SE 2nd Gen. - 64GB - Black (Unlocked),$219.99,20220418
10697,Apple iPhone XS 256GB - All Colors - Fully Unlocked (CDMA+GSM) - Good Condition,$341.99,20220418
10698,Apple iPhone 12 - 128GB - Pacific Blue (T-Mobile),$550.00,20220418
10700,Apple iPhone XR 128GB Black Unlocked No Reserve Free Shipping Great Condition,$200.00,20220418
10707,Apple iPhone 11 - 256GB - All Colors - Fully Unlocked - Very Good Condition ,$485.99 to $512.99,20220418
10710,Apple iPhone XS - 64GB - Space Gray (Unlocked) With Original Box and Contents!,$39.95,20220418
10714,New Apple iPhone 13 - 128GB - Red (Factory Unlocked),$899.00,20220418
10716,Apple iPhone 8 - 64GB - Factory Unlocked - Very Good Condition,$178.99,20220418
10717,Apple iPhone X 64GB/256GB Gray Silver Unlocked Verizon at&t Tmobile Smartphone ,$241.00 to $366.00,20220418
10718,Apple iPhone 11 - 64GB - Purple (Unlocked) A2111 (CDMA + GSM),$450.00,20220418
10724,Apple iPhone 12 - 64GB - Green (Unlocked) INCLUDES ORIGINAL PACKAGING WARRANTY,$0.01,20220418
10725,Apple iPhone 11 64GB PRODUCT(Red) - (T-Mobile) MWJG2LL/A iOS Smartphone,$32.00,20220418
12892,Apple iPhone 12 Pro - 256GB - Graphite (Unlocked) Very Good Slightly Used,$519.00,20220418
12896,Apple iPhone X 64GB GSM Factory Unlocked A1901 Smartphone 4G LTE iOS - Very Good,$289.95,20220418
12898,Apple iPhone 11 - 64GB - Green (Sprint) A2111 (CDMA + GSM),$250.00,20220418
12899,Apple iPhone 12 Mini A2176  64GB CDMA+GSM (Xfinity) Black,$369.00,20220418
12900,Apple iPhone XR - 64GB IC LOCKED (BLACK) Parts Only ,$88.95,20220418
12903,Apple iPhone 7 - 32GB - Factory Unlocked - Good Condition,$99.99,20220418
12907,IMPERFECT - Apple iPhone 6 - 64GB - Space Gray (Unlocked) A1549 (GSM)SOFT HB,$45.99,20220418
12915,Apple iPhone 8 Plus - 64GB - Rose Gold (Verizon) A1864 (CDMA + GSM),$245.00,20220418
12919,Apple iPhone X - 64GB - All Colors - Fully Unlocked (CDMA+GSM) - Good Condition,$305.99,20220418
12924,Apple iPhone 13 - 128GB - Pink (Unlocked),$825.00,20220418
12925,Apple iPhone XS - 256GB - Space Gray (AT&T) ,$164.00,20220418
12927,Apple iPhone 12 Pro A2341 - 128GB - All Colors (Unlocked) - Very Good Condition ,$818.99,20220418
12930,Apple iPhone X 256GB Silver White Unlocked Very Good Condition (lcd Defective ),$200.00,20220418
12931,Apple iPhone 11 Pro Max - 256GB - Space Gray (Unlocked) - Free 2-Day Shipping,$675.00,20220418
12932,Apple iPhone SE 2020 2nd Gen Unlocked  A2275 Black White Red 64GB 128GB 256GB,$279.00 to $369.00,20220418
12933,Apple iPhone 11 Pro Max - 256GB - Gold (AT&T) A2161 (CDMA + GSM),$78.00,20220418
12934,Apple iPhone 8 Plus 64GB 128GB 256GB Factory Unlocked Excellent Condition,$259.99,20220418
12935,White Apple iPhone 4 8GB CDMA 3G Model A1349 *Read Description*              t5u,$12.99,20220418
15196,Iphone 6 64gb T-Mobile,$100.00,20220418
15201,APPLE IPHONE 6 128GB GRAY - A1549 - FACTORY UNLOCKED - WORKS GREAT - LOOK'S GOOD,$2.00,20220418
15204,Apple iPhone 12 mini - 256GB - Green (Unlocked) New Sealed,$549.99,20220418
15210,Apple iPhone 7 Plus - 128GB - Rose Gold Unlocked With Original Box - Mint,$99.00,20220418
15211,Apple iPhone 11 Pro - 64GB - Space Gray (Unlocked) A2160 (CDMA + GSM),$500.00,20220418
15216,"iPhone 7 Plus (A1661) Black, 32 GB Unlocked (AT&T, T-Mobile)",$99.00,20220418
15222,Apple iPhone 7 - 32GB - All Colors - Unlocked - Good Condition ,$139.99 to $174.99,20220418
15225,Apple iPhone 8 Plus 64GB Gold Unlocked Very Good Condition,$240.00,20220418
15234,Apple iPhone 11 Pro - 64GB - Space Gray (Unlocked) A2160 - Excellent Condition ,$100.00,20220418
15236,Excellent Condition Apple iPhone 5s Unlocked 16GB Model Verizon At&t Tmobile,$49.99,20220418
15237,Apple iPhone 8 Plus 256GB Unlocked Smartphone - Very Good,$289.95,20220418
15239,UNLOCKED EXCELLENT Apple iPhone 4S 16GB Verizon A&t T-Mobile MetroPCS TracFone,$34.49,20220418
17498,"Apple iPhone 6s Plus, Fully Unlocked | 32 GB, Gray, 5.5 in | A1687 | Good",$118.02,20220418
17503,Apple iPhone 8 Plus 64GB Factory Unlocked Smartphone - Very Good,$249.99,20220418
17504,Apple iPhone 7 - 32GB - Black (Verizon) A1660 (CDMA + GSM),$85.00,20220418
17505,APPLE IPHONE 6S PLUS - 32GB - A1634 - GRAY - TRACFONE - CLEAN IMEI - LOOKS GOOD,$0.99,20220418
17516,Apple iPhone 6s - 16GB - Space Gray (Unlocked) A1633 (CDMA   GSM),$69.99,20220418
17520,Apple iPhone 8 - 64GB - Space Gray A1905 GSM UNLOCKED ~MRF~ VERY GOOD!,$169.99,20220418
17522,Apple iPhone SE 2nd Gen 64GB - Black - Unlocked - A2275 *NEAR MINT *READ Dscrptn,$249.99,20220418
17523,Apple iPhone X - 64GB - Silver  A1865 GSM & CDMA UNLOCKED ~MRF~ VERY GOOD!,$269.99,20220418
17525,Apple iPhone SE 2nd Gen 2020 128GB Black (Unlocked) Only Wireless Charges,$249.99,20220418
17526,NEW Apple iPhone 8 - 64GB (GSM + CDMA Unlocked) Factory Unlocked Any Carrier,$199.95,20220418
17529,Apple iPhone 11 Pro - 256GB - Midnight Green (Unlocked) A2160 (CDMA + GSM),$625.00,20220418
17531,AT&T unlocked Apple iPhone 8 Plus MQ8T2LL/A 64GB 5.5 in (Space Gray),$73.00,20220418
17532,Apple iPhone 12 Pro - 128GB - Pacific Blue (Unlocked),$750.00,20220418
17534,Apple iPhone X - 256GB - Factory Unlocked - Very Good Condition,$304.99,20220418
17536,Apple iPhone 12 Pro A2341 512GB Gold! Free Fast Delivery! Clean ESN! Unlocked!,$850.75,20220418
17538,iphone 12 pro max 128gb,$700.00,20220418
17539,Apple iPhone SE 2020 GEN 2 Black 64GB Carrier locked to METROPCS ONLY,$160.00,20220418
17540,Apple iPhone 7 Plus - 32GB - Gold (Unlocked) A1661,$159.00,20220418
17541,Apple iPhone 7 Plus Additional I Phone 5 2 For 1. As is. Verizon See details.,$45.00,20220418
19613,Apple iPhone 5 - 16gb - Silver - *GOOD CONDITION/ORIGINAL BOX* (GSM + CDMA) Read,$52.99,20220418
19619,Unlocked Apple iPhone 6s 32GB Space Gray A1633,$0.99,20220418
19622,Apple iPhone 8 - 64GB - Silver (Verizon) A1863 (CDMA + GSM),$150.00,20220418
19623,Apple iPhone 7 (Unlocked) 32GB Black MN8G2LL/A,$1.00,20220418
19627,Apple iPhone 5 16gb - Black - *GOOD CONDITION/ORIGINAL BOX*  *CHRISTMAS SPECIAL*,$46.99,20220418
19633,"iphone 8. plus 64 GB, WHITE COLOR, UNLOCKED",$189.99,20220418
19636,Apple iPhone 7 - 32GB - Black A1660 (CDMA + GSM)  - Extras,$66.00,20220418
19638,Apple iPhone 5 16GB Black (Verizon) A1429 GSM  Used.Fair Condition,$20.00,20220418
19644,Apple iPhone 3Gs (AT&T) Smartphone 8GB Black - GSM 3G - Model A1303,$17.99,20220418
19645,Apple iPhone X - 64GB - Space Gray  A1901 GSM UNLOCKED ~MRF~ VERY GOOD!,$273.99,20220418
19646,Apple iPhone SE 2020 - 64GB - Black (Unlocked) A2275 Excellent Condition,$255.00,20220418
19648,Apple iPhone SE 2nd Gen 64GB 128GB 256GB Fully Unlocked Good Condition,$239.99 to $329.99,20220418
19650,Apple iPhone 5C - 16gb - White - *GREAT CONDITION* - GSM (AT&T),$42.99,20220418
19651,Apple iPhone 8 - 64GB - Fully Unlocked (CDMA+GSM) - Very Good Condition,$164.99,20220418
19653,Apple iPhone 8 - 64GB - Silver (Unlocked) A1905 (GSM),$94.00,20220418
19655,Apple iPhone 12 Pro Max - 512GB - Pacific Blue (Unlocked),$899.00,20220418
19656,Apple iPhone 7 - 128GB - Black (Verizon) A1660 (CDMA + GSM),$69.00,20220418
19657,Apple iPhone XR (PRODUCT)RED 64GB Unlocked,$255.00,20220418
21736, Apple iPhone SE 2nd Gen. - 64GB - Black (Unlocked) A2275,$199.00,20220418
21737,Apple iPhone 11 64GB Purple AT&T Very Good Condition,$211.00,20220418
21739,"APPLE IPHONE 7, 32GB, BLACK AT&T UNLOCKED ",$109.99,20220418
21744,Lot of (5) Apple iPhones XR - 64GB -Black (Verizon) (CDMA + GSM),$600.00,20220418
21747,Apple iPhone 7 Plus 32GB Unlocked Smartphone - Very Good,$179.95,20220418
21749,Apple iPhone 13 mini - 128GB - Midnight (Unlocked) With Apple Accessories MINT!,$679.00,20220418
21751,Apple iPhone 12 Mini Factory Unlocked 64GB Smartphone 5G - Fair Condition,$409.95,20220418
21753,Apple iPhone 7 32GB Matte Black Verizon Unlocked Good Condition,$119.99,20220418
21754,Apple iPhone XR - 64GB - white (Unlocked) ,$288.00,20220418
21755,Apple iPhone XR - 64GB - White (AT&T) *READ Description* !OFFERS OPEN!,$191.69,20220418
21762,"Apple iPhone SE 1st Gen 32GB, Space Gray, Unlocked, Used ",$85.00,20220418
21763,Apple iPhone 8 - 64GB - Space Gray (Verizon) A1863 (CDMA + GSM),$138.00,20220418
21766,Apple iPhone 6S - 16GB - rose gold (Unlocked),$50.00,20220418
21768,Apple iPhone X - 64GB - Space Gray (Unlocked) A1901 (GSM),$265.00,20220418
21771,Apple iPhone XS Max - 64GB - Space Gray GSM & CDMA UNLOCKED -A1921 - ~VERY GOOD!,$364.99,20220418
21772,Apple iPhone 13 mini - 512GB - Midnight (AT&T),$600.00,20220418
23846,Apple iPhone X 256GB Space Gray Unlocked Very Good Condition,$320.00,20220418
23848,Apple iPhone 12 Pro - 512GB - Pacific Blue (Unlocked),$895.00,20220418
23854,Apple iPhone 7 32GB T-Mobile / Metro PCS - 4G Smartphone Black - GOOD,$99.99,20220418
23855,Apple iPhone X 64GB Space Gray Unlocked Good Condition,$250.00,20220418
23856,Apple iPhone 8 Plus - 256GB - All Colors - Fully Unlocked - Good Condition,$238.00,20220418
23862,Apple iPhone 11 Pro - 64GB - Silver (AT&T) A2160 (CDMA + GSM),$449.99,20220418
23867,Apple iPhone SE [1st Gen] 32 / 64 / 128GB Unlocked Smartphone - NEW SEALED,$153.99 to $209.99,20220418
23870,Used Apple iPhone XS - 64GB - GOLD - Unlocked - Excellent Condition CDMA + GSM,$50.00,20220418
23877,Apple iPhone 12 Black 64GB (AT&T & Cricket) A2172 (CDMA + GSM) Factory Sealed,$20.50,20220418
23882,Apple iPhone 11 64GB Factory Unlocked 4G LTE Smartphone - rough,$380.00,20220418
23883,Apple iPhone 12 Pro - 256GB - Graphite (Unlocked),$850.00,20220418
23884,Apple iPhone SE - 128GB - Space Gray (Unlocked) A1662- With Extras..........L@@K,$99.00,20220418
23885,Apple iPhone 12 - 128GB - Black (AT&T). Mint Condition. ,$550.00,20220418
25872,Apple iPhone 11 64GB Factory Unlocked 4G LTE Smartphone - Very Good,$389.99,20220418
25873,Apple iPhone 13 - 128GB - Blue (T-Mobile),$400.00,20220418
25875,Apple iPhone 11 - 256GB - Silver (Unlocked) A2160 (CDMA + GSM),$363.00,20220418
25877,Apple iPhone XS 64GB Factory Unlocked 4G LTE iOS Smartphone - Excellent,$325.00,20220418
25881,Apple iPhone 6s - 64GB - Gold - Unlock TLP-12,$74.99,20220418
25886,Apple iPhone 7 Plus - 128GB - Silver (Unlocked) A1661 (CDMA + GSM),$0.99,20220418
25891,Apple iPhone 11 - 64GB - White (T-Mobile) A2111 (CDMA + GSM),$340.00,20220418
25892,Apple iPhone 12 Pro - 128GB - Graphite (AT&T),$805.00,20220418
25901,Apple iPhone 11 - 64GB - White - Fully Unlocked Smartphone A2111 - Very Good,$384.99,20220418
25905,Apple iPhone 8 Plus - 256GB - Gold (AT&T) A1897 (GSM),$200.00,20220418
25906,Apple iPhone X - 64GB - All Colors - Fully Unlocked - Very Good Condition ,$314.99 to $332.99,20220418
25911,Apple iPhone 13 Pro Max - 128GB - Sierra Blue (Unlocked),"$1,399.99",20220418
28081,Apple iPhone XR Black 128GB A1984 LTE GSM CDMA Verizon Unlocked,$292.99,20220418
28089,Apple iPhone 12 Pro Max 128GB Graphite Unlocked 5G With Box And Accessories,"$1,085.00",20220418
28090,Apple iPhone 6S 32GB Unlocked Smartphone - Rose Gold (A1633) Excellent Condition,$0.99,20220418
28094,Apple iPhone 11 - 64GB - White (Unlocked) A2111 (CDMA + GSM),$100.00,20220418
28101,Apple iPhone 11 Pro Max - 64GB - Gold (Unlocked) A2161 (CDMA + GSM),$500.00,20220418
28102,Apple iPhone 12 Pro Max - 256GB - Pacific Blue (T-Mobile) Clean IMEI,$800.00,20220418
28103,Apple iPhone 12 mini 128GB T-Mobile ONLY Excellent Condition,$489.99,20220418
28111,Apple iPhone 8 64GB Space Gray Verizon Unlocked Good Condition,$169.99,20220418
28113,Apple iPhone 8 64GB Factory Unlocked Smartphone - Very Good,$179.99,20220418
30202,NEW*  Apple iPhone 12 Pro Max 128GB | Factory Unlocked | All Colors!,$999.99,20220418
30203,Apple iPhone 8 - 64GB - Rose Gold (Sprint Tmobile) A1863 (CDMA + GSM),$70.00,20220418
30206,Apple iPhone 8 Plus - 64GB - Gold (Unlocked) A1864 (CDMA + GSM),$220.00,20220418
30217,Apple iPhone 12 Mini Factory Unlocked & Others - 64GB 128GB 256GB - Very Good,$389.95 to $539.95,20220418
30218,Apple iPhone 12 - 64GB - Purple (Verizon) (Sealed) *READ*,$680.00,20220418
30221,Apple iPhone 7 32GB GSM Factory Unlocked 4G LTE iOS WiFi Smartphone,$109.99,20220418
30226,Apple iPhone XR - 64GB - Blue (Unlocked) A1984 (CDMA + GSM),$199.99,20220418
30228,Apple iPhone 8 64GB Factory Unlocked Smartphone - Good,$169.99,20220418
30229,Apple iPhone 12 Pro 128GB Gold Verizon Smartphone MGK33LL/A,$749.00,20220418
30232,Apple iPhone XR White 64GB Unlocked (GSM+CDMA) MT312LL/A,$250.00,20220418
30233,Apple iPhone 11 (PRODUCT)RED - 64GB (Xfinity) A2160 (CDMA + GSM),$180.00,20220418
30238,Apple iPhone 6S Plus 64GB Unlocked Smartphone - Very Good,$134.95,20220418
32220,Apple iPhone 12 mini - 128GB - Black (Unlocked),$499.99,20220418
32230,Apple iPhone 11 - 64GB - Black (T-Mobile) A2111 (CDMA + GSM) *FREE Shipping*,$379.00,20220418
32232,Apple iPhone 8 - 64GB - All Colors - Unlocked - Good Condition ,$199.99,20220418
32236,(Mint) Apple iPhone X - 256GB - Space gray Unlocked ,$250.00,20220418
32242,New/SEALED Apple iPhone 13 (6.1”) 128GB STARLIGHT (WHITE) A2482 FOR T-MOBILE,$759.00,20220418
32245,Apple iPhone XS 64GB Unlocked Smartphone - Very Good,$274.99,20220418
32250,Apple iPhone SE Locked Smartphone - used - pre owned,$23.80,20220418
32252,Apple iPhone 7 - Factory Unlocked - 128GB - Jet Black - Smartphone - Good,$109.99,20220418
32254,Apple iPhone 13 Pro Max - 1TB - Sierra Blue (Verizon),"$1,275.00",20220418
32255,Apple iPhone XS - 64GB - Space Gray (Unlocked) A1920 (CDMA + GSM),$269.00,20220418
32258,Apple iPhone XS Max - 64GB - Gray (Unlocked) A1921 (CDMA + GSM),$120.00,20220418
32259,Apple iPhone 7 - Factory Unlocked - 128GB - Silver - Smartphone ,$94.99,20220418
32260,Apple iPhone 12 mini - 256GB - Blue (Unlocked),$575.00,20220418
32264,Apple iPhone 12 Mini White 64GB Straight Talk / Total Wireless ,$425.00,20220418
34336,Apple iPhone 7 Red 128GB A1660 LTE GSM CDMA Verizon Unlocked - Good,$126.99,20220418
34338,Apple iPhone 7 Rose Gold 128GB A1660 LTE GSM CDMA Verizon Unlocked -Good,$126.99,20220418
34341,Apple iPhone 12 5G 64GB Smartphone Factory Unlocked Open Box,$619.98,20220418
34342,Apple iPhone 7 32GB (unlocked )*Read*74,$85.99,20220418
34348,Apple iPhone 8 64GB 128GB  256GB  Unlocked Verizon AT&T T-Mobile Sprint,$195.00 to $314.99,20220418
34353,Apple iPhone 7 128GB Unlocked Smartphone - Very Good,$119.95,20220418
34354,Apple iPhone 12 Pro - 256GB - Graphite (Unlocked). AMAZING CONDITION!,$0.01,20220418
34356,"Apple iPhone 8, 64 GB, Rose Gold, Tmobile, Unlocked",$135.00,20220418
34357,Apple iPhone 12 - 64GB - Blue (Unlocked),$640.00,20220418
34362,Apple iPhone 12 5G 128GB Smartphone Factory Unlocked Open Box,$689.99,20220418
34371,Apple iPhone 6 Plus - 16GB - Gold (Unlocked) A1524 (CDMA + GSM),$80.00,20220418
34377,Apple iPhone 7 - 32GB - Black (AT&T) A1778 (GSM) USED - Good Condition,$75.00,20220418
34378,Apple iPhone 6s A1633 64GB CDMA+GSM (AT&T) Space Gray,$65.00,20220418
34380,NEW*  Apple iPhone 12 Pro | 256GB Silver | Unlocked Verizon AT&T T-Mobile Metro,$899.99,20220418
34381,Apple iPhone XS Max 64GB Unlocked Smartphone - Very Good,$349.99,20220418
34382,Apple iPhone XS 256GB Unlocked Smartphone - Very Good,$319.95,20220418
36644,Apple iPhone 11 Pro Max Dual SIM Card 256GB - Space Gray (Unlocked) A2220 Rare,$820.00,20220418
36646,AS-IS Apple iPhone 12 5G 64GB Black - (T-Mobile) MGFL3LL/A iOS Smartphone,$0.99,20220418
36653,Apple iPhone 11 - 64GB - All Colors - Fully Unlocked (CDMA+GSM) - Good Condition,$459.99,20220418
36654,Apple iPhone 7 - Factory Unlocked - 128GB - Silver - Smartphone - Good,$104.99,20220418
36657,Apple iPhone 12 Mini 5G 128GB White - (Verizon) MG6N3LL/A iOS Smartphone,$0.99,20220418
36660,Apple iPhone 11 Pro Max - 64GB - Space Gray (Unlocked) A2161 (CDMA   GSM),$629.99,20220418
36662,Apple iPhone SE 2nd Gen. (PRODUCT)RED - 256GB (Unlocked) A2275 (CDMA + GSM),$295.00,20220418
36663,"Apple iPhone 11 64GB 6.1"" 4G LTE Locked for T-Mobile Smartphone Good",$354.99,20220418
36666,Apple iPhone XS Max 256gb Silver A1921 (Unlocked) Damaged Read Carefully ND1793,$249.32,20220418
36670,Apple iPhone 8 Plus 64GB / 256GB - Factory Unlocked Smartphone - Very Good,$244.99 to $284.99,20220418
36672,Apple iPhone 12 - 64GB - Red- For Parts Only **blacklisted** ic locked**,$180.00,20220418
36679,Apple iPhone XR 64GB 4G LTE (Factory Unlocked) T-Mobile AT&T Verizon Good,$268.99,20220418
38855,Apple MN9D2LL/A iPhone 7 (Unlocked) Smartphone 32GB - Black,$99.95,20220418
38865,iPhone 11 Pro Max - Gold - 256GB - Sprint/T-Mobile,$550.00,20220418
38869,USED - Apple iPhone 4 - 8GB - White (Verizon) A1349 (CDMA),$20.00,20220418
38883,Unlocked Apple iPhone 13 128GB Starlight White MLMM3LLA,$780.00,20220418
38891,Apple iPhone 11 Pro Max - 256GB - Space Gray (Verizon) A2161 (CDMA + GSM),$700.00,20220418
38892,Apple iPhone 8 - 64GB - Space Gray - Verizon MDM Remote Management -,$110.00,20220418
38894,Apple iPhone 12 Pro Max - 128GB - Pacific Blue (Unlocked),$880.00,20220418
41060,Apple iPhone 7 Rose Gold 256GB A1660 LTE GSM CDMA Verizon Unlocked - Good,$137.99,20220418
41061,Apple iPhone SE 2nd Gen MX9A2LL/A A2275 64gb Unlocked White ,$180.97,20220418
41073,Apple iPhone XR - 128GB - Yellow (Verizon) A1984 (CDMA + GSM),$285.00,20220418
41074,Apple iPhone XR 64GB 4G LTE T-Mobile AT&T Verizon Factory Unlocked Very Good,$279.98,20220418
41079,Apple iPhone XS Max - 256GB - Space Gray (Unlocked) A1921 (CDMA + GSM),$250.00,20220418
41081,Apple iPhone X - 256GB - Space Gray  A1865 GSM & CDMA UNLOCKED ~MRF~ VERY GOOD!,$287.99,20220418
41087,iPhone 12 Pro Max 128GB Cricket ONLY Great Condition ,$770.00,20220418
41088,Apple iPhone 8 64GB 256GB Unlocked Straight talk T-mobile AT&T Verizon GOOD,$165.00 to $205.00,20220418
41092,Apple iPhone 11 Pro - 64GB - Midnight Green (Unlocked) A2160 (CDMA + GSM),$445.00,20220418
41095,Apple iPhone XR - 64GB -Black (Unlocked) A1984 (CDMA + GSM)~SRF~ VERY GOOD!,$269.99,20220418
41098,Apple iPhone 8 Plus (PRODUCT)RED - 64GB - (Unlocked) A1864 (CDMA + GSM),$150.00,20220418
41099,Apple iPhone XR - 128GB - Yellow (Unlocked) A1984 (CDMA   GSM),$212.50,20220418
41100,Apple iPhone 7 Plus - 32GB - Silver (Unlocked) Smartphone - Clean ESN,$159.95,20220418
43188,Apple iPhone 12 Blue 64GB Factory Unlocked Original Box and Iphone Only,$494.99,20220418
43190,Apple iPhone 7 Plus 128GB Rose Gold Unlocked ,$150.00,20220418
43195,Apple iPhone 11 - 256GB - Black (Unlocked) A2111 (CDMA + GSM),$549.99,20220418
43200,Apple iPhone X - 64GB - Space Gray (Factory Unlocked) A1901 (GSM),$240.00,20220418
43204,Apple iPhone XR - 64GB - Black - Unlocked - Excellent Condition - A1984,$300.00,20220418
43213,Apple iPhone 8 Plus 64GB Unlocked Smartphone - Very Good,$254.95,20220418
43215,Apple iPhone XS Max - 256GB - Silver (Unlocked) EXCELLENT CONDITION,$182.50,20220418
45209,Apple iPhone 13 Pro - 128GB - Sierra Blue (Unlocked),$295.00,20220418
45220,Apple iPhone X - 256GB - Silver (Unlocked) A1901 (GSM),$260.00,20220418
45223,Apple iPhone 7 - Factory Unlocked - 128GB - Black - Smartphone - Good,$104.99,20220418
45233,Apple iPhone 12 Pro Max - 128GB - Pacific Blue - Excellent Condition (Unlocked),$605.00,20220418
45235,Apple iPhone 11 64GB Black Unlocked Good Condition,$344.99,20220418
45236,Apple iPhone 6S Fully Unlocked (Any Carrier)  GSM/CDMA 16GB 32GB 64GB 128GB Good,$103.95 to $113.95,20220418
45237,Apple iPhone 13 - 128GB - Midnight (Verizon),$740.00,20220418
45241,Unlocked Apple iPhone SE 2nd Gen. 2020 64GB Black - Model A2275,$230.00,20220418
45244,Apple iPhone 8+ Plus - 64GB 256GB Factory GSM Unlocked  AT&T T-Mobile Very Good,$249.95 to $284.95,20220418
49434,Apple iPhone 7 Plus - 32GB - Rose Gold - Fully Unlocked - Excellent Condition.,$220.00,20220418
49442,Apple iPhone 11 (PRODUCT)RED - 128GB (Unlocked) A2111 (CDMA + GSM) Excellent Con,$445.00,20220418
49444,Apple iPhone 5C - 8GB - Blue (Unlocked) (Read Description) AG1091,$1.25,20220418
49446,Apple iPhone 6s - 16GB - All Colors - Fully Unlocked - Very Good Condition,$79.99,20220418
49454,Apple iPhone 8 - 64GB - Space Grey (Straight Talk)(9/10 Great Condition),$130.00,20220418
49456,Apple iPhone 8-64GB-Space Gray (Verizon) (CDMA + GSM) UNLOCKED,$129.99,20220418
49457,Gray Apple iPhone 6 CDMA+GSM Unlocked 16GB model A1549                      b7j,$55.99,20220418
49459,Apple iPhone XR - 64GB - All Colors - Fully Unlocked (CDMA+GSM) - Good Condition,$287.99 to $296.99,20220418
49465,Apple iPhone 11 - 64GB - Factory Unlocked - Very Good Condition,$364.99,20220418
49467,Apple iPhone 12 White  64GB (AT&T & Cricket) A2172 (CDMA + GSM) Factory Sealed,$305.00,20220418
49471,Apple iPhone 8+ - 64GB - Gold (TMobile) (Read Description) AG1100,$2.25,20220418
51562,Apple iPhone 11 Pro - 64GB - All Colors - Unlocked - A2160 - Good Condition ,$529.99 to $549.99,20220418
51567,Apple iPhone SE 2nd Gen. (PRODUCT)RED - 64GB (Xfinity) A2275 (CDMA   GSM),$119.00,20220418
51574,Apple iPhone 11 64GB 128GB 256GB AT&T Sprint T-Mobile Unlocked Verizon Very Good,$359.99 to $499.99,20220418
51581,Apple iPhone 12 Pro A2341 256GB Silver Unlocked device Free Ship - Free extras,$2.25,20220418
51587,"Lot of Four iPhones (5, 5, 5C, SE)",$60.00,20220418
51591,Apple iPhone 7 Plus 128GB Unlocked Smartphone - Very Good,$207.95,20220418
51593,Apple iPhone 11 Pro Max 64GB Unlocked Smartphone - Very Good,$574.95,20220418
53667,Apple iPhone 12 Pro Max - 128GB - Gold (Unlocked) (44901-1),$949.99,20220418
53671,Apple iPhone 13 Pro Max - 128GB - Silver (AT&T),$649.00,20220418
53700,Apple iPhone 7 Plus - 128GB - Factory Unlocked - Good Condition ,$189.99,20220418
53702,Apple iPhone 12 mini - 128GB - Blue (Unlocked),$332.00,20220418
53707,Apple iPhone 12 - 128gb - Unlocked -Factory Warranty- Factory Sealed!,$729.00,20220418
55786,Apple  13 - 128GB - Blue (locked),$600.00,20220418
55794,Apple iPhone 6s - 16/32/64 GB - Space Gray (Unlocked)  (CDMA  & GSM) VERY GOOD ,$79.99 to $99.99,20220418
55800,Apple iPhone 7 - 32GB - Black  A1778 (UNLOCKED) USED - Good Condition,$89.00,20220418
55803,Apple iPhone XR - 64GB - Black (Sprint) A1984 (CDMA + GSM),$255.00,20220418
55808,Apple iPhone 8 Plus - 64GB - Factory Unlocked - Very Good Condition,$254.99,20220418
55823,Apple iPhone X - 256GB - Silver - Fully Unlocked 4G Smartphone A1865 Very Good,$274.99,20220418
55825,Apple iPhone 12 Pro Max Unlocked 128/256/512gb Silver/Pacific Blue/Gold/Graphite,"$1,199.99 to $1,579.99",20220418
57899,Apple iPhone 11 Pro Max 256GB Space Gray Verizon Unlocked Good Condition,$592.99,20220418
57901,Apple iPhone SE (2nd Gen.) 64GB Black Verizon Clean IMEI IOS 15.3 *READ* | C342,$119.99,20220418
57909,Apple iPhone 12 Pro 256GB Pacific Blue Unlocked Very Good Condition,$754.99,20220418
57916,Apple iPhone 6s - 32GB - Rose Gold A1688 (CDMA + GSM),$59.99,20220418
57925,Apple iPhone XS Max - 64GB - All Colors - Fully Unlocked - Good Condition,$323.99,20220418
57927,Apple iPhone 11 - 64GB - All Colors - Fully Unlocked - Very Good Condition ,$368.99,20220418
57928,"SEALED - Apple iPhone 13 mini 128GB Midnight (T-Mobile, MLHM3LL/A)",$669.98,20220418
57934,Factory Unlocked 🔥 Apple 🔥 iPhone 12 Mini 64GB 5G 🔥 Excellent Condition,$489.00,20220418
57935,Apple iPhone 7 - 32GB / 128GB / 256GB - Factory Unlocked - Smartphone - Good,$99.99 to $119.99,20220418
57938,Apple iPhone 4 - 8GB - White Locked to AT&T  A1332 (GSM),$19.99,20220418
60033,Apple iPhone 11 - 128GB - Purple (Unlocked) A2111 (CDMA + GSM),$312.00,20220418
60045,Apple iPhone 12 mini (5G) Factory Unlocked GSM+CDMA 256GB | 128GB | 64GB,$449.88,20220418
60048,Apple iPhone XR - 128GB - Black (Verizon) A1984 (CDMA + GSM),$23.50,20220418
60052,Apple iPhone XS Max 256GB Unlocked Smartphone - Very Good,$399.95,20220418
60056, Apple iPhone 6 - 16GB - Space Gray (Verizon/Unlocked) A1549 NR (A4),$39.99,20220418
62228,Apple iPhone 8 Plus - 64GB - Space Gray (Unlocked) A1897 (GSM) Used,$135.00,20220418
62230,Apple iPhone 12 Pro - 128gb - Graphite Unlocked,$699.99,20220418
62251,Apple iPhone 12 Pro Max - 256GB - Pacific Blue (Unlocked) (CA),$899.00,20220418
62254,Apple iPhone SE 2nd Gen. - 64GB - Black (Unlocked) A2275 (CDMA + GSM),$220.00,20220418
62257,Apple iPhone 12 - 64GB - Blue Unlocked) New/Sealed,$680.00,20220418
62258,Apple iPhone X - 256GB - Factory Unlocked - Good Condition,$259.95 to $269.95,20220418
62265,Apple iPhone 6S 64GB Unlocked Smartphone - Very Good,$92.95,20220418
64535,Apple iPhone 8 - 128GB - Space Gray (Unlocked) A1863 (CDMA   GSM),$85.00,20220418
64553,Apple iPhone XR - 128GB - All Colors - Fully Unlocked - Very Good Condition ,$287.99 to $305.99,20220418
64561,Apple iPhone 11 Pro Verizon AT&T T-Mobile GSM Factory Unlocked Phone - Very Good,$449.95 to $539.95,20220418
64562,Apple iPhone 6s Plus - 128GB - Space Gray (Verizon),$125.00,20220418
64565,Apple iPhone 7 - 128GB - Black (Unlocked) A1660 (CDMA + GSM) NICE!!,$99.00,20220418
64567,iphone 12 64gb verizon,$50.00,20220418
64572,Apple iPhone 11 Pro Max - 64GB - Midnight Green (Unlocked) A2161 (CDMA + GSM),$615.00,20220418
66837,NEW. Sealed iPhone SE 2020 (2nd generation) 64GB - (Cricket Wireless) White,$189.00,20220418
66867,Apple iPhone X - 256 GB - All Colors - Fully Unlocked - Very Good Condition ,$314.99 to $319.49,20220418
66870,Apple iPhone 12 64GB  |  SPECTRUM LOCKED | Very Good,$549.99,20220418
66871,Apple iPhone 6 - 64GB - Unlocked - Very Nice Condition 90 DAY WARRANTY,$0.99,20220418
69041,Apple iPhone XS - 64GB - All Colors - Unlocked (CDMA+GSM) - Very Good Condition ,$296.99,20220418
69054,Apple iPhone SE 2nd Gen (2020 Model) - 64GB Black (Unlocked) New in The Box,$599.99,20220418
69059,Apple iPhone 12 Pro Max 128GB (Unlocked),$749.99,20220418
69061,Apple iPhone 11 - 128GB - Black (AT&T) A2111 (CDMA + GSM),$89.00,20220418
69063,iphone 12 Pro Max 256gb Graphite W/Applecare,$925.00,20220418
69066,Apple iPhone XR 128GB - All Colors - Fully Unlocked (CDMA+GSM) - Good Condition,$269.99 to $278.99,20220418
69073,Apple iPhone 13 - 128GB - Blue (AT&T),$629.99,20220418
69074,Apple iPhone XR - 64GB - Black (Verizon) A1984 (CDMA + GSM),$200.00,20220418
69077,Apple iPhone 11 - 64GB - Factory Unlocked - Good Condition,$364.99,20220418
69079,Apple iPhone 13 Pro MAX 5G 256GB Sierra Unlocked CLEAN ESN APPLE WARRANTY A2484,"$1,239.99",20220418
69080,Apple iPhone XR - 64GB - Black (Unlocked) A1984 (CDMA + GSM),$160.50,20220418
71154,Apple iPhone 11 Purple 64 GB *100% UNLOCK ELIGIBLE* BRAND NEW IN BOX,$450.00,20220418
71161,Apple iPhone 13 - 512GB - Blue (Verizon) - Factory Sealed,$899.00,20220418
71174,100% BH - Apple iPhone 12 Pro A2341 - 128GB Gold (Unlocked) Excellent Condition ,$750.00,20220418
71188,Apple iPhone 12 - 64GB / 128GB (UNLOCKED)  ✅APPLE WARRANTY ✅ ⚫⚪🔴🔵 ✤NEW SEALED✤,$718.95 to $798.95,20220418
71198,Apple iPhone 12 Pro Max- 128GB- Gold (Unlocked),$825.00,20220418
73188,Apple iPhone X - 64GB - Space Gray- Fully Unlocked 4G Smartphone A1865 Very Good,$259.99,20220418
73194,Apple iPhone SE - 64GB - Factory Unlocked - Good Condition,$69.99,20220418
73207,Apple iPhone 7 Red 128GB A1660 LTE GSM CDMA Verizon Unlocked - Very Good,$132.99,20220418
73209,Apple iPhone 8 Plus - 64GB - All Colors - Fully Unlocked - Good Condition,$269.99 to $278.99,20220418
73218,Apple iPhone 11 Pro Max - 64GB - Midnight Green (Unlocked) A2161 (CDMA + GSM),$102.50,20220418
73219,Apple iPhone 11 - 128GB - Factory Unlocked - Good Condition,$389.99,20220418
73222,Apple iPhone X 64GB 256GB GSM Factory Unlocked  Cell Phone Grey Silver Very Good,$249.95 to $279.95,20220418
75125,Apple iPhone XR (PRODUCT)RED - 128GB - (Unlocked) A1984 (CDMA + GSM),$273.19,20220418
75129,Apple iPhone 6 Plus 16GB 64GB 128GB Factory Unlocked AT&T T-mobile Verizon Good,$107.95 to $143.99,20220418
75131,Apple iPhone 12 mini A2176 256GB Green! Unlocked phone! Excellent condition!,$519.75,20220418
75148,Apple iPhone 6s - 128GB - Silver (Unlocked) A1633 (CDMA + GSM),$85.00,20220418
75157,Apple iPhone XS Max - 64GB - Space Gray - Fully Unlocked,$350.00,20220418
75159,Apple iPhone X 256GB Unlocked Smartphone - Very Good,$299.95,20220418
77335,Apple iPhone 12 Pro 128GB Pacific Blue Unlocked Very Good Condition,$719.99,20220418
79186,Apple iPhone 12 - 128GB - All Colors - Unlocked Smartphone - Very Good Condition,$749.99 to $759.99,20220418
79216,Apple iPhone 8 Plus Smartphone 64GB CDMA & GSM Unlocked - Good,$239.98,20220418
81202,Apple iPhone 13 Pro Max - 512GB - Sierra Blue (AT&T) LOCKED,$450.00,20220418
81203,Apple iPhone 12 mini (5G) Factory Unlocked GSM+CDMA 256GB 128GB |64GB Excellent,$439.88 to $449.88,20220418
81206,Apple iPhone 13 Pro Max - 128GB - Graphite (AT&T),$900.00,20220418
81210,IPhone SE 2020 128GB Red with all original accessories and box,$50.00,20220418
81211,Apple iPhone 11 64GB 128GB 256GB AT&T Sprint T-Mobile Unlocked Verizon Good,$337.99 to $434.99,20220418
81221,Apple iPhone XR 64GB Factory Unlocked Smartphone 4G LTE iOS Smartphone -,$279.99,20220418
81226,Apple iPhone 12 Pro 128/256/512GB AT&T Sprint TMobile Unlocked Verizon Very Good,$649.99 to $789.99,20220418
81231,Apple iPhone 11 Pro Max - 64GB - Midnight Green A2161 (CDMA + GSM),$519.00,20220418
81242,Apple iPhone 8 Plus 64GB Fully Unlocked Verizon T-Mobile AT&T Good Condition,$209.99 to $239.99,20220418
81243,Apple iPhone XS Max - 512GB - FACTORY UNLOCKED -  A1921 - Space Gray - Good,$387.99,20220418
83315,Apple iPhone X - 64GB - Space Gray- T-Mobile 4G Smartphone A1865 Very Good,$259.99,20220418
83318,Apple iPhone 11 Pro Max - 64GB - Space Gray (Unlocked) A2161 (CDMA + GSM),$550.00,20220418
83319,Apple iPhone XR - 64GB - Blue (AT&T) A1984 (CDMA + GSM),$200.00,20220418
83340,Apple iPhone X  256GB  A1865  (Unlocked),$204.50,20220418
83346,Apple iPhone 11 - 64 / 128 / 256 - Factory Unlocked - Smartphone - Very Good,$374.99 to $444.99,20220418
83347,Apple iPhone XR - 64GB - Black IC LOCKED FOR PARTS,$130.00,20220418
83350,Apple iPhone 11 Pro - 64GB - All Colors (Unlocked) A2160 - Very Good Condition ,$467.99 to $494.99,20220418
83351,Apple iPhone 8 64GB / 256GB Factory Unlocked Smartphone - Very Good,$159.99 to $189.99,20220418
83352,"Brand new apple Iphone 12 pro max 512gb unlocked VERIZON ""PACIFIC BLUE""",$980.00,20220418
83353,Apple iPhone 7 - 128GB - Black - Unlocked - Smartphone - Very Good,$119.99,20220418
83354,Apple iPhone 13 Pro Max - 256GB - Sierra Blue (Unlocked),"$1,373.07",20220418
83355,Apple iPhone 11 - 64GB - Black (AT&T) A2111,$330.00,20220418
83359,Apple iPhone XS Max 256gb Gold A1921 (Unlocked) Reduced Price NW2850,$314.95,20220418
85432,Apple iPhone 7 Plus - 32GB - Black (Unlocked) A1661 (CDMA + GSM),$30.00,20220418
85434,Apple iPhone 12 Pro 128GB Gold T-Mobile Good Condition,$626.99,20220418
85435,Apple iPhone SE 2nd Gen. - 64GB - Black (Boost Mobile) A2275 (CDMA + GSM),$160.00,20220418
85451,IPHONE SE 2ND GEN 2020 WHITE UNLOCKED Any Carrier 64GB Great Condition,$50.00,20220418
85458,Apple iPhone X - 64GB - Space Gray (AT&T) A1901 (GSM),$190.00,20220418
85462,Apple iPhone X - 256GB - Space Gray (Unlocked) A1865 (CDMA + GSM),$289.99,20220418
85466,Apple iPhone 12 Pro Max 128GB  Pacific Blue (Blacklisted ) IC LOCKED FOR PARTS,$190.00,20220418
85468,Apple iPhone 7 Plus - 128GB - Factory Unlocked - Very Good Condition ,$209.99,20220418
85473,Apple iPhone 7 Plus - 128GB - Silver (Unlocked) A1661 (CDMA + GSM) PLEASE READ,$77.00,20220418
85475,"New Sealed Apple iPhone SE (2nd Gen, 2020) 64GB (Factory Unlocked) All Colors",$351.99,20220418
85476,Apple iPhone 8 Plus 64GB 256GB Factory Unlocked Smartphone A1864 Brand New US,$359.99 to $435.99,20220418
87639,Apple iPhone 13 Pro Max 256GB -Blue A2483 (T-Mobile)  WARRANTY,"$1,100.00",20220418
87643,Gold Apple iPhone SE (1st Gen) CDMA+GSM Unlocked 16GB model A1662            m8r,$58.88,20220418
87651,Gray Apple iPhone SE (1st Gen) CDMA+GSM Unlocked 64GB model A1662            m7r,$65.99,20220418
87667,Apple iPhone 11 Pro Max 64GB Midnight Green Unlocked Good Condition,$515.00,20220418
87676,Apple iPhone 11 - 64GB - Black (Unlocked) READ DESCRIPTION,$320.00,20220418
87678,Apple iPhone 7 - 32GB - All Colors - Unlocked - Very Good Condition ,$124.99 to $149.99,20220418
87684,Apple iphone 8 black unlocked,$100.00,20220418
89864,APPLE IPHONE 8 PLUS/64GB/TMOBILE/SILVER/FAIR CONDITION + FREE SHIP,$180.90,20220418
89876,Apple iPhone XR 64GB Factory Unlocked - Smartphone AT&T Verizon - Very Good,$259.99,20220418
89883,"Apple iPhone SE (2020) 64GB (Unlocked) 4.7"" Black",$219.99,20220418
89888,Apple iPhone X - 256GB - GSM Unlocked - Very Good Condition,$264.95,20220418
89889,Apple iPhone XR - 64GB - Coral Sprint  (Unlocked) W/Original Box. Excellent Cond,$300.00,20220418
89890,Apple iPhone 11 Verizon AT&T T-Mobile GSM Factory Unlocked  Cell Phone Very Good,$349.95 to $409.95,20220418
89895,"Apple iPhone SE (2020) 64GB (Unlocked) 4.7"" Black A2275",$189.99,20220418
92152,Apple iPhone SE 64 GB *Read Description*,$70.00,20220418
92156,iphone 13 pro max new,$250.00,20220418
92160,Rose Apple iPhone SE (1st Gen) Fully Unlocked 64GB model A1662               o2r,$65.99,20220418
92168,Apple iPhone 7 - 32GB - Black (Sprint) A1660 (CDMA + GSM),$85.00,20220418
92172,Gray Apple iPhone SE (1st Gen) Fully Unlocked 64GB model A1662               o3r,$65.99,20220418
92177,Apple iPhone 6 Plus Cell Phone 128GB A1524 (CDMA & GSM) Model MGD12LL/A w/cases,$0.99,20220418
92180,Apple iPhone XR 64GB 128GB 256GB - Factory Unlocked Smartphone - Very Good,$259.99 to $299.99,20220418
92183,Apple iPhone 11 Pro Max 64/256/512GB AT&T Sprint T-Mobile Unlocked Verizon Good,$555.99 to $641.99,20220418
92188,APPLE IPHONE 11 64GB (A2111) - T-MOBILE - CLEAN IMEI - WORKS GREAT - SEE PICS,$0.99,20220418
92189,Apple iPhone SE 2nd Gen. (PRODUCT)RED - 64GB (T-Mobile) A2275 (CDMA + GSM),$106.86,20220418
92193,Apple iPhone 11 - 128GB - Black (T-Mobile) A2111 (CDMA + GSM),$480.99,20220418
92194,Apple iPhone 8 64GB Unlocked Smartphone - Space Gray (A1863),$139.99,20220418
92196,Apple iPhone XR - 128GB - Black Unlocked (pre owned),$295.00,20220418
94457,Apple iPhone 12 Pro 128GB 256GB 512GB AT&T T-Mobile Verizon Sprint Unlocked,$729.00 to $899.00,20220418
94458,Apple iPhone 12 Pro Max 128GB 256GB 512GB AT&T T-Mobile Verizon Sprint Excellent,$869.00 to $949.00,20220418
94471,⭐ Factory Unlocked ⭐ IPHONE 8 PLUS GOLD 64GB - NO TOUCH ID,$179.00,20220418
94482,Apple iPhone X - 256GB - All Colors - Fully Unlocked (CDMA+GSM) - Good Condition,$275.00,20220418
94486,Apple iPhone XS Max Gold 64GB A1921 LTE GSM CDMA Verizon Unlocked - Very Good,$370.99,20220418
94488,iPhone 12 mini unlocked Blue 64GB Heavy Wear Everything Works,$299.00,20220418
94490,Apple iPhone 12 Pro A2341 128GB AT&T T-Mobile Verizon Unlocked Good Condition ,$699.00,20220418
94496,Apple iPhone 11  Black 64GB (Unlocked) A2111 (CDMA + GSM) Unlocked  Good Cond,$349.95,20220418
94497,Apple iPhone XR 64GB 4G LTE (Factory Unlocked) T-Mobile AT&T Verizon Excellent,$279.95,20220418
94499,Apple iPhone 12 Mini 64GB 128GB 256GB AT&T T-Mobile Verizon Sprint Excellent,$419.00 to $539.00,20220418
94502,Apple iPhone 12 Pro Max - 128GB (Unlocked),$488.25,20220418
96763,Apple iPhone X - 256GB - Space Gray- Fully Unlocked Smartphone A1865 Very Good,$274.99,20220418
96764,Apple iPhone 13 - 128GB - Midnight (Unlocked),$699.99,20220418
96769,Apple iPhone 12 Pro - 256GB - Pacific Blue (Unlocked),$0.01,20220418
96772,Apple iPhone XR - 64GB - Black (Unlocked) T-Mobile / Sprint (Excellent Cond),$120.61,20220418
96774,Apple iPhone 12 64GB 128GB 256GB AT&T T-Mobile Verizon Sprint Unlocked Excellent,$609.00,20220418
96778,Apple iPhone 13 Pro Max - 128GB - Gold (Unlocked) Phone Works Bought About 3 Min,$400.00,20220418
96791,Apple iPhone XS 🍎 64GB Space Gray Verizon AT&T Fully Unlocked 📱 Grade B,$239.99,20220418
96802,VERIZON APPLE IPHONE SE 2ND GEN 64GB MHG43LL/A  BLACK CLEAN few scratches nice,$210.00,20220418
96803,Apple iPhone SE 2nd Gen 64GB Unlocked Smartphone - Very Good,$219.95,20220418
99067,Apple iPhone 8 Plus - 64GB - Gold - GSM Unlocked - Smartphone,$136.99,20220418
99077,Apple iPhone 6 16GB 64GB 128GB Factory Unlocked GSM SmartPhone Very Good,$76.99 to $94.99,20220418
99080,Apple iPhone SE (2020) (White) 64GB T-Mobile,$159.99,20220418
99085,"Apple iPhone 7 Plus - 32GB - Rose Gold (Unlocked) A1661 T-Mobile, AT&T, Verizon",$169.99,20220418
99093,Apple iPhone 7 - 128GB - Jet Black (Unlocked) A1660 (CDMA + GSM),$119.95,20220418
99097,"Apple iPhone SE (1st Gen) GSM Unlocked 32GB *MDM Bypassed, Read Description* p1r",$29.99,20220418
99101,Apple iPhone 7 Plus - 32GB - Factory Unlocked - Very Good Condition ,$189.99,20220418
99104,Apple iPhone 5s (AT&T) 32 GB  Space Grey Used,$39.99,20220418
99110,Apple iPhone 11 Pro Max  - 256GB - Factory unlocked - White Silver Color,$670.00,20220418
101278,Apple iPhone 12 Pro Max 5G - 256GB - Gold (Unlocked) *MINT CONDITION*,"$1,050.00",20220418
101284,Apple iPhone X - 256GB - Silver - Fully Unlocked Smartphone A1865 Very Good,$274.99,20220418
101286,Apple iPhone 6s - 32GB - All Colors - Fully Unlocked - Very Good Condition,$89.99,20220418
101288,Apple iPhone 8 Plus - 256GB - Space Gray - GSM Unlocked - Smartphone,$169.99,20220418
101290,Apple iPhone 13 - 512GB - Blue (Unlocked),$999.00,20220418
101293,Apple iPhone XR Factory Unlocked - 128 GB - RED - GOOD CONDITION,$197.50,20220418
101297,Apple iPhone 11 Pro 64GB 256GB 512GB Verizon T-Mobile AT&T Good Condition,$369.99 to $479.99,20220418
101298,Apple iPhone SE 2nd Gen. - 64GB - Black (Unlocked Verizon) A2275 (CDMA + GSM),$176.58,20220418
101311,Apple iPhone X 64GB 256GB Factory Unlocked AT&T T-mobile Verizon Good,$238.99 to $258.99,20220418
101317,Apple iPhone 7 - 128GB - Silver (Unlocked) A1778 (GSM),$90.00,20220418
103398,Apple iPhone 1st Gen 2G - 16GB With Iphone 3gs Box,$259.99,20220418
103400,Apple iPhone X - 64GB - Silver - Fully Unlocked Smartphone A1865 Very Good,$259.99,20220418
103405,Apple iPhone 12 Pro Max - 128GB - Graphite (Unlocked) (CA),$475.00,20220418
103421,Apple iPhone 11 Pro Max -256GB-Space Gray Unlocked A2161 (CDMA + GSM) VERY GOOD!,$599.99,20220418
103424,Apple iPhone X - 64GB - Factory Unlocked - Good Condition,$234.99,20220418
103429,Apple iPhone 8 Plus - 64GB - Space Gray - GSM Unlocked - Smartphone,$136.99,20220418
105539,Apple iPhone X - Factory GSM Unlocked - 64GB / 256GB - Gray / Silver,$259.99,20220418
105547,Apple iPhone 12 - 64GB - Blue (Unlocked) - Clean ESN,$385.00,20220418
107627,Apple iPhone XR 64GB  Unlocked AT&T T-Mobile Verizon Good Condition,$199.00,20220418
107635,Apple iPhone XR White 128GB A1984 LTE GSM CDMA Verizon Unlocked - Good,$292.99,20220418
107648,Apple  iPhone 7 - 32GB - Black - (GSM) Unlocked - Smartphone - Very Good,$104.99,20220418
107652,"Apple iPhone 3GS - 8GB - Black (AT&T) A1303 (GSM) Bundle, Good Condition",$39.75,20220418
107657,Apple iPhone 8 64GB Factory Unlocked AT&T T-Mobile Gray Smartphone - Very Good,$159.99,20220418
107665,Apple iPhone XS Max - 64GB Unlocked) Space Silver Gold - Good Condition,$309.95,20220418
109664,Apple iPhone X - 64GB - Space Gray - T-Mobile Smartphone 4G LTE A1865 Very Good,$259.99,20220418
109671,Apple iPhone 11 Pro Max 256GB Space Gray Unlocked Good Condition,$539.99,20220418
109674,New ListingApple iPhone 8 - 64GB - Silver (Verizon),$140.00,20220418
109676,New ListingApple iPhone 12 Pro Max 128GB -AT&T Sprint T-Mobile Verizon Unlocked,$789.00,20220418
109688,New ListingApple iPhone 8 - 64GB - Gold (Unlocked) Good Condition,$109.95,20220418
109689,New ListingApple iPhone 11 RED - 128GB (AT&T) GREAT CONDITION FULLY FUNCTIONING,$402.78,20220418
111775,Apple iPhone 7+ Plus Verizon Unlocked 128GB GSM AT&T T-Mobile Good Condition ,$199.99,20220418
111785,Iphone12 mini - BLUE - 256 GB - UNLOCKED - MG6X3LL/A - BUNDLE - MINT,$495.00,20220418
111788,Apple iPhone Thirteen 13 - 128GB Starlight (Unlocked/ Resellers Flex Policy) New,$775.00,20220418
111790,Apple iPhone X 64GB Factory Unlocked AT&T T-Mobile Gray Smartphone - Very Good,$244.99,20220418
111792,Apple iPhone 11 Pro 256GB Green Unlocked Verizon T-Mobile AT&T Good Condition,$449.99,20220418
111793,Apple iPhone SE 2nd Gen. (PRODUCT)RED - 64GB (Unlocked) A2275 (CDMA + GSM),$191.78,20220418
111808,Apple iPhone XS 64GB 256GB 512GB Unlocked Verizon T-Mobile AT&T Good Condition,$219.99 to $269.99,20220418
113984,Apple iPhone 12 Mini | 256 GB | Fully Unlocked | Good Condition,$519.00,20220418
113987,Apple iPhone 12 -64GB- Black (Unlocked)  Apple warranty valid until sept 2022,$569.99,20220418
113994,MINT Apple iPhone 11 Pro Max - 256GB - Gold (Unlocked) A2161 (CDMA + GSM),$460.00,20220418
114000,Apple iPhone XS Max 256GB Verizon GSM Unlocked T-Mobile AT&T LTE Good Condition,$369.97,20220418
116188,Apple iPhone 8 - 64GB - Gold - GSM Unlocked - Smartphone,$136.99,20220418
116199,Apple iPhone XS Max - 256GB - Space Gray Unlocked A1921 (see description),$100.00,20220418
116200,Apple iPhone 8 - 64GB - Space Gray - GSM Unlocked - Smartphone,$136.99,20220418
116210,Apple iPhone 13 (PRODUCT)RED - 128GB - (Unlocked)Brand New,$868.00,20220418
116212,"Apple iPhone 11 64GB 6.1"" 4G LTE Factory Unlocked Smartphone Open Box",$369.99,20220418
116213,Apple iPhone 6S 16GB 32GB 64GB 128GB (Unlocked) Gold Gray Rose - Good Cond,$85.00,20220418
118389,Apple iPhone XR - 64GB - Coral - GSM Unlocked - Smartphone,$214.99,20220418
118400,"Apple iPhone 11 Pro, 256GB Excellent Condition ""Mint"" (Free 2 Day Ship)",$499.99,20220418
118409,Brand New Apple iPhone 13 Pro Max - 1TB - Silver (Unlocked),"$1,300.00",20220418
118427,Apple iPhone 11 128GB Factory Unlocked 4G LTE Smartphone - Excellent,$429.99,20220418
118429,Apple iPhone XR 64GB 128GB 256GB GSM Factory Unlocked Cell Phone Very Good,$254.95 to $309.95,20220418
118430,Apple iPhone 13 - 128gb - Factory Sealed - Factory Warranty - UNLOCKED!,$818.00,20220418
120273,Apple iPhone 12 Pro 128/256/512GB ATT Sprint T-Mobile Unlocked Verizon Very Good,$787.99,20220418
122111,Apple iPhone XR - 64GB - Factory Unlocked - Good Condition,$249.99,20220418
122113,Apple iPhone X Gray 64GB A1865 LTE GSM CDMA Verizon Unlocked - Good,$236.99,20220418
122127,iphone 8 plus 64gb unlocked,$200.00,20220418
122129,Apple iPhone 7 - 32GB - Black (unlocked),$0.99,20220418
122131,Apple iPhone 5s - 16GB - Space Gray (Verizon) A1533 (CDMA + GSM),$30.00,20220418
124223,Apple iPhone 12 Pro Max - 128GB - Gold (Unlocked) (CA),$850.00,20220418
124231,Apple iPhone 8 64GB Factory Unlocked Verizon AT&T T-Mobile Sprint Very Good,$169.00,20220418
126164,Apple iPhone 12 Pro - 128GB - Gold (T-Mobile) BRAND NEW INSIDE BOXED,$799.99,20220418
126168,Apple iPhone 11 Pro Max Green 64GB A2161 LTE GSM CDMA Verizon Unlocked-Very Good,$564.99,20220418
126169,Apple iPhone X - 256GB - Space Gray (Unlocked) A1901 (GSM),$152.50,20220418
126172,Apple iPhone 13 - 512 GB  EUC,"$1,000.00",20220418
126178,Apple iPhone SE 2nd Gen Factory Sealed 64GB Red (Cricket Wireless Only) NIB,$150.00,20220418
126181,Apple iPhone XR - 64GB - Coral (Sprint) A1984 (CDMA + GSM),$125.32,20220418
126182,Apple iPhone 13 Pro - 256gb - Factory Sealed - Factory Warranty - UNLOCKED!,"$1,119.00",20220418
128089,Apple iPhone X - 64GB - Space Gray - GSM Unlocked - Smartphone,$210.99,20220418
128095,Apple iPhone 11 Pro Max -256GB- Silver Unlocked A2161 (CDMA + GSM) -VERY GOOD!,$589.99,20220418
128103,Apple iPhone 12 - 128GB - All Colors - Unlocked Smartphone - Good Condition ,$593.99,20220418
128104,Mint Condition Apple iPhone 13 mini - 128GB - Blue - GSM Unlocked + More,$599.99,20220418
128116,NEW Apple iPhone 13  128GB BLUE (FULLY Unlocked) A+ GRADE 100% BATTERY,$758.99,20220418
129945,Apple iPhone 13 Pro Max - 256gb - Factory Sealed - Factory Warranty - Unlocked!,"$1,219.00",20220418
129949,Apple iPhone 13 Pro Max - 128GB - Sierra Blue (T-Mobile Only),$920.00,20220418
129953,Apple iPhone XR Black 128GB A1984 LTE GSM CDMA Verizon Unlocked - Good,$282.99,20220418
129957,Apple iPhone XR - 64GB -Black (Unlocked) A1984 (CDMA + GSM)~SRF~ -VERY GOOD,$244.77,20220418
131964,Apple iPhone SE 1st Generation 16GB /32GB /64Gb /128GB Smartphone Unlocked #1B1 ,$79.99 to $119.99,20220418
131976,Apple iPhone 8 64GB 128GB 256GB Unlocked Verizon AT&T T-Mobile Sprint - Very Goo,$169.00,20220418
133993,Apple iPhone XR - 128GB - Yellow (Unlocked) Box and Headphones Included NR,$0.99,20220418
133998,Apple iPhone 7 - Factory Unlocked - 32GB 128GB 256GB - Smartphone - Excellent,$124.99 to $149.99,20220418
134009,Apple iPhone 7 - 32GB - Black (Unlocked) A1660.  Good Condtion,$79.99,20220418
134012,Apple iPhone XR - 128GB - Black - Factory Unlocked,$265.00,20220418
134013,Apple iPhone 7 Plus - 32GB - Rose Gold (Verizon) A1661 - Great Condition,$175.00,20220418
134015,Apple iPhone 11 - 128GB - Green (Unlocked) A2111 (CDMA + GSM),$250.00,20220418
134017,Apple iPhone 11 - 128GB - Yellow (AT&T),$350.00,20220418
136015,Apple iPhone 12 Pro Max - 128GB - Gold (Unlocked) was on AT&T,$0.01,20220418
136019,Apple iPhone 7 Plus - 32GB - Rose Gold (Verizon) VERY GOOD condition! ,$81.33,20220418
136033,"Apple iPhone SE (2nd Gen, 2020) 64GB (Factory Unlocked) All Colors + Warranty",$265.19,20220418
136038,Apple iPhone 7 GSM Unlocked Smartphone 32GB 128GB 256GB,$124.99 to $149.99,20220418
136040,Apple iPhone 13 mini - 128GB - Pink (Unlocked),$0.99,20220418
136041,Apple iPhone XR (PRODUCT)RED - 64GB -A1984 (CDMA + GSM) READ DESCRIPTION ￼,$320.00,20220418
138043,Apple iPhone XR RED - 64GB - (Verizon Unlocked) A1984 Cracked Screen & Back,$169.95,20220418
138048,Apple iPhone XR 64GB A1984 Blue (Unlocked) Smartphone ,$229.95,20220418
138049,Apple iPhone 6s 64GB - Space Gray - Factory Unlocked - A1688 - (CDMA+GSM).,$89.00,20220418
138055,Apple iPhone 11 - 256GB - Yellow (Unlocked) A2111 (CDMA + GSM),$380.00,20220418
138067,Unlocked iPhone SE 2020 (2nd Gen),$150.00,20220418
140143,Factory Unlocked 🔥 Apple 🔥 iPhone SE 2020 128GB 🔥 Excellent Condition,$255.00,20220418
140161,Apple iPhone SE Black 2020 64gb Unlocked,$190.00,20220418
140176,Apple iPhone X 256GB Factory Unlocked AT&T T-Mobile Gray Smartphone - Very Good,$259.99,20220418
140177,Apple iPhone X - 256GB - Space Gray - GSM Unlocked - Smartphone,$219.99,20220418
140184,"Apple iPhone X 256GB| 64GB GSM/ CDMA Factory Unlocked- ""Very Good""",$249.88,20220418
142374,Apple A1586 Gray 16GB US Cellular iPhone 6,$39.99,20220418
142378,Apple iPhone SE 1St Gen Fully Unlocked GSM/CDMA 16GB (very good),$69.99,20220418
142379,Apple iPhone X 256GB Factory Unlocked Smartphone Very Good,$286.00,20220418
142387,Apple iPhone 12 Mini - 256GB - All Colors - Unlocked - Very Good Condition ,$494.99 to $512.99,20220418
142388,Apple iPhone 11 Pro Max - 256GB - Space Gray A2161 (CDMA   GSM) MWFT2LL/A ,$3.25,20220418
142392,Apple iPhone 12 Pro - 128GB - Graphite (Unlocked) MINT CONDITION,$819.99,20220418
144575,"Apple iPhone 11 64GB 6.1"" 4G LTE Factory Unlocked Smartphone Very Good",$349.99,20220418
144580,Apple iPhone 11 - 128GB - Yellow (Unlocked) A2111 (CDMA + GSM),$229.66,20220418
144581,Pre-Owned Apple iPhone 13 Pro - 256GB - Graphite (Unlocked) ,$929.00,20220418
144583,Apple iPhone X - 64GB - Space Gray  A1865 GSM & CDMA UNLOCKED ~MRF~ -GOOD!,$233.77,20220418
146769,Factory Unlocked 🔥 Apple 🔥 iPhone SE 2020 64GB 🔥 Excellent Condition,$219.00,20220418
146779,Apple iPhone XR - 64GB - Unlocked - PLEASE READ 90 DAY WARRANTY,$1.25,20220418
146784,Apple iPhone 13 Pro Max - 256GB - Alpine Green (Sealed & Unlocked),"$1,599.00",20220418
146800,Apple iPhone XR - 128GB - Unlocked - Nice Condition 90 DAY WARRANTY,$32.00,20220418
146805,Apple iPhone 11 Black 64GB A2111 LTE GSM CDMA Verizon Unlocked,$331.99,20220418
148906,Apple iPhone 12 -64GB Unlocked✅APPLE WARRANTY ✅SEALED NEW IN BOX !!,$599.99,20220418
148920,Apple iPhone 11 Pro Max Verizon AT&T T-Mobile GSM Factory Unlocked  - Very Good,$519.95 to $619.95,20220418
151103,Apple iPhone 13 5G 128GB Midnight MLML3LL/A T-Mobile Smartphone,$649.00,20220418
151114,Apple iPhone 12 Pro - 128GB - Gray - Unlocked – 9620,$0.99,20220418
151116,Apple iPhone XR - 128GB - Black (Unlocked) A1984 (CDMA + GSM),$162.00,20220418
151118,"Apple iPhone 11 Pro Max, A2161, 64GB, Unlocked, Excellent Condition",$489.99,20220418
151125,Apple iPhone 8 - 256GB - Space Gray - GSM Unlocked - Smartphone,$169.99,20220418
151128,Apple iPhone X Gray 256GB A1865 LTE GSM CDMA Verizon Unlocked,$228.99,20220418
151137,Iphone 11 Unlocked 64 GB Used ,$198.00,20220418
153317,Apple iPhone 13 Pro Max - 128GB - Sierra Blue (Read Ad),$600.00,20220418
153319,Apple iPhone 12 Pro Max - 128GB - Graphite (Unlocked),$850.00,20220418
153331,Apple iPhone 8 Plus 256gb Unlocked Straight talk Tmobile AT&T Verizon EXCELLENT,$269.00 to $299.00,20220418
153343,Apple iPhone 11 Pro Max 64gb Verizon - Midnight Green,$465.00,20220418
153345,Apple iPhone XR - 128GB - Blue (Verizon) A1984 (CDMA + GSM),$127.50,20220418
155433,Apple iPhone SE2 - 256GB - Unlocked - Excellent Condition - 90 DAY WARRANTY,$0.99,20220418
155435,Apple iPhone SE 2020 2nd Gen. 64GB Factory Unlocked Smartphone - Good,$199.99,20220418
155438,Apple iPhone 8 PLUS - Gold 64GB - GSM - Nice Condition 90 DAY WARRANTY,$175.50,20220418
155440,Apple iPhone XR - 64GB - Unlocked - Very Nice Condition 90 DAY WARRANTY,$202.50,20220418
155443,Apple iPhone XS Max - 256GB - Unlocked  - Fully Functional - 90 DAY WARRANTY,$6.50,20220418
155448,Apple iPhone X 64GB Factory Unlocked AT&T T-Mobile Smartphone - Very Good,$235.00,20220418
155452,Apple iPhone SE - 16GB - Silver (AT&T) A1662 (CDMA + GSM),$21.20,20220418
155459,Apple iPhone 11 Pro 256GB - Unlocked - Working PLEASE READ 90 DAY WARRANTY,$0.99,20220418
155462,Apple iPhone 7 - 32GB - Black (Boost Mobile) A1660 (CDMA + GSM),$60.00,20220418
155463,Apple iPhone 11 Pro Max - 64GB - AT&T - Excellent Condition 90 DAY WARRANTY,$0.99,20220418
157747,(10/10 Condition) Apple iPhone 12 Pro Max - 128GB - Pacific Blue (AT&T),$675.00,20220418
157750,Apple iPhone XR - 64GB - All Colors - Fully Unlocked - Excellent,$270.00,20220418
157751,"OB Apple iPhone 12 Pro 128/256/512GB Blue,Gold,Silver,Graphite GSM+CDMA Unlock",$749.99,20220418
157752,Apple iPhone XR 64GB Factory Unlocked 4G LTE iOS Smartphone - Very Good,$245.00,20220418
157753,Apple iPhone 12 Pro | 128GB Gold | Factory Unlocked | Good Condition,$649.99,20220418
157756,"✅ New Apple iPhone SE (2nd Gen, 2020) 64GB (Factory Unlocked) All Colors ⚫️🔴⚪️",$359.99,20220418
157758,Apple iPhone XR White 128GB A1984 LTE GSM CDMA Verizon Unlocked - Very Good,$292.99,20220418
157762,Apple iPhone 13 Pro Max - 128gb - Factory Sealed - Factory Warranty - Unlocked!,"$1,195.00",20220418
157767,Apple iPhone XR 128GB Unlocked Smartphone - Very Good,$279.95,20220418
159950,Gray Apple iPhone 5s GSM Unlocked 16GB iOS 8.4 Unteathered Jailbroken        f3s,$38.88,20220418
159958,Apple iPhone XR A1984 ATT Sprint T-Mobile Verizon Factory Unlocked - EXCELLENT -,$299.00,20220418
159961,Apple iPhone 11 Purple 64GB A2111 LTE GSM CDMA Verizon Unlocked - Good,$366.99,20220418
159965,Apple iPhone X 256GB Space Gray Unlocked Verizon T-Mobile AT&T Good Condition,$249.99,20220418
159968,Apple iPhone 8 64GB GSM Factory Unlocked Smartphone,$159.99,20220418
159974,Apple iPhone 11 Pro Factory Unlocked (CDMA+GSM) - 64GB 256GB - Very Good ,$424.95 to $489.95,20220418
162139,NEW Apple iPhone 13 Pro Max - 1TB -Gold (Factory Unlocked) SEALED IN BOX,$799.00,20220418
162168,Apple iPhone 6s  Silver 16GB (CDMA + GSM) - Fully Unlocked - Very Good Condition,$80.00,20220418
164349,Apple iPhone XR | 64GB Factory Unlocked | 4G LTE iOS Smartphone Good,$232.00,20220418
164352,Apple iPhone 8 64/128/256GB AT&T T-Mobile Verizon Sprint Factory Unlocked Good,$179.99,20220418
164391,Apple iPhone 8 Plus (PRODUCT)RED Factory Unlocked LTE Smartphone - Acceptable -,$199.99,20220418
164392,Apple iPhone 11 64GB Unlocked Verizon ATT T-Mobile GSM CDMA Smartphone Very Good,$359.99,20220418
166590,Apple iPhone 11 Pro Max - 256GB - Silver (Unlocked),$400.00,20220418
166591,Apple iPhone 6s | A1688 Unlocked | IOS 15.4 | 32GB Storage | 2GB Ram |Space Gray,$64.99,20220418
166599,Apple iPhone 7 - 128GB - Black (Unlocked) (GOOD CONDITION),$118.00,20220418
168799,APPLE IPHONE SE SILVER 32GB A1723 UNLOCKED - FREE SAME DAY SHIPPING! ,$59.99,20220418
168802,Silver Apple iPhone SE (1st Gen) Fully Unlocked 64GB model A1662             i6u,$65.99,20220418
168810,"Apple iPhone 11 64GB 6.1"" 4G LTE Factory Unlocked Smartphone Good",$349.99,20220418
170799,Apple iPhone X - Factory GSM Unlocked - 64GB / 256GB - Gray / Silver - Very Good,$249.99,20220418
170835,Apple Iphone 11 Fully Unlocked All Colors 64GB - Very Good,$359.00,20220418
170836,FREE SHIP! Apple iPhone XR - 128GB - Blue (Unlocked),$325.00,20220418
173030,Apple iPhone 8 Plus 64GB 128GB 256GB Fully Unlocked AT&T T-mobile Verizon Good,$228.95 to $264.99,20220418
173035,Apple iPhone 12 - 128GB - Purple (T-Mobile),$460.00,20220418
173042,Apple iPhone 12 Pro Max | 128GB Pacific Blue | Factory Unlocked | Good,$959.99,20220418
173044,Apple iPhone 11 Pro Max - 64GB - Factory Unlocked - Excellent Condition 9/10,$569.99,20220418
175232,Apple iPhone 6s - 16GB - Space Gray (T-Mobile),$60.00,20220418
175248,Apple iPhone XS Max 256GB Verizon GSM Unlocked T-Mobile AT&T Very Good Condition,$369.97,20220418
175252,Apple iPhone 11 128GB Unlocked Smartphone - Very Good,$399.95,20220418
177257,Apple iPhone 13 5G 128GB Starlight - (T-Mobile) MLMM3LL/A iOS Smartphone A2482,$599.00,20220418
177259,Apple iPhone XR - 64GB - Unlocked - Very Nice + Condition 90 DAY WARRANTY,$0.99,20220418
177266,Apple iPhone SE2 - 64GB - Unlocked - Excellent Condition 90 DAY WARRANTY,$0.99,20220418
177268,Apple iPhone 8 - 256GB - AT&T - Nice Condition - 90 DAY WARRANTY,$0.99,20220418
177271,Apple iPhone 8 PLUS - 64GB - Unlocked - Working - 90 DAY WARRANTY,$0.99,20220418
177273,Apple iPhone X 64gb Unlocked Straight talk T-mobile AT&T Verizon Metro EXCELLENT,$235.00,20220418
177274,Apple iPhone 7 Plus - 128GB - Rose Gold (Unlocked) Verizon Unlocked Good Cond.,$179.00,20220418
177280,New & Sealed - Apple iPhone 12 MINI 64GB Black LTE - Locked to Straight Talk ,$409.00,20220418
179456,Apple iPhone XS 64GB - 256GB - 512GB - All Colors - Fully Unlocked - Very Good,$269.00 to $318.00,20220418
179473,Apple iPhone 6s  Silver 16GB (CDMA + GSM) - Fully Unlocked - Excellent Condition,$90.00,20220418
179474,Apple iPhone 6s - 64GB - Space Gray (Verizon) A1688 (CDMA + GSM),$85.00,20220418
179479,Apple iPhone 12 Mini - 256GB - All Colors - Unlocked - Good Condition ,$458.99,20220418
179480,"Apple iPhone 7 PLUS + 5.5"" Factory Unlocked GSM SmartPhone 32GB 128GB 256GB",$199.95,20220418
179484,"Apple iPhone 12 Pro, A2341, 128GB, Unlocked, Excellent (Free Ship)",$659.99,20220418
181382,Apple iPhone 12 Pro Max - 256GB - All Colors (Unlocked) - Very Good Condition ,$888.24,20220418
181389,Apple iPhone 11 A2111 64/128/256GB Sprint Verizon T-Mobile AT&T Unlocked Good,$309.99 to $319.99,20220418
181411,Apple iPhone XR 64GB Factory Unlocked AT&T T-Mobile Verizon Very Good Condition,$229.95,20220418
181412,Apple iPhone 13 Pro - 128GB - Gold (Unlocked),$600.00,20220418
181421,Apple iPhone 8 Factory Unlocked 4G LTE Smartphone - Used,$129.99,20220418
181422,Apple iPhone 7 Plus - 32GB - Rose Gold (T-Mobile) A1784 (GSM),$105.99,20220418
181423,Apple iPhone XS  - 64GB - Silver (Sprint) A1921 (CDMA + GSM),$160.00,20220418
183425,Apple iPhone XR - 128GB -Black (Unlocked) A1984 (CDMA + GSM)~SRF~ VERY GOOD!,$248.99,20220418
183434,Apple iPhone SE 2nd Gen 2020 64GB 128GB Fully Unlocked SmartPhone Very Good,$204.95 to $244.95,20220418
183439,Apple iPhone 12 mini - 64GB - Blue (Unlocked),$389.00,20220418
183441,Apple iPhone XS Max 512GB Verizon GSM Unlocked T-Mobile AT&T Very Good Condition,$389.97 to $399.97,20220418
183448, Apple iPhone 12 Pro Max 128GB | Factory Unlocked | All Colors!,$799.99,20220418
185629,Apple iPhone 12 Pro Max | 128GB Pacific Blue | Factory Unlocked | Good Condition,$779.99,20220418
185631,Apple iPhone 12 256GB Black Unlocked - NEW & SEALED,$775.99,20220418
185634,Apple iPhone XR - 128GB -Black (Unlocked) A1984 (CDMA + GSM)~SRF~ GOOD!,$248.99,20220418
185643,Apple iPhone 11 Pro - 64GB - All Colors (Unlocked) A2160 - Excellent Condition ,$450.49 to $473.44,20220418
185650,Apple iPhone 12 Pro Max - 128GB - All Colors (Unlocked) - Excellent Condition ,$879.74 to $888.24,20220418
185655,Apple iPhone 11 64GB Unlocked Verizon ATT T-Mobile GSM CDMA Smartphone A2111,$309.99,20220418
185656,Apple iPhone 7 Plus - 32GB - All Colors - Unlocked - Good Condition,$149.99,20220418
187850,Apple iPhone 8 64GB Factory Unlocked Smartphone - Space Gray (A1863) EXCELLENT,$169.00,20220418
187853,Apple iPhone 11 Pro Max - 256GB - Gold (Verizon) A2161 (CDMA + GSM),$750.00,20220418
187860,Apple iPhone XR 64GB Factory Unlocked Smartphone Very Good Condition ,$217.00 to $332.00,20220418
187866,Apple iPhone 11 Pro Max 256GB Unlocked Good Condition (Free Ship),$524.99,20220418
189946,Apple iPhone X 256GB A1901 Unlocked GSM Phone - Space Gray (Very Good),$219.98,20220418
189965,Apple iPhone 6 - 16GB - Space Gray - (AT&T) A1549 (GSM) - EXCELLENT CONDITION,$45.99,20220418
189974,"Apple iPhone 11 64GB 6.1"" 4G LTE Factory Unlocked Smartphone Used",$309.99,20220418
189976,Apple iPhone 11 - 64GB - Factory Unlocked - Excellent Condition,$379.99,20220418
189982,🔥 Factory Unlocked  Apple iPhone 11 Pro A2160 -64GB- Gray [Grade A]🔥,$399.00,20220418
192179,Apple iPhone 11 64GB Factory Unlocked 4G LTE Smartphone - Excellent,$354.99,20220418
192191,Apple iPhone 12 Pro Max - 256GB - Silver (Unlocked),$500.00,20220418
194289,Apple iPhone X - 64GB - Silver  A1901 GSM UNLOCKED ~MRF~ VERY GOOD!,$209.99,20220418
194298,Apple iPhone 12 128GB Factory Unlocked AT&T T-Mobile Verizon Very Good Condition,$579.95,20220418
196515,Apple iPhone 12 Mini 5G 64/128/256GB Factory Unlocked- Good Condition ,$369.99 to $399.99,20220418
196516,Apple iPhone X 64GB Factory Unlocked Smartphone - Very Good,$219.99,20220418
198607,Apple iPhone SE 2nd Gen. - 256GB - Black (Unlocked) A2275 (CDMA + GSM). MINT!,$400.00,20220418
198621,Apple iPhone XS 64gb Gold A1920 (Unlocked) Reduced Price NW3503,$192.90,20220418
198622,Apple iPhone SE 2020 2nd Gen. 64GB Factory Unlocked Smartphone - Very Good,$184.99,20220418
198626,Apple iPhone XR 64gb Black Smartphone for (AT&T) GSM NEW OTHER SEALED BOX,$268.55,20220418
200800,Apple iPhone X 256GB A1901 Unlocked GSM Phone - Space Gray - Grade C,$249.98,20220418
200830,Apple iPhone 8 Plus Factory Unlocked 4G LTE Smartphone - Used,$169.99,20220418
203006,Apple iPhone 12 Mini 64GB 128GB 256GB FULLY UNLOCKED (VERY GOOD),$369.99 to $399.99,20220418
203050,Apple iPhone X - 64GB -Verizon Unlocked,$224.00,20220418
203052,Apple iPhone XS 64GB / 256GB / 512GB Unlocked Verizon AT&T T-Mobile - Very Good,$234.99 to $239.99,20220418
