,Product,Price,Date
0,Apple iPhone 7 32GB Black Unlocked A1660 CDMA and GSM,$103.89,20210102
1,"Apple iPhone 11 - 128GB 64GB - GSM+CDMA Factory Unlocked ""Excellent' ",$254.00 to $419.00,20210102
2,Apple iPhone 8 64GB 128GB 256GB Unlocked ATT T-Mobile Verizon Good Condition,$118.99 to $139.00,20210102
3,Apple iPhone 8 | 8 Plus 64GB 128GB 256GB GSM Unlocked ATT T-Mobile Metro Cricket,$129.95 to $254.95,20210102
4,Apple iPhone X 64GB Factory Unlocked Phone - Very Good,$224.95,20210102
5,Apple iPhone 11 64GB Factory Unlocked 4G LTE Smartphone - Very Good,$319.99,20210102
6,Apple iPhone X 256GB Unlocked Smartphone - Very Good,$239.95,20210102
7,Apple iPhone 12 128GB Unlocked Good Condition (Free Ship),$499.99,20210102
8,Apple iPhone 11 64GB Factory Unlocked 4G LTE Smartphone - Good,$279.99,20210102
9,Apple iPhone 11 64GB Unlocked Smartphone - Very Good,$339.95,20210102
10,Apple iPhone 8 Plus 64GB Unlocked Smartphone - Very Good,$204.95,20210102
11,Apple iPhone XR 64GB Factory Unlocked Smartphone - Very Good,$239.95,20210102
12,Apple iPhone 8 64GB GSM Factory Unlocked Smartphone-Good,$134.99,20210102
13,"Apple iPhone 7 Unlocked - All Colors - 32GB, 128GB & 256GB - Very Good Condition",$119.99 to $139.99,20210102
14,Apple iPhone 8 Plus 256gb Unlocked Straight talk T-Mobile AT&T Verizon EXCELLENT,$229.00 to $269.00,20210102
15,Apple iPhone XS 64GB Unlocked Smartphone - Very Good,$234.95,20210102
16,Apple iPhone 8 64GB Factory Unlocked Phone - Very Good,$154.95,20210102
17,Apple iPhone XS Max 64GB 256GB 512GB Unlocked Verizon AT&T TMobile Very Good,$299.00 to $369.00,20210102
18,Apple iPhone 11 Pro 256GB Unlocked AT&T T-Mobile Verizon Very Good Condition,$484.95,20210102
19,Apple iPhone 11 Pro Max 256GB Unlocked Smartphone - Very Good,$574.95,20210102
20,Apple iPhone 8 Plus 64GB Unlocked Smartphone - Space Gray - Good,$179.99,20210102
21,Apple iPhone 13 Pro Max - 128gb - Factory Sealed - Factory Warranty - Unlocked!,"$1,109.00",20210102
22,Apple iPhone XR - 64GB - Factory Unlocked - Good Condition,$218.99,20210102
23,Apple iPhone 11 128GB Unlocked Smartphone - Very Good,$369.95,20210102
24,Apple iPhone 12 Pro Max - 256GB Unlocked (GSM and CDMA)  - Excellent,$759.99,20210102
25,Apple iPhone 8 64GB - 128GB - 256GB - All Colors - Fully Unlocked - Good,$119.00 to $179.00,20210102
26,Apple iPhone 8 Plus 256GB Unlocked Smartphone - Very Good,$229.95,20210102
27,Apple iPhone X - 256GB - Space gray - Unlocked - NO FACE ID,$180.00,20210102
28,Apple iPhone 11 - 64GB - Black - Carrier Unlocked - NO FACE ID,$255.00,20210102
29,Apple iPhone 11 - 128GB/64GB - Factory Unlocked - Very Good Condition -ALL Color,$270.00 to $419.00,20210102
30,Apple iPhone SE 1St Gen Fully Unlocked (32 & 64GB) (VERY GOOD),$82.99,20210102
31,Apple iPhone XR - 64GB -Black (Unlocked) A1984 (CDMA + GSM)~SRF~ -VERY GOOD,$224.99,20210102
32,Apple iPhone XR White 64GB A1984 LTE GSM CDMA Verizon Unlocked,$204.99,20210102
33,Apple iPhone 11 128GB Factory Unlocked 4G LTE Smartphone - Very Good,$379.99,20210102
34,Apple iPhone 12 mini 64GB Unlocked AT&T T-Mobile Verizon Very Good Condition,$369.95,20210102
35,Apple iPhone XR - 64GB - All Colors - Factory Unlocked - Very Good,$239.00,20210102
36,Apple iPhone XS Max 64GB 256GB 512GB Unlocked Verizon AT&T TMobile Excellent,$309.00 to $419.00,20210102
37,Apple iPhone 8 64GB GSM Factory Unlocked GRAY & SILVER (GOOD CONDITION),$138.00,20210102
38,Apple iPhone 6s  16/32/64 GB - All Colors - Fully Unlocked - Very Good Condition,$99.99 to $109.99,20210102
39,Apple iPhone X 64/256GB Fully Unlocked (GSM+CDMA) AT&T T-Mobile Verizon,$234.99 to $269.99,20210102
40,Apple iPhone 7 Plus 32GB Unlocked Smartphone - Very Good,$154.95,20210102
41,"Apple iPhone 7+ Plus 32GB 128GB 256GB GSM ""Factory Unlocked Phone Good Condition",$129.95 to $169.95,20210102
42,Apple iPhone XR Black 128GB A1984 LTE GSM CDMA Verizon Unlocked - Good,$232.99,20210102
43,Apple iPhone 8 64GB 256GB Verizon T-Mobile AT&T Unlocked Good Condition,$119.99 to $199.99,20210102
44,Apple iPhone 12 64GB Factory Unlocked AT&T T-Mobile Verizon Very Good Condition,$454.95,20210102
45,Apple iPhone X 256GB Factory Unlocked AT&T T-Mobile Verizon Very Good Condition,$239.95,20210102
46,Apple iPhone SE 2nd Gen 64GB Unlocked AT&T T-Mobile Verizon Very Good Condition,$169.95,20210102
8843,Apple iPhone 11 - 64GB - Factory Unlocked - Good Condition,$309.99,20210102
8846,Apple iPhone 13 Pro Max - 256gb - Factory Sealed - Factory Warranty - Unlocked!,"$1,189.00",20210102
8849,APPLE IPHONE 7 *ALL COLORS* FACTORY UNLOCKED 32GB (VERY GOOD CONDITION),$105.99,20210102
8854,Apple iPhone XS 64GB Factory Unlocked 4G LTE iOS Smartphone - Very Good,$224.99,20210102
8856,Apple iPhone 7 Plus 128GB Unlocked Smartphone - Very Good,$169.95,20210102
8859,Apple iPhone 12 128GB Unlocked Smartphone - Very Good,$479.95,20210102
8861,Apple iPhone 7 128GB Unlocked Smartphone - Very Good,$114.95,20210102
8865,Apple iPhone 8 64GB Factory Unlocked Verizon AT&T T-Mobile Sprint Good,$159.00,20210102
8866,Apple iPhone 8 64GB 256GB Unlocked Open Box New Other,$159.89 to $179.89,20210102
8868,Apple iPhone 11 128GB Factory Unlocked AT&T T-Mobile Verizon Very Good Condition,$364.95,20210102
8870,iPhone SE - Unlocked (GSM) - 32GB - Gray - Brand New,$119.00,20210102
8871,Apple iPhone 8 - 64GB 128GB 256GB - All Colors - Good Condition,$129.00 to $130.00,20210102
8872,Apple Iphone 11 - 64GB - 4GB RAM - Factory Unlocked - All Colors - Very Good,$314.99,20210102
8873,Apple iPhone 7 - 32GB - Gold (Unlocked) A1660 (CDMA + GSM),$103.89,20210102
8874,Apple iPhone 5S (A1533) -16GB /32GB /64Gb (GSM Unlocked) Smartphone 2B2,$49.99,20210102
8878,Apple iPhone 7 Plus - Factory Unlocked - 32GB - Black - Smartphone - Good,$119.99,20210102
8880,Apple iPhone X 64GB Unlocked 4G LTE iOS WiFi 12MP Camera Smartphone - Good,$214.95,20210102
8881,Apple iPhone 11 Pro Max 256GB Unlocked AT&T T-Mobile Verizon Very Good Condition,$544.95,20210102
8882,Apple iPhone SE 2nd Gen 2020 64GB 128GB 256GB Fully Unlocked SmartPhone,$148.99 to $209.99,20210102
24302,Apple iPhone 8 Plus 64GB 128GB 256GB Unlocked ATT T-Mobile Verizon GoodCondition,$169.00,20210102
24327,Apple iPhone 11 - 128GB - Black. Unlocked A2111 (CDMA + GSM) Good Condition,$260.00 to $414.00,20210102
24336,"Apple iPhone 6s 16GB, 64GB, 128GB, Verizon at&t LTE CDMA/GSM Unlocked Smartphone",$60.82 to $126.00,20210102
24343,Apple iPhone 13 128GB - (Unlocked) - Red Starlight Green Pink Blue - EXCELLENT,$664.99,20210102
24344,Apple iPhone XS 64GB Factory Unlocked AT&T T-Mobile Verizon Very Good Condition,$209.95,20210102
28739,Apple iPhone 13 Pro Max | 256GB Graphite | T-Mobile + Metro + Mint | Excellent,$924.99,20210102
28751,Apple iPhone XS - 64GB - Fully Unlocked - Space Gray - Gold - Silver. Excellent,$234.99,20210102
28752,Apple iPhone 7 32GB Unlocked Smartphone - Very Good,$104.95,20210102
28753,Apple iPhone X - 256GB  Silver Factory Fully Unlocked A1865 CDMA + GSM EXCELLENT,$279.00,20210102
28757,Apple iPhone XS Max 256GB Unlocked AT&T T-Mobile Verizon Very Good Condition,$304.95,20210102
28759,Apple iPhone 7 Plus - 32GB - Factory Unlocked - Smartphone - Good,$119.99,20210102
28761,Apple iPhone 11 64GB Factory Unlocked AT&T T-Mobile Verizon Very Good Condition,$314.95,20210102
30833,Apple iPhone 8 64GB Fully Unlocked Verizon Sprint AT&T T-Mobile,$224.00,20210102
30834,Apple iPhone 11 Smartphone 64GB 128GB AT&T Sprint T-Mobile Verizon or Unlocked,$469.00 to $589.00,20210102
30835,Apple iPhone XR 64GB Factory Unlocked Smartphone 4G LTE iOS Smartphone,$349.99,20210102
30836,Apple iPhone 7 Plus Smartphone AT&T Sprint T-Mobile Verizon or Unlocked 4G LTE,$165.00 to $269.00,20210102
30837,Apple iPhone 8 64GB Fully Unlocked Verizon Sprint AT&T T-Mobile - CDMA GSM,$235.00 to $244.99,20210102
30838,Apple iPhone 11 Black 64GB A2111 LTE GSM CDMA Verizon Unlocked - Really Good,$473.99,20210102
30839,Apple iPhone 8 Plus 64GB Factory Unlocked Smartphone,$299.99,20210102
30840,Apple iPhone 8 Plus Factory Unlocked 4G LTE Smartphone - Used,$299.99,20210102
30841,Unlocked Apple iPhone 11 🍎 64GB 128GB 256GB Verizon T-Mobile AT&T 📱 Smartphone,$499.99 to $654.99,20210102
30842,Apple iPhone X Smartphone 64GB 256GB AT&T Sprint T-Mobile Verizon or Unlocked,$289.00 to $389.00,20210102
30843,Apple iPhone 8 64GB Factory Unlocked Smartphone Verizon AT&T T-Mobile Sprint,$219.99,20210102
30844,Apple iPhone XR Smartphone 64GB 128GB AT&T Sprint T-Mobile Verizon or Unlocked,$275.00 to $389.00,20210102
30845,Apple iPhone 11 Pro Smartphone AT&T Sprint T-Mobile Verizon or Unlocked LTE,$579.00 to $729.00,20210102
30846,Apple iPhone XR 128GB Verizon T-Mobile AT&T Unlocked Smartphone,$349.99 to $379.99,20210102
30847,Apple iPhone SE Smartphone 16GB 32GB 64GB 128GB Verizon Unlocked T-Mobile AT&T,$64.00 to $135.00,20210102
30848,Apple iPhone X 64GB Fully Unlocked (GSM+CDMA) Space Gray NO FACE ID ,$279.99,20210102
30849,Apple iPhone X | 64GB 256GB | Unlocked Verizon AT&T T-Mobile Sprint | CDMA/GSM,$334.98 to $459.98,20210102
30850,Apple iPhone 8 64GB Factory Unlocked Smartphone,$209.99 to $219.99,20210102
30851,Apple iPhone 8 Plus 64GB Unlocked Smartphone,$304.95,20210102
30852,IPHONE 11 GREEN 128GB VZ,$484.99,20210102
30853,Apple iPhone XS Max - 64GB 256GB 512GB - Unlocked AT&T Verizon T-Mobile Sprint,$479.99 to $679.99,20210102
30854,Apple iPhone 8 Smartphone AT&T Sprint T-Mobile Verizon or Unlocked 4G LTE iOS,$189.00 to $239.00,20210102
30855,"Apple iPhone 7 128GB - Gold,Black,Silver,Rose Gold,Red- Unlocked Smartphone",$103.00 to $233.00,20210102
30856,SR Apple iPhone XS 64 GB 256 GB 512 GB GSM+CDMA UNLOCKED NO FACE ID,$314.99,20210102
30857,Apple iPhone 12 - 64gb - Unlocked - Factory Sealed - Factory Warranty,$895.00,20210102
30858,Apple iPhone XS Max Smartphone AT&T Sprint T-Mobile Verizon or Unlocked 4G LTE,$419.00 to $519.00,20210102
30859,Apple iPhone 7 Smartphone AT&T Sprint T-Mobile Verizon or Unlocked 4G LTE,$114.00 to $174.00,20210102
30860,Apple iPhone 11 Pro Max Smartphone AT&T Sprint T-Mobile Verizon or Unlocked LTE,$739.00 to $819.00,20210102
30861,Apple iPhone SE 2nd Gen Smartphone AT&T Sprint T-Mobile Verizon or Unlocked,$249.00 to $359.00,20210102
30862,"Apple iPhone 11 Pro Max - 64GB 256GB 512GB, All Colors - Unlocked/Network Locked","$779.99 to $1,154.99",20210102
30863,"Apple iPhone X - 64GB, 256GB CDMA/GSM Unlocked, Verizon, AT&T, T-Mobile, Sprint",$359.99 to $489.99,20210102
30864,"Apple iPhone 6 16GB- 64GB- 128GB, Fully Unlocked, Excellent Condition",$90.00 to $168.00,20210102
30865,Apple iphone 7/7 plus 32GB/128GB Unlocked Verizon at&t Smartphone,$138.00 to $368.00,20210102
30866,Apple  iPhone 7 - 32GB - Black - (GSM) Unlocked - 🍎,$149.99,20210102
30867,"Apple iPhone X 64GB 256GB, Space Gray Silver, CDMA + GSM Unlocked IOS Smartphone",$359.99 to $379.99,20210102
30868,Apple iPhone 7 Smartphone 32GB AT&T Sprint T-Mobile Verizon or Unlocked,$119.00 to $189.00,20210102
30869,Apple iPhone XR Smartphone | 64GB 128GB | Unlocked Verizon AT&T Sprint T-Mobile,$354.98 to $479.98,20210102
30870,Apple iPhone 11 - 64GB 128GB 256GB - All Colors - Fully Unlocked (CDMA + GSM) ,$584.99 to $799.99,20210102
30871,Apple iPhone 7 Smartphone Black Rose Gold Silver 32GB 128GB 256GB GSM Unlocked,$124.00 to $174.00,20210102
30872,Apple iPhone X 256GB Fully Unlocked (GSM+CDMA) Space Gray NO FACE ID ,$299.99,20210102
30873,Apple iPhone XR 64GB Fully Unlocked (GSM+CDMA) AT&T T-Mobile Verizon Red,$379.00,20210102
30874,Apple iPhone 6S 16GB Unlocked Smartphone,$114.95,20210102
30875,Apple iPhone XS Smartphone AT&T Sprint T-Mobile Verizon or Unlocked 4G LTE,$299.00 to $419.00,20210102
32682,Apple iPhone 8 - 64GB/256GB - Gold/Grey/ Silver - UNLOCKED - Various Grades,"THB7,384.74 to THB11,897.88",20210102
32683,NEW SEALED - Apple iPhone SE 32GB Space Gray WORLDWIDE GSM FACTORY UNLOCKED,"THB9,004.11",20210102
32684,Apple iPhone X (iPhone 10) 64GB 256GB All Colours Unlocked SIM Free Smartphone,"THB13,539.03 to THB16,821.32",20210102
32685,Apple iPhone 8 64GB Factory Unlocked Smartphone A1863(CDMA + GSM) Fair Condition,"THB7,473.66",20210102
32686,Apple iPhone 12 64/128/256GB White Black Blue White Green Red GSM CDMA Unlocked,"THB29,984.69 to THB36,017.65",20210102
32687,APPLE iPHONE 6S 16GB / 64GB / 128GB - Unlocked - Smartphone Mobile Phone ,"THB3,487.43 to THB5,538.86",20210102
32688,iPhone X 64gb space grey - cracked screen ,"THB2,617.18",20210102
32689,Factory Unlocked Apple iPHONE 7 PLUS 128GB AT&T T-mobile Verizon Sprint w/ Box,"THB10,505.15 to THB12,906.32",20210102
32690,Iphone 7,"THB3,151.54",20210102
32691,Apple iPhone 11 - 64GB - Purple (Unlocked) A2221 (CDMA + GSM),"THB15,540.93",20210102
32692,Apple iPhone X - 64GB - Silver (Unlocked) A1865 (CDMA + GSM) (AU Stock),"THB10,422.38",20210102
32693,Apple iPhone 8 Plus 64GB 256GB A1864 GSM Unlocked Smartphone All Colors,"THB19,686.49 to THB23,160.62",20210102
32694,Apple iPhone XS Max - 64GB 256GB 512GB-Unlocked Refurbished Smartphone All Grade,"THB16,000.75 to THB18,011.15",20210102
32695,As New Apple iPhone X 10 64GB / 256GB Space Grey / Silver Unlocked [AU Seller],"THB5,535.44 to THB15,865.18",20210102
32696,Apple iPhone SE 2nd Gen. - 64GB - Black (AT&T) A2275 (CDMA + GSM),"THB9,004.11",20210102
32697,New Sealed Apple iPhone SE 2nd Gen 64GB Black Factory Unlocked A2275 CDMA + GSM,"THB11,255.52",20210102
32698,APPLE iPHONE SE 1st Gen - 16GB / 64GB / 128GB -  Unlocked - Smartphone Mobile ,"THB2,420.69 to THB6,113.26",20210102
32699,iPhone 8 Unlocked 64GB / 256GB Smartphone Gold/Grey/Silver/Red -12Month Warranty,"THB6,154.29 to THB9,436.58",20210102
32700,Apple iPhone 11 Pro Max - 256GB- Midnight Green (AT&T)  (CDMA + GSM),"THB24,011.47",20210102
32701,Apple iPhone 7 - 32GB - Rose Gold (Unlocked) -100%  Excellent Condition!,THB348.74,20210102
32702,Apple iPhone 8 - 64GB - Gold (Unlocked),"THB4,061.83",20210102
32703,Apple iPhone 11 Pro Max - 64GB - Midnight Green (Unlocked) A2161 (CDMA + GSM),"THB21,910.74",20210102
32704,Apple iPhone XS - 256GB - Silver (Unlocked) A1920 (CDMA + GSM),"THB9,904.85",20210102
32705,NEW Apple iPhone 8 All Conditions & Colours SIM-Free Smartphone With Accessories,"THB11,693.15 to THB13,744.58",20210102
32706,Apple iPhone 7 Plus - 32GB - Silver (Unlocked) A1661 (CDMA   GSM),"THB6,753.31",20210102
32707,Apple iPhone 7 Plus - 128GB - Black- (Unlocked),"THB10,216.12",20210102
32708,Grade A++ Apple iPhone SE 2nd Gen. - 64GB - Black (Unlocked) A2296 Ref: 4756,"THB13,128.74",20210102
32709,APPLE iPHONE 6 16GB / 32GB / 64GB / 128GB - Unlocked -  Smartphone Mobile Phone ,"THB3,487.43 to THB5,538.86",20210102
32710,Apple iphone x - 64 gb-black (désimlocké),"THB12,119.08",20210102
32711,Apple iPhone X - 256GB - Space Grey (Unlocked) A1901 (GSM),"THB12,308.58",20210102
32712,iPhone 6 A1586 with Cracked Screen,"THB1,025.72",20210102
32713,iPhone 7 (Unlocked) 32GB - Black,"THB14,977.34",20210102
32714,IPhone 8 256 GB,"THB6,164.21",20210102
32715,Apple iPhone 8 Plus - 64GB - Space Gray (Straight Talk) A1864 (CDMA + GSM),"THB3,871.90",20210102
32716,Apple iPhone 6s - VARIOUS NETWORKS - 16/32/64/128GB - ALL COLOURS - Smartphone,"THB3,608.47 to THB8,121.61",20210102
32717,Apple iPhone XR White- 64GB (UNLOCKED),"THB12,472.70",20210102
32718,APPLE iPHONE 5S 16GB / 32GB / 64GB - Unlocked - Black / White Smartphone Mobile,"THB2,338.63",20210102
32719,Apple lphone 12 pro max - 256gb (unlocked) brand new sealed worldwide,"THB37,789.51",20210102
32720,Apple iPhone 7 Plus - 32GB - Rose Gold (EE) A1784 (GSM),"THB2,543.77",20210102
32721,Apple iPhone 8 - 64GB - Silver (Unlocked) A1863 (CDMA + GSM) (AU Stock),THB23.16,20210102
32722,Apple iPhone X - 256gb-Black,"THB12,853.57",20210102
32723,Apple iPhone 7 - Unlocked - 32gb - Gold,"THB7,590.29",20210102
32724,Apple iPhone 6s Plus - 64GB - Silver (Unlocked) A1687 (CDMA + GSM) (AU Stock),"THB4,632.17",20210102
32725,Apple iPhone 11 Pro Max - 256GB - Space Gray (AT&T) A2161,"THB22,511.03",20210102
32726,Apple iPhone 8 Plus - 64GB - Gold (Unlocked),"THB7,795.02",20210102
32727,Apple iPhone 8 - 64GB - Rose Gold (Unlocked) Used (Small Scuffs Around Edge),"THB3,692.57",20210102
32728,Apple iPhone X - 256GB - Space Gray Unlocked (T-Mobile) A1901 (GSM),"THB6,002.94",20210102
