,Product,Price,Date
0,Apple iPhone 8 64GB Factory Unlocked Verizon AT&T T-Mobile Sprint,$189.00,20210930
1,Apple iPhone X - 64GB - 256GB - Smartphone - AT&T or Unlocked ,$249.99 to $324.99,20210930
2,Apple iPhone  XS |  XS Max | Unlocked Smartphone 📱📱 64 GB 256 GB Unlocked ,$444.80 to $494.00,20210930
3,Apple iPhone XR Smartphone 64GB 128GB AT&T Sprint T-Mobile Verizon or Unlocked,$299.00 to $379.00,20210930
4,Apple iPhone 11- 128GB All Colors - Unlocked - Brand New - Factory Sealed,$644.00,20210930
5,Apple iPhone 11 Smartphone 64GB 128GB AT&T Sprint T-Mobile Verizon or Unlocked,$469.00 to $589.00,20210930
6,Apple iPhone 8 64GB Factory Unlocked Smartphone,$169.99,20210930
7,Apple iPhone X Smartphone 64GB 256GB AT&T Sprint T-Mobile Verizon or Unlocked,$279.00 to $344.00,20210930
8,Apple iPhone 6 16GB Factory Unlocked Smartphone,$89.99,20210930
9,Apple iPhone X 64GB Factory Unlocked Smartphone,$299.99,20210930
10,Apple iPhone XR 64GB Factory Unlocked Smartphone 4G LTE iOS Smartphone,$314.99,20210930
11,Apple iPhone 8 Plus 64GB Factory Unlocked Smartphone,$249.99,20210930
12,Apple iPhone 7 Smartphone 32/128/256GB AT&T Sprint T-Mobile Verizon or Unlocked,$124.00 to $159.00,20210930
13,Apple iPhone 7 Smartphone Black Rose Gold Silver 32GB 128GB 256GB GSM Unlocked,$134.00 to $154.00,20210930
14,Apple iPhone XS Max 64GB 256GB 512GB Unlocked Verizon Sprint AT&T T-Mobile,$424.99 to $559.99,20210930
15,Apple iPhone 12 - 64gb - Unlocked - Factory Sealed - Factory Warranty,$864.00,20210930
16,Apple iPhone 11 Pro Smartphone AT&T Sprint T-Mobile Verizon or Unlocked LTE,$569.00 to $709.00,20210930
17,Unlocked Apple iPhone 11 Pro Max 🍎 64GB 256GB 512GB Verizon T-Mobile Smartphone,$689.99 to $859.99,20210930
18,Apple iPhone SE 2nd Gen (2020)  64GB 128GB 256GB Fully Unlocked Smartphone Mint,$299.00 to $349.00,20210930
19,Apple iPhone 8 64GB A1863 Factory Unlocked Smartphone,$159.99,20210930
20,Apple iPhone X 64GB 256GB A1901 A1865 New AT&T T-Mobile Sprint Verizon Unlocked,$309.00 to $439.00,20210930
21,Apple iPhone 7 Plus Smartphone AT&T Sprint T-Mobile Verizon or Unlocked 4G LTE,$174.00 to $244.00,20210930
22,Apple iPhone X A1865 iOS Smartphone Spectrum or Tracfone PLEASE READ,$179.99 to $209.99,20210930
23,Apple iPhone 8 64GB Fully Unlocked Verizon Sprint AT&T T-Mobile,$194.99,20210930
24,Apple iPhone SE 2nd Gen (2020) 🍎 64GB 128GB 256GB 📱 Fully Unlocked Smartphone,$287.99 to $374.99,20210930
25,Apple iPhone XS Max Unlocked 🍎 64GB 256GB 512GB Verizon TMobile AT&T Smartphone,$399.99 to $529.99,20210930
26,Apple iPhone SE 2nd Gen Smartphone AT&T Sprint T-Mobile Verizon or Unlocked,$214.00 to $289.00,20210930
27,Apple iPhone 8 64GB Factory Unlocked AT&T T-Mobile Gray Smartphone,$159.99,20210930
28,NEW Apple iPhone SE 2nd Gen BLACK  64GB Boost Mobile Free 1st Month ,$199.99,20210930
29,Apple iPhone XS 64GB Unlocked Smartphone,$299.99,20210930
30,Apple iPhone 8 64GB Fully Unlocked (GSM+CDMA) AT&T T-Mobile Verizon Black,$184.99,20210930
31,Apple iPhone 6s Smartphone 16GB 32GB 64GB 128GB Factory Unlocked 4G LTE WiFi iOS,$99.00 to $124.00,20210930
32,Apple iPhone XS MAX - 64GB - 256GB LTE GSM Smartphone - UNLOCKED or AT&T,$384.99 to $449.99,20210930
33,Apple iPhone 11 Pro 64GB Factory Unlocked 4G LTE Smartphone,$599.99,20210930
34,Unlocked Apple iPhone 11 🍎 64GB 128GB 256GB Verizon T-Mobile AT&T 📱 Smartphone,$499.99 to $629.99,20210930
35,Apple iPhone 8 Plus 64GB Unlocked Smartphone,$259.95,20210930
36,Apple iPhone 6s Smartphone 16GB 64GB 128GB AT&T Verizon Unlocked T-Mobile Sprint,$99.00 to $124.00,20210930
37,Apple iPhone XS Max Smartphone AT&T Sprint T-Mobile Verizon or Unlocked 4G LTE,$379.00 to $479.00,20210930
38,Apple iPhone 7 Smartphone 32GB 128GB 256GB Factory Unlocked 4G LTE WiFi iOS,$114.00 to $154.00,20210930
39,Apple iPhone 7 Smartphone AT&T Sprint T-Mobile Verizon or Unlocked 4G LTE,$124.00 to $149.00,20210930
1609,Apple iPhone X | 64GB 256GB | Unlocked Verizon AT&T T-Mobile Sprint | CDMA/GSM,$314.98 to $439.98,20210930
1612,Apple iPhone 8 Smartphone AT&T Sprint T-Mobile Verizon or Unlocked 4G LTE iOS,$169.00 to $209.00,20210930
1621,Apple iPhone 8 Plus Smartphone AT&T Sprint T-Mobile Verizon or Unlocked 4G LTE,$239.00 to $324.00,20210930
1622,Apple iPhone X Unlocked Smartphone 📱 64GB 256GB Verizon T-Mobile AT&T GSM CDMA,$279.99 to $379.99,20210930
1631,Apple iPhone XS 256GB Unlocked Smartphone,$359.95,20210930
1634,Apple iPhone 12 Mini - 128gb - Unlocked - Factory Sealed - Factory Warranty,$814.00,20210930
1635,Apple iPhone SE (2020) 64GB 128GB 256GB GSM Unlocked Black/Red/White iOS 4G LTE,$230.30 to $272.60,20210930
1636,"Apple iPhone 7 32GB, 128GB, 256GB CDMA/GSM Unlocked Verizon AT&T T-Mobile Sprint",$129.99 to $194.99,20210930
1637,Apple iPhone XS Smartphone AT&T Sprint T-Mobile Verizon or Unlocked 4G LTE,$299.00 to $389.00,20210930
1638,Apple  iPhone 7 - 32GB - Black - (GSM) Unlocked - 🍎,$129.99,20210930
1640,Apple iPhone SE Smartphone 16GB 32GB 64GB 128GB Verizon Unlocked T-Mobile AT&T,$74.00 to $104.00,20210930
3296,Apple iPhone 8 64GB Unlocked Smartphone - Space Gray (A1863),$42.99,20210930
3301,"Apple iPhone XS - 64GB, 256GB, 512GB - Unlocked, AT&T, Verizon, T-Mobile, Sprint",$344.99 to $569.99,20210930
3304,Apple iPhone XR 64GB 128GB 256GB - Factory Unlocked AT&T Verizon T-Mobile,$289.99 to $379.99,20210930
3308,Apple iPhone Xs Smartphone 64/256/512GB AT&T Sprint T-Mobile Verizon or Unlocked,$284.00 to $354.00,20210930
3310,Apple iPhone 12 Mini Smartphone 64 128 256GB AT&T T-Mobile Verizon or Unlocked,$599.00 to $769.00,20210930
3313,Apple iPhone X 256GB Unlocked Smartphone,$317.95,20210930
3316,Apple iPhone X 64GB Fully Unlocked (GSM+CDMA) AT&T T-Mobile Verizon Silver,$309.99,20210930
3320,Apple iPhone XS Max - 64GB 256GB 512GB - Unlocked/ Verizon/ AT&T/T-Mobile/Sprint,$399.99 to $599.99,20210930
5161,Apple iPhone 8 64GB Factory Unlocked Phone,$169.95,20210930
5163,Apple iPhone X 64GB Factory Unlocked Phone,$294.95,20210930
5165,Apple iPhone X Smartphone 64GB 256GB AT&T T-Mobile or Unlocked,$269.99 to $354.99,20210930
6823,Apple iPhone 8 Plus Factory Unlocked AT&T T-Mobile Verizon Smartphone,$279.99,20210930
6839,Apple iPhone XR 64GB Factory Unlocked Smartphone,$314.95,20210930
6843,Apple iPhone 12 Pro - 256gb - Unlocked - Factory Sealed - Factory Warranty,"$1,215.00",20210930
8342,Apple iPhone 8 64GB - 128GB - 256GB - All Colors - Fully Unlocked,$154.00 to $159.00,20210930
8361,Apple iPhone X 256GB Factory Unlocked Smartphone 4G LTE,$304.98,20210930
8369,Apple iPhone 8 64GB - 128GB - 256GB - Unlocked Verizon AT&T T-Mobile Sprint,$164.00 to $169.00,20210930
8372,"Apple iPhone 7 32GB ""Factory Unlocked"" 4G LTE iOS WiFi Smartphone",$139.99,20210930
8375,iPhone 6s/6s plus 16GB/64GB/128GB Unlocked Verizon at&t Tmobile smartphone LTE ,$77.00 to $213.00,20210930
10283,Apple iPhone 7 - 32GB - Black (Unlocked) A1660 (CDMA + GSM) ,$109.89,20210930
10302,Apple iPhone SE 2nd Gen Smartphone AT&T Sprint T-Mobile Verizon or Unlocked ,$249.00 to $274.00,20210930
11726,Apple iPhone XS 64GB - 256GB - 512GB - All Colors - Fully Unlocked,$314.00 to $359.00,20210930
13250,Apple iPhone 7 32GB GSM Factory Unlocked 4G LTE iOS WiFi Smartphone,$119.99,20210930
14869,NEW Apple iPhone SE 2nd Gen RED 64GB Boost Mobile Free 1st Month ,$219.99,20210930
14870,Apple iPhone 7 32/128/256GB A1660 Unlocked Brand New,$199.99,20210930
16283,Apple iPhone 8 64GB GSM Factory Unlocked Smartphone GRAY & SILVER,$154.99,20210930
16312,Apple iphone 7/7 plus 32GB/128GB Unlocked Verizon at&t Smartphone,$114.00,20210930
17910,Apple iPhone XS Max 256GB CDMA GSM - Fully Unlocked - All Colors,$469.99,20210930
17912,Apple iPhone XR | 64GB Factory Unlocked | 4G LTE iOS Smartphone,$325.00,20210930
19480,Apple iPhone X - 64GB 256GB - Factory Unlocked AT&T Verizon T-Mobile,$259.99 to $329.99,20210930
19487,Apple iPhone 7 32GB GSM Unlocked,$104.99,20210930
19518,Apple iPhone 8 64GB Fully Factory Unlocked Verizon AT&T T-Mobile All Colors,$144.95,20210930
21266,Apple iPhone 8 - 64GB 256GB GSM Factory Unlocked Smartphone AT&T T-Mobile,$144.95,20210930
21267,Apple iPhone XS - 64GB - 256GB Smartphone - AT&T or Unlocked,$324.99,20210930
21274,Apple iPhone 8 64GB Factory Unlocked All Carriers Refurbished - Space Grey,$169.99,20210930
24789,Apple iPhone 6 16GB 64GB 128GB Factory Unlocked Smartphone,$98.00,20210930
26563,Apple iPhone 11 Black 64GB 🍎 Verizon T-Mobile AT&T Unlocked iOS Smartphone,$499.99,20210930
26568,Apple iPhone 8+ Plus - 64GB 256GB Factory GSM Unlocked Smartphone AT&T T-Mobile,$239.95 to $269.95,20210930
28089,Apple iPhone 8 Plus 64GB 256GB Smartphone - Verizon Unlocked AT&T TMobile Sprint,$339.98 to $374.98,20210930
28092,"Apple iPhone 8 Plus 64GB, 256GB, Fully Unlocked CDMA + GSM, 4G LTE Smartphone",$259.99 to $299.99,20210930
29841,Apple iPhone XS 256GB Fully Unlocked Verizon Sprint AT&T T-Mobile,$389.99,20210930
29844,Apple iPhone XS Max 64GB 256GB 512GB GSM Unlocked AT&T T-Mobile,$409.99 to $539.99,20210930
29846,Apple iPhone 12 A2172 64/128/256GB AT&T T-Mobile Sprint Verizon Unlocked,$679.99 to $769.99,20210930
29848,Apple iPhone 6s - 16GB 32GB 64GB 128GB - Unlocked AT&T Verizon T-Mobile Sprint,$94.99 to $149.99,20210930
29861,Apple iPhone 12 Pro - 128gb - Unlocked - Factory Sealed - Factory Warranty,"$1,089.99",20210930
31771,Apple iPhone XR - 64GB - (GSM + CDMA) Unlocked Smartphone - AT&T T-Mobile Sprint,$279.99 to $328.99,20210930
31774,Apple iPhone 8 64GB Fully Unlocked Verizon Sprint AT&T T-Mobile - CDMA GSM,$189.99,20210930
31777,Apple iPhone 8 Plus 64GB 256GB - Factory Unlocked AT&T Verizon T-Mobile,$229.99 to $289.99,20210930
31786,Apple iPhone 11 Pro 64GB Unlocked Smartphone,$589.95,20210930
31792,Apple iPhone 8 64GB- 256GB Fully Unlocked No Fingerprint,$139.99 to $189.99,20210930
33613,Apple iPhone XS 256GB GSM Unlocked AT&T T-Mobile,$389.99,20210930
33615,Apple  iPhone 11 128GB - Verizon T-Mobile AT&T - UNLOCKED - A2111,$549.00,20210930
33643,Apple iPhone 8 Plus  64GB -256GB Fully Unlocked No Fingerprint,$199.99 to $239.99,20210930
33644,Apple iPhone 11 Pro Max Smartphone AT&T Sprint T-Mobile Verizon or Unlocked LTE,$689.00 to $719.00,20210930
35576,Open Box Apple iPhone X - Silver - A1865 - AT&T T-Mobile Sprint Verizon Unlocked,$319.00,20210930
35584,"Apple iPhone 7 32GB - 128GB Fully Unlocked  ""No FINGERPRINT""",$99.00,20210930
37662,iPhone 6s 16GB 64GB 128GB Unlocked Verizon at&t Tmobile smartphone LTE ,$112.00,20210930
37696,Apple iPhone 7 Plus Smartphone 32/128GB AT&T Sprint T-Mobile Verizon or Unlocked,$179.00 to $279.00,20210930
39682,Apple iPhone 11-128GB All Colors- GSM & CDMA Unlocked - Sealed- Factory Warranty,$639.00,20210930
39706,Apple iPhone XS Max 256GB GSM Unlocked - All Colors,$469.99,20210930
39709,Apple iPhone 12 Pro - 128gb - GSM & CDMA Unlocked - Sealed - Factory Warranty,"$1,059.99",20210930
39711,Apple iPhone 12 Pro - 256gb - GSM & CDMA Unlocked - Sealed - Factory Warranty,"$1,164.99",20210930
39725,Apple iPhone 7 Plus 128GB Unlocked Smartphone,$224.95,20210930
41812,iPhone XR 64GB Unlocked,$349.99,20210930
41823,Apple iPhone 11 128GB - Verizon T-Mobile AT&T - UNLOCKED - A2111,$599.00,20210930
43828,Apple  iPhone 11 PRO 256GB - Verizon T-Mobile AT&T - UNLOCKED - A2160,$659.00,20210930
43833,Apple  iPhone XS Max 256GB - Verizon T-Mobile AT&T - UNLOCKED - A1921,$459.00,20210930
43847,Apple  iPhone XS Max 64GB - Verizon T-Mobile AT&T - UNLOCKED - A1921,$419.00,20210930
43855,Apple  iPhone XS 64GB - Verizon T-Mobile AT&T - UNLOCKED - A1920,$314.00,20210930
43856,Apple iPhone XR 128GB Verizon T-Mobile AT&T Unlocked Smartphone,$339.99 to $369.99,20210930
43859,Apple iPhone 6s Plus Smartphone GSM Unlocked 16GB 64GB 128GB 4G LTE iOS,$139.00 to $159.00,20210930
43864,APPLE IPHONE 7 *ALL COLORS* FACTORY UNLOCKED 32GB ,$112.99,20210930
45791,Apple iPhone 7 32GB 128GB 256GB AT&T Verizon T-Mobile GSM Unlocked,$104.89 to $179.89,20210930
47636,Apple iPhone 8 64GB Unlocked CDMA GSM All Colors - Very Good - Open Box,$199.99,20210930
47649,Apple iPhone XR 256GB|128GB|64GB| GSM/ CDMA Unlocked - Verizon T-Mobile AT&T,$369.88,20210930
49567,Apple iPhone 11 - 128GB - Black (Unlocked) A2111 (CDMA + GSM),$79.51,20210930
49572,Apple iPhone XR Smartphone | 64GB 128GB 256GB | Unlocked Verizon AT&T T-Mobile,$324.98 to $509.98,20210930
51598,Apple iPhone 12 - 64GB / 128GB (UNLOCKED)  Factory Warranty  ⚫⚪🔴🔵 ✤NEW SEALED✤,$853.95 to $918.95,20210930
51608,NEW Apple iPhone X A1865 A1901 64GB 256GB AT&T T-Mobile Sprint Verizon Unlocked,$295.00 to $389.00,20210930
53519,Apple iPhone X 64/256/512GB A1865 AT&T T-Mobile Verizon Sprint Unlocked,$269.99 to $319.99,20210930
53538,Apple iPhone 7 - 128GB - Black - Unlocked - Smartphone,$134.99,20210930
53544,Apple iPhone 11 Pro 64/256/512GB A2160 A2215 AT&T TMobile Verizon Unlocked,$549.99 to $659.99,20210930
55353,Apple iPhone X - 64GB 256GB - Factory Unlocked AT&T Verizon T-Mobile NO FACE ID,$259.99 to $279.99,20210930
55355,Apple iPhone 8 64GB 256GB Verizon T-Mobile AT&T Unlocked Smartphone,$149.99 to $169.99,20210930
55357,Apple iPhone 12 Pro Max - 256gb - Unlocked - Factory Sealed - Factory Warranty,"$1,299.99",20210930
55358,Apple  iPhone 7 - 32GB - Black - (GSM) Unlocked - Smartphone,$119.99,20210930
55361,iPhone 8 Plus 64GB Unlocked ,$249.99 to $254.99,20210930
55367,Apple iPhone XR 64GB 128GB Unlocked Verizon AT&T T-Mobile GSM CDMA Smartphone,$299.99 to $354.99,20210930
55371,Apple iPhone 12 Pro Max - 128gb - Unlocked - Factory Sealed - Factory Warranty,"$1,199.99",20210930
55374,Apple  iPhone XR 128GB - Unlocked - Verizon T-Mobile AT&T - A1984,$378.00,20210930
55376,"Apple iPhone X 64GB 256GB, Space Gray Silver, CDMA + GSM Unlocked IOS Smartphone",$299.99 to $319.99,20210930
55379,Apple iPhone 11 64GB Factory Unlocked Smartphone 4G LTE ,$489.99,20210930
55384,Unlocked Apple iPhone 11 Pro 🍎 64GB 256GB 512GB T-Mobile ATT Verizon Smartphone,$569.99 to $759.99,20210930
55386,Apple iPhone XR - 64GB - 128GB - GSM Smartphone AT&T or Unlocked,$279.99 to $324.99,20210930
56831,Apple  iPhone X 64GB - Verizon T-Mobile AT&T - UNLOCKED A1865,$298.00,20210930
58494,iPhone XS 64GB Unlocked,$309.99,20210930
58505,Apple iPhone X 256gb Unlocked Straight talk T-mobile AT&T Verizon Metro,$385.00,20210930
58508,New Sealed Apple iPhone SE 32/128GB 1st Gen Unlocked Space Gray Rose Gold Silver,$219.99,20210930
60105,SR Apple iPhone XS 64/256/512 GB Gold Gray Verizon Sprint AT&T T-Mobile UNLOCKED,$347.99,20210930
60107,iPhone 8 64GB Unlocked ,$154.99 to $159.99,20210930
60115,Apple iPhone 12 - 64gb - Unlocked -Factory Warranty- Purple Now! New Color Out!,$898.00,20210930
61927,Apple iPhone 8 Plus - 64GB - Silver (Unlocked) A1864 (CDMA + GSM),$195.00,20210930
61967,Apple iPhone 8 Plus - 64GB - Space Gray (Unlocked) A1897 (GSM),$239.00,20210930
63727,Apple iPhone 6s Plus 16GB 32GB 64GB 128GB Factory Unlocked Excellent Condition,$139.99 to $169.99,20210930
63729,Apple iPhone 11 A2111 64/128/256GB Unlocked Brand New,$664.99,20210930
65406,Apple iPhone 7 32GB Matte Black Verizon Unlocked Good Condition,$110.99,20210930
68827,Apple iPhone X - 256GB - Space Gray (Unlocked) A1901 (GSM),$190.00,20210930
68834,Apple iPhone 11 Pro Max - 256GB - Gold (Unlocked) A2161 (CDMA + GSM),$580.00,20210930
68853,Apple iPhone XR 64GB Factory Unlocked Smartphone 4G LTE,$309.98,20210930
70445,Apple iPhone XS Max 64/256/512GB A1921 Unlocked Brand New,$599.99 to $679.99,20210930
72051,Apple iPhone XS Max 64GB 256GB 512GB Unlocked Smartphone,$459.99 to $519.99,20210930
72053,Apple iPhone 7 Unlocked 32GB Black  - AT&T T-Mobile Verizon GSM Unlocked,$128.98,20210930
73620,Apple iPhone 8 Plus 64GB Space Gray Factory Unlocked - Very Good Condition!,$249.99,20210930
73637,Apple iPhone 8 64GB 256GB AT&T Sprint Verizon T-Mobile GSM Unlocked,$149.89 to $299.89,20210930
73645,Apple  iPhone 7 (GSM Unlocked) Smartphone 32GB - Black,$112.00,20210930
73648,"Apple iPhone X 64GB ""Factory Unlocked"" 4G LTE iOS WiFi 12MP Camera Smartphone",$277.95,20210930
73651,Apple iPhone XS Max 256GB Unlocked Smartphone,$469.95,20210930
73654,iPhone SE 2nd Gen - Cricket Only - 64GB - White - BRAND NEW!,$226.99,20210930
75415,Apple iPhone 8 - 64GB - Space Gray (Factory UNLOCKED) A1863 (CDMA + GSM),$159.89,20210930
77016,Apple iPhone 8 Plus 64gb Unlocked Straight talk Tmobile AT&T Verizon Metro New,$259.00 to $319.00,20210930
77020,Apple iPhone XR 🍎 64GB 128GB 256GB T-Mobile AT&T Verizon Unlocked 📱 Smartphone,$329.99 to $437.99,20210930
78700,"OB Apple iPhone XS 64/256/512 GB Space Gray, Gold, Silver GSM+CDMA Unlocked",$362.99 to $459.95,20210930
80545,Apple iPhone 6s Factory Unlocked 4G LTE Capacity 16 32 64 128 Smartphone - Used,$69.99 to $104.99,20210930
83794,Apple MN9D2LL/A iPhone 7 (Unlocked) Smartphone 32GB - Black,$85.00,20210930
83820,Apple iPhone 12 Mini 128GB Factory Unlocked Brand new Sealed!!!,$759.00,20210930
83826,OB Apple iPhone XS MAX 256GB - Space Gray - GSM + CDMA Unlocked,$519.99,20210930
83828,Apple iPhone X 64gb Unlocked Straight talk T-mobile AT&T Verizon Metro New,$299.00 to $349.00,20210930
85590,Apple iPhone 8 - 64GB - Space Gray (Sprint/T-Mobile) A1863 ,$159.99,20210930
87237,~ Apple iPhone 8 (Factory Unlocked) Verizon AT&T T-Mobile Xfinity Consumer GSM ~,$214.99 to $329.99,20210930
87275,Apple iPhone 7 Plus A1661 GSM Unlocked AT&T Verizon T-Mobile 128GB iPhone 7 Plus,$174.89 to $249.89,20210930
88842,32GB - Black (Factory Unlocked; GSM AT&T / T-Mobile) - Apple iPhone 7 Plus,$38.99,20210930
88876,Apple iPhone XS Unlocked 🍎 64GB 256GB 512GB Verizon T-Mobile AT&T Smartphone,$314.99 to $349.99,20210930
90778,Apple iPhone 11-128GB  GSM & CDMA Unlocked - Sealed- Factory Warranty,$634.00,20210930
90781,Apple  iPhone X 64GB Verizon TMobile AT&T UNLOCKED A1865,$298.00,20210930
90787,Apple iPhone 11 Pro Max Unlocked/Verizon/AT&T/T-Mobile/Sprint • 64GB/256GB/512GB,$659.99 to $864.99,20210930
90790,Apple iPhone 8 64GB GSM Factory Unlocked Smartphone,$165.99,20210930
90806,Apple iPhone 12 Pro A2341 128/256/512GB AT&T T-Mobile Verizon Unlocked Open Box,"$949.99 to $1,009.99",20210930
90808,"Apple iPhone SE (2nd Gen, 2020) 64GB / 128GB (Factory Unlocked) All Colors",$279.88,20210930
90811,Apple  iPhone 11 PRO 64GB - Verizon T-Mobile AT&T - UNLOCKED - A2160,$589.00,20210930
92551,Apple iPhone 7 32GB - All Colors - Fully Unlocked,$119.00,20210930
92557,Apple  iPhone 11 PRO 64GB Verizon TMobile AT&T UNLOCKED A2160,$565.00,20210930
94489,Apple iPhone 7 - 128GB - Jet Black - (GSM) Unlocked,$129.99,20210930
96236,"Apple iPhone 11 Pro Max 64/256/512GB GSM+CDMA Unlocked- Green, Gray & More!",$985.99,20210930
96274,Apple iPhone 11 - 64GB 128GB 256GB - All Colors - Fully Unlocked (CDMA + GSM) ,$564.99,20210930
96277,Fully Unlocked Apple iPhone XS Max (GSM+CDMA) AT&T T-Mobile Verizon [New Unused],$559.00,20210930
98104,Apple iPhone 8 64GB Factory Unlocked CDMA + GSM A1863 Verizon AT&T Mint SR,$159.99,20210930
98116,Apple  iPhone 11 PRO MAX 256GB Verizon TMobile AT&T UNLOCKED A2161,$724.00,20210930
98129,Apple iPhone X 64GB Space Gray Fully Unlocked CDMA + GSM 4G LTE IOS Smartphone,$299.99,20210930
100305,Apple iPhone XR 64GB AT&T T-Mobile Factory Unlocked & Others,$309.95 to $329.95,20210930
100329,Apple iPhone 11 64GB Factory Unlocked Smartphone 4G LTE - Open Box,$519.99,20210930
100331,Apple iPhone 8 Plus 64GB 256GB Smartphone Unlocked AT&T Verizon T-Mobile Others,$219.99 to $399.99,20210930
102319,~ Apple iPhone 8 (Factory Unlocked) Verizon AT&T T-Mobile Consumer GSM ~,$219.99 to $349.99,20210930
104182,Apple  iPhone XS Max 256GB Verizon TMobile AT&T UNLOCKED A1921,$479.00,20210930
104209,Apple iPhone 11 64GB Unlocked Smartphone,$464.95,20210930
106237,Apple iPhone 7 Plus Smartphone 32GB 128GB 256GB Factory Unlocked 4G LTE WiFi iOS,$170.00 to $219.00,20210930
106239,Apple iPhone XS - 64GB / 256GB - Unlocked - Smartphone - AT&T / T-Mobile,$304.99 to $319.99,20210930
108417,Apple iPhone 8 64GB 256GB Unlocked Straight talk T-mobile AT&T Verizon Metro New,$219.00 to $269.00,20210930
108418,Apple iPhone XR 64GB Verizon T-Mobile AT&T Unlocked Smartphone,$279.99 to $299.99,20210930
108437,Apple iPhone 7 32GB Factory Unlocked 4G LTE iOS WiFi Smartphone,$114.99,20210930
108444,Apple iPhone XR 128GB Unlocked Smartphone,$337.95,20210930
110343,Apple  iPhone 8 Plus 64GB T-Mobile AT&T Verizon UNLOCKED A1864,$244.99,20210930
110365,Apple iPhone 6S 32GB Unlocked Smartphone,$89.95,20210930
112301,Apple iPhone 8 64GB GSM Unlocked 4G LTE Smartphone AT&T T-Mobile Mint Mobile CR,$189.99,20210930
112312,Apple iPhone 8 64GB 128GB 256GB Unlocked Verizon Sprint AT&T T-Mobile CDMA GSM,$169.99 to $209.99,20210930
112316,Apple iPhone 6s Plus 16GB 32GB 64GB 128GB Factory Unlocked AT&T Verizon T-Mobile,$109.99 to $189.99,20210930
114321,Apple iPhone 8 Plus Gold 64GB AT&T T-Mobile GSM Unlocked - Excellent,$298.90,20210930
118454,PayPal Account,$150.00,20210930
118477,Apple iPhone 4S 8GB/ 16GB /32GB /64Gb Smartphone Factory Unlocked AT&T,$30.00 to $49.00,20210930
118483,Apple iPhone 6 Smartphone 16GB 32GB 64GB 128GB Factory Unlocked 4G LTE WiFi iOS,$84.00,20210930
120481,"New Apple iPhone 11 Pro Max 64/256/512GB GSM+CDMA Unlocked- Green, Gray & More!",$884.99,20210930
120485,Apple iPhone XR / 64GB / 128GB / 256GB / Unlocked Verizon AT&T T-Mobile,$289.00 to $359.00,20210930
120492,Apple  iPhone XS 256GB Verizon TMobile AT&T UNLOCKED A1920,$365.00,20210930
120497,Apple  iPhone XS Max 64GB Verizon TMobile AT&T A1921 UNLOCKED,$434.00,20210930
120508,Apple iPhone SE 1 Gen 16/32/64/128GB - Fully Unlocked - Sealed in Original Box,$115.99 to $216.99,20210930
122410,Apple iPhone 8 Plus 64GB 128GB 256GB Factory Unlocked Excellent Condition,$259.99 to $299.99,20210930
122436,Apple iPhone XS 64GB GSM Unlocked AT&T T-Mobile,$339.99 to $379.99,20210930
122439,Apple iPhone 7 Smartphone 128GB Unlocked  - Jet Black - In A Excellent Condition,$119.99,20210930
124177,Apple iPhone 8 - 64GB - 256GB - Unlocked - Smartphone - SIM Free - All Colours,$169.36 to $296.44,20210930
124178,Apple iPhone 8 Smartphone 64GB 256GB Factory Unlocked 4G LTE 12.0MP WiFi iOS ,$159.00 to $209.00,20210930
124184,Apple iPhone 6 Plus Smartphone GSM Unlocked 16GB 64GB 128GB 4G LTE iOS WiFi,$109.00 to $129.00,20210930
124185,Apple iPhone 8 - 64GB/128GB/256GB-Gold/Space Grey/Silver-UNLOCKED-Various Grades,$197.66 to $352.97,20210930
124188,Apple iPhone XS A1920 64/256/512GB Unlocked Brand New,$549.99 to $589.99,20210930
124189,Apple iPhone 12 - 256GB - Blue (Unlocked) New,$4.25,20210930
124193,"Apple iPhone 12 (128GB, Black) [UNLOCKED] *NEW, SEALED*",$850.00,20210930
124194,Apple iPhone SE 2nd Gen 2020 64/128/256GB Black/White/Red - Fully Unlocked,$259.03,20210930
124195,Apple iPhone SE - Factory Unlocked - 32gb - Excellent Condition,$94.88,20210930
124197,Apple iPhone 11 Pro Max (2019) 64/256/512GB Unlocked Grey/Gold/Silver & Green,$734.20 to $790.68,20210930
124200,"FOUR TESTED GSM UNLOCKED SPACE GRAY AT&T APPLE iPhone 8, 64GB A1905 PHONES R385P",$0.99,20210930
124201,Apple iPhone 11 128gb 1 year apple warranty + free + invoice + Accessories Gift,$689.88,20210930
124202,Apple iPhone 7 32GB/128GB Smartphone Unlocked T-Mobile Verizon Sprint LTE,$107.00 to $213.00,20210930
124203,Apple iPhone XS MAX 64GB 256 GB 512GB Unlocked / SIM FREE Space Grey/Silver/Gold,$437.69 to $564.77,20210930
124206,Apple iPhone 11 Pro (2019) 64/256/512GB Unlocked Grey/Gold/Silver/Midnight Green,$621.24 to $734.20,20210930
124207,Apple iPhone 8 MRRR2LL/A 64GB Product Red Unlocked ,$249.00,20210930
124209,Apple iPhone 11 A2111 A2221 64/128/256GB Sprint Verizon T-Mobile AT&T Unlocked,$469.99 to $529.99,20210930
124210,Apple iPhone 6s - 16GB - Rose Gold (Unlocked) A1633 (CDMA + GSM) - Please read,$39.00,20210930
124211,Apple iPhone XR 64GB 128GB 256GB Unlocked Sim Free Smartphone Various Colours,$255.55 to $437.69,20210930
126411,Apple  iPhone 7 Plus - 128GB - Black - (GSM) Unlocked,$194.99,20210930
128249,Apple  iPhone X 256GB - Verizon T-Mobile AT&T - UNLOCKED A1865,$332.95,20210930
128257,"Apple iPhone 7 - 32GB 128GB 256GB GSM ""Factory Unlocked"" Smartphone All Colors*",$104.95 to $129.95,20210930
128265,"Apple iPhone 7 Plus 128GB, Black, CDMA + GSM Fully Unlocked 4G LTE Smartphone",$209.99,20210930
130173,Apple iPhone 8 Plus - 64GB - Gold - Factory Unlocked - C Grade Condition,$235.00,20210930
130204,"Apple iPhone 8 4.7"" Display 64GB GSM (Unlocked) Smartphone SR",$159.99,20210930
132400,Apple iPhone 12 - 64GB - White (Factory Unlocked) - Inbox New - OEM Extras,$774.99,20210930
132405,"Apple iPhone 6 16GB- 64GB- 128GB, Fully Unlocked, Excellent Condition",$62.42 to $162.00,20210930
134521,Apple iPhone 11 / 64GB / 128GB / 256GB / Unlocked Verizon AT&T T-Mobile,$439.00 to $549.00,20210930
136712,Apple iPhone 6S (Global/A1688) 32GB Unlocked,$69.99,20210930
136719,Apple iPhone XR 64gb Unlocked Verizon AT&T Tmobile Straight Talk Boost Metro New,$369.00,20210930
136735,Apple iPhone XS Max 64GB Unlocked Smartphone,$417.95,20210930
136737,NEW Apple iPhone 8 Plus Unlocked - 64GB 256GB - Sealed in Original Box ,$475.99,20210930
138737,Apple iPhone 7 32GB Black (Unlocked) Smartphone,$100.99,20210930
138746,Apple  iPhone X 64GB TMobile AT&T GSM UNLOCKED A1901,$294.00,20210930
142449,Apple iPhone 12 mini - 64GB - Blue (Factory Unlocked) - New - OEM Extras,$679.99,20210930
142451,Apple iPhone XS - 64GB 256GB 512GB - Unlocked / Network Locked (NO FACE ID),$279.99 to $299.99,20210930
142457,"Apple iPhone 6 A1549, 6 Plus A1522, 6s A1633 & A1688, 6s Plus A1634, 16GB- 64GB",$75.55 to $79.55,20210930
144272,Apple  iPhone X 256GB Verizon TMobile AT&T UNLOCKED A1865,$362.00,20210930
144286,Apple  iPhone 11 64GB Verizon TMobile AT&T UNLOCKED A2111,$484.00,20210930
146225,Apple iPhone 12 Smartphone 64GB 128GB 256GB AT&T T-Mobile Verizon or Unlocked,$619.00 to $809.00,20210930
146230,Apple iPhone SE 16GB /32GB /64Gb /128GB Smartphone Unlocked Verizon AT&T,$61.00 to $150.00,20210930
146239,Apple iPhone 11 Pro Max 64GB Unlocked Smartphone,$694.95,20210930
147904,iPhone XS 64GB 256GB Unlocked,$309.99 to $369.99,20210930
149406,Apple iPhone XS / 64GB / 256GB / 512GB / Unlocked Verizon AT&T T-Mobile,$439.00,20210930
149444,Apple iPhone SE 2nd Gen 64GB 128GB 256GB Fully Unlocked CDMA + GSM Smartphone,$239.99,20210930
149445,Apple iPhone 12 mini - 64GB - Black (Unlocked) WARRANTY,$649.93,20210930
151351,Apple iPhone XR - 64GB - Black (Unlocked) A2105 (GSM),$69.44,20210930
151381,Apple iPhone 12 5G |256GB |128GB |64GB| GSM/CDMA Unlocked -Verizon T-Mobile AT&T,$699.88 to $729.88,20210930
153193,Apple iPhone 8 Plus 64GB Space Gray Factory Unlocked - Good Condition!,$234.99,20210930
153198,Apple  iPhone XR 64GB Unlocked Verizon TMobile AT&T A1984,$299.00,20210930
153216,iPhone SE 16/32/64/128GB Apple Grey Pink Gold Silver Unlocked Smartphone 1st-Gen,$130.99 to $229.99,20210930
153217,Apple iPhone XS Max - 64GB - Gold GSM CDMA Unlocked A1921 - Excellent ,$489.97,20210930
155140,Apple iPhone 6s 16GB 32GB 64GB 128GB Unlocked Verizon AT&T T-Mobile Smartphone,$83.99 to $129.00,20210930
155143,Apple iPhone 7 32GB Black (Unlocked) Smartphone-Used,$95.99,20210930
155160,Apple iPhone 6 Plus 16GB 64GB 128GB Factory Unlocked AT&T T-mobile Verizon,$93.95,20210930
157163,"Apple iPhone 6 16GB 64GB 128GB GSM""Factory Unlocked""Smartphone Gold Gray Silver*",$59.96 to $89.96,20210930
157173,Boost Mobile - iPhone 8 Renewed Space Gray 64GB,$149.99,20210930
157182,Apple iPhone XS Max 64GB 256GB 512GB Factory Unlocked Excellent Condition,$439.99,20210930
157184,Apple iPhone 8 64GB 128GB 256GB Factory Unlocked Excellent Condition,$199.99,20210930
157186,Apple iPhone 8 - 64GB 256GB Smartphone Unlocked AT&T Verizon T-Mobile & Others ,$169.99 to $309.99,20210930
159013,Apple iPhone XR 64GB Factory Unlocked | AT&T | T-Mobile & Others,$279.95 to $359.95,20210930
159014,Apple iPhone XR - 64GB 128GB 256GB - GSM+CDMA Unlocked Smartphone Various Colors,$299.99 to $459.99,20210930
159029,Apple iPhone 11 64GB Factory Unlocked | AT&T | T-Mobile & Others,$399.95 to $519.95,20210930
159031,Apple iPhone 7 - 32GB - Black (Unlocked) A1660 (CDMA + GSM),$107.59,20210930
160785,Apple iPhone XR 64GB T-Mobile AT&T  Factory Unlocked & Others,$279.95 to $359.95,20210930
160804,Apple iPhone 8 - 64GB - Space Gray (Unlocked) A1905 (GSM) Smartphone,$156.99,20210930
162625,Apple iPhone X 64GB/256GB (GSM) Unlocked AT&T T-Mobile Verizon 4G Smartphone,$236.41 to $388.87,20210930
162646,*New* Apple iPhone 11 64GB Black -  AT&T / Cricket only.,$500.00,20210930
164475,Apple iPhone SE 16GB Silver (Unlocked) A1662 (GSM) New Other SEALED BOX,$109.55,20210930
164483,Apple iPhone X - 64GB - Silver (Unlocked) A1865 (CDMA   GSM),$300.00,20210930
166249,Apple iPhone 8 GSM Factory Unlocked GSM / CDMA 256GB| 128GB | 64GB ,$189.88,20210930
166260,"Apple iPhone 6 16GB GSM""Factory Unlocked""Smartphone Gold Gray Silver Cell Phone*",$63.96,20210930
168004,Good Condition - Apple iPhone SE 16GB T-Mobile Silver - Free Shipping,$49.99,20210930
168006,Apple iPhone XS 64GB - 256GB - All Colors - Fully Unlocked,$309.00,20210930
169853,Apple iPhone 8 Plus 64GB Factory Unlocked AT&T Verizon T-Mobile Unlocked,$289.98,20210930
171811,Apple iPhone 7 Factory UNLOCKED-  Verizon AT&T T-Mobile GSM/CDMA UNLOCKED- ,$169.99,20210930
175487,Apple iPhone Xs Max  / 64GB / 256GB / 512GB / Unlocked Verizon AT&T T-Mobile,$429.00 to $459.00,20210930
175496,Apple iPhone 12 Pro 5G 128GB Graphite (Verizon) MGK13LL/A (A2341) Smartphone,$819.00,20210930
175498,Apple iPhone 5C A1532 8/16GB T-Mobile GSM Unlocked iOS  Smartphone Clean  IMEI,$32.00 to $42.00,20210930
177531,Apple iPhone XR / 64GB / 128GB / 256GB / Unlocked Verizon AT&T T-Mobile ,$289.00 to $379.00,20210930
177536,Apple iPhone 7 128GB Unlocked Smartphone,$117.95,20210930
181383,Apple iPhone 7 Factory UNLOCKED- Verizon AT&T T-Mobile GSM/CDMA UNLOCKED- SALE!!,$112.00 to $174.99,20210930
181407,Apple iPhone 12 Pro Max 5G 256GB Pacific Blue (Verizon) MG9J3LL/A (A2342),"$1,049.00",20210930
181409,Apple iPhone XS - 64GB - Silver (Unlocked) A1920 (CDMA + GSM) - A++ Mint,$315.00,20210930
183219,Original iPhone 5c White 4G Cellular Used Good Condition 4.0” Smartphone Camera,$15.99,20210930
183228,Apple iPhone XR CORAL Locked For Parts As IS (ATT) *READ DESCRIPTION*,$62.00,20210930
183237,Apple iPhone 11 - 64GB - Green (Unlocked) A2111 (CDMA + GSM),$240.00,20210930
183245,Apple iPhone 7 Plus 32GB Factory Unlocked Smartphone ,$178.98,20210930
183253,Apple iPhone 8 - 64GB - Space Gray (Sprint) (CDMA + GSM),$100.00,20210930
185367,"Apple iPhone 6s Plus - 32GB - AT&T Unlocked, Space Gray",$30.00,20210930
185369,"~ Apple iPhone 8 Plus (Factory Unlocked) Verizon, AT&T, T-Mobile, Consumer GSM ~",$309.99 to $469.99,20210930
187361,"Apple iPhone X - 64GB, 256GB CDMA/GSM Unlocked, Verizon, AT&T, T-Mobile, Sprint",$299.99 to $429.99,20210930
187368,Apple iPhone X - 64GB - Space Gray (Verizon) A1865 (CDMA GSM) UNLOCKED,$275.00,20210930
187388,iphone 7 128gb unlocked used black A1778,$99.00,20210930
189238,Apple iPhone 6 Plus Smartphone AT&T Sprint T-Mobile Verizon or Unlocked 4G,$114.00,20210930
189240,Apple iPhone 12 (5G) GSM/CDMA Factory Unlocked 256GB |128GB | 64GB,$709.77 to $719.77,20210930
191089,Apple iPhone XR - 64GB -Black (Unlocked) A1984 (CDMA + GSM)~SRF~ VERY GOOD!,$299.87,20210930
191093,BRAND NEW! Apple Iphone SE 2nd Gen - 64GB - All Colors (Unlocked) (GSM + CDMEA),$349.99,20210930
191096,Apple iPhone 7 Plus - 128GB - Gold (Unlocked) A1661 (CDMA + GSM),$159.95,20210930
191098,Apple iPhone SE Unlocked 32GB A1662 Space Gray Grade C,$64.99,20210930
193204,Apple iPhone 7 - 32GB - Black (FULLY Unlocked) A1660 (CDMA + GSM) ,$108.89,20210930
195199,Apple iPhone 11 64GB 128GB 256GB Verizon T-Mobile AT&T Unlocked Smartphone,$449.99 to $469.99,20210930
195231,Apple iPhone XS Unlocked 64GB 256GB 512GB | Verizon AT&T T-Mobile,$354.98 to $479.98,20210930
195234,Apple iPhone 8 - 64GB  - Gold - GSM Unlocked - Smartphone ,$154.99,20210930
195237,Apple iPhone XS Max 64GB 256GB 512GB | Unlocked Verizon AT&T T-Mobile Sprint,$444.98 to $599.98,20210930
195239,Apple iPhone 12 Mini 5G 64GB Black - Verizon MG6G3LL/A (A2176),$499.00,20210930
195240,Apple Iphone 11 - 64 128 256G Unlocked ,$464.99 to $519.99,20210930
197146,Apple iPhone SE 32GB Silver Unlocked Smartphone 1st Gen 2016,$119.00,20210930
197161,Apple iPhone SE 2nd Gen. - 64GB - White (Unlocked) A2275 (CDMA + GSM),$259.00,20210930
197169,Apple iPhone 7 Plus 128GB Factory Unlocked Smartphone ,$199.99,20210930
197174,Apple iPhone 12 Pro - All Sizes/Colors - SIM Free/AT&T/Sprint/T-Mobile/Verizon,$994.99,20210930
201200,Apple iPhone 12 Pro Max 5G 256GB Graphite (Verizon) MG9F3LL/A (A2342) Smartphone,$999.00,20210930
201207,Apple iPhone 12 Pro Max 5G 128GB Pacific Blue (Verizon) MG9E3LL/A (A2342),$949.00,20210930
201219,Apple iPhone 6s 16GB 32GB 64GB 128GB Unlocked AT&T Verizon T-Mobile Sprint USED,$52.00 to $62.00,20210930
201228,Apple iPhone 7 Plus 32GB Unlocked Smartphone,$179.95,20210930
203337,Apple iPhone 8 256GB Factory Unlocked AT&T T-Mobile Gray Smartphone,$189.99,20210930
205064,Apple iPhone 12 Pro Max A2342 128/256/512GB AT&T T-Mobile Verizon Unlocked,"$1,129.99 to $1,139.99",20210930
205065,Apple iPhone 12 Pro Max 5G 128GB Graphite (Verizon) MG9A3LL/A (A2342) Smartphone,$949.00,20210930
205069,Apple iPhone 12 Pro A2341 128/256/512GB AT&T T-Mobile Sprint Verizon Unlocked,"$899.99 to $1,059.99",20210930
205074,Apple iPhone 11 - 64GB - Purple - Unlocked - Smartphone ,$414.89,20210930
205088,Apple iPhone 12 64GB / 128GB / 256GB - Unlocked/ Verizon/ AT&T/ T-Mobile,$640.99 to $876.99,20210930
205106,New Sealed Apple iPhone XR 128GB Black AT&T A1984 CDMA GSM 1 Year Apple Warranty,$449.00,20210930
207107,Apple iPhone 12 5G 64GB - Blue (Verizon) MGF73LL/A (A2172) Smartphone,$629.00,20210930
207126,Apple iPhone 8 Plus 256gb Unlocked Straight talk Tmobile AT&T Verizon Cricket ,$299.00 to $369.00,20210930
209144,Apple iPhone SE 2nd Gen 64GB Unlocked Smartphone,$214.99 to $249.99,20210930
209146,Apple iPhone XR 64GB - T-Mobile / Metro PCS / Simple Mobile - 4G LTE Smartphone ,$289.99 to $327.99,20210930
211051,Apple iPhone 7 - 128GB - Black (Unlocked) ,$114.00,20210930
211082,lot 3iPhone Xs Max 512 GB /iPhone7-32gb/Samsung galaxy S9-64gb Unlock All Used,$700.00,20210930
214694,Apple  iPhone SE 2nd Generation 64GB Unlocked Verizon T-Mobile AT&T A2275 SE2,$239.00,20210930
214702,Apple iPhone 7 A1778 32GB 128GB 256GB AT&T Verizon T-Mobile or Unlocked (P),$100.82,20210930
216362,"Apple iPhone SE 2020 4.7"" 64GB 128GB T-Mobile AT&T Verizon Unlocked Smartphone",$289.99,20210930
216364,Perfect Apple iPhone 12 Pro - 128GB - Graphite (Unlocked)  Has Apple Warranty,$944.99,20210930
216380,Apple iPhone XS 64GB Factory Unlocked Verizon AT&T T-Mobile - Very Good,$329.99,20210930
218197,Apple iPhone 12 mini 64GB GSM Unlocked AT&T T-Mobile Very Good Condition,$519.00,20210930
218201,Apple iPhone 8 Plus 64GB /128GB/ 256GB CDMA/GSM Unlocked Smartphone,$244.00 to $262.00,20210930
218216,Apple iPhone 12 Pro Max - 512GB - Pacific Blue (Unlocked),$500.00,20210930
218233,Apple iPhone 12 mini 128GB GSM Unlocked AT&T T-Mobile Very Good Condition,$599.00,20210930
219957,Apple  iPhone 11 128GB Verizon TMobile AT&T UNLOCKED A2111,$484.00,20210930
219967,New ListingApple iPhone 12 Pro - 128GB - Silver (Unlocked),$600.00,20210930
219968,New ListingApple iPhone 12 Pro Max/128GB/Black (ATT-FINANCED)Perfect! 100%Batt/No Marks!,$845.00,20210930
221734,Apple  iPhone XS Max 256GB Verizon TMobile AT&T A1921 UNLOCKED,$434.00,20210930
221741,Apple iPhone 11 64GB T-Mobile Locked Very Good Condition,$399.00,20210930
221742,Apple  iPhone 11 PRO 256GB Verizon TMobile AT&T UNLOCKED A2160,$659.00,20210930
223597,Apple iPhone 12 64GB Black Blue Green Red White T-Mobile Very Good Condition,$589.00,20210930
223603,iPhone SE 32GB Space Gray 1st Gen 2016 Unlocked AT&T T-Mobile (Open Box A+),$119.00,20210930
225262,Apple iPhone 12 mini 64GB AT&T Locked Very Good Condition,$499.00,20210930
225274,Apple  iPhone XR 64GB Unlocked A1984 Verizon TMobile AT&T,$299.00,20210930
225276,Apple iPhone 8 64GB Factory Unlocked Smartphone - Very Good,$169.99,20210930
225288,Apple iPhone 8 Plus 64GB Factory Unlocked Smartphone - Very Good,$249.99,20210930
225290,NEW Apple iPhone XS MAX 64GB 256GB - Unlocked Smartphone SEALED in ORIGINAL BOX,$559.99 to $635.99,20210930
227021,Apple iPhone 6s 32GB Space Gray Grade B Phone AT&T ONLY MN0M2LL/A,$59.95,20210930
227034,Apple  iPhone 11 PRO MAX 64GB Verizon TMobile AT&T UNLOCKED A2161,$679.00,20210930
227038,Apple  iPhone XR 128GB Verizon TMobile AT&T A1984 UNLOCKED,$329.00,20210930
228792,Apple  iPhone XS 64GB Verizon TMobile AT&T A1920 UNLOCKED,$294.00,20210930
228799,Apple iPhone XR Factory Unlocked Worldwide GSM/ CDMA Verizon T-Mobile AT&T ,$344.77,20210930
228808,Apple iPhone X 64GB Factory Unlocked Smartphone - Very Good,$289.90,20210930
228809,"Apple iPhone SE (2020, 64GB) Verizon Model MHG43LL/A (Black)",$275.00,20210930
228813,Apple iPhone XS 64GB Factory Unlocked 4G LTE iOS Smartphone - Very Good,$309.99,20210930
231012,Apple iPhone 12 64GB GSM Unlocked AT&T T-Mobile Very Good Condition,$639.00,20210930
231024,Apple iPhone 6S 32GB Space Gray Verizon Unlocked Very Good Condition,$65.99,20210930
231029,Apple iPhone 12 mini 64GB T-Mobile Locked Very Good Condition,$499.00,20210930
231032,"MINT Apple iPhone XR 64GB GSM/CDMA A1984 (Coral, Walmart Family Mobile)",$279.00,20210930
233323,Apple iPhone X 64GB GSM Unlocked AT&T T-Mobile Very Good Condition,$299.00,20210930
233330,Apple iPhone 11 64GB Factory Unlocked 4G LTE Smartphone - Very Good,$459.99,20210930
235151,Apple iPhone 12 - 64GB / 128GB (UNLOCKED)  ✅APPLE WARRANTY ✅ ⚫⚪🔴🔵 ✤NEW SEALED✤,$769.95 to $789.95,20210930
235171,Apple iPhone 6S 16GB Space Gray Fully Unlocked CDMA + GSM 4G LTE IOS Smartphone,$79.99,20210930
237086,Apple  iPhone 11 128GB Verizon TMobile AT&T A2111 UNLOCKED,$524.00,20210930
237096,excellent Apple iPhone 12 - 64GB - Blue (Unlocked) has apple warranty ,$689.99,20210930
237099,Apple iPhone 8 Plus 64GB 256GB Factory Unlocked Verizon AT&T T-Mobile GSM CDMA,$239.99 to $289.99,20210930
237101,Apple iPhone 7 Plus - 256GB - Rose Gold (Unlocked) A1661 (CDMA + GSM),$147.00,20210930
237114,Apple iPhone 8 64GB 256GB - Fully Unlocked - New Unused & Sealed in Orginal Box ,$299.99 to $359.99,20210930
237115,Apple iPhone 12 64GB Black Blue Green Red White AT&T Locked Very Good Condition,$559.00,20210930
238961,~ Apple iPhone 7 (Factory UNLOCKED) Verizon AT&T T-Mobile GSM Straight Talk ~,$139.99 to $279.99,20210930
238967,Apple iPhone 8 Factory Unlocked / Verizon T-Mobile AT&T - 64gb 256gb Smartphone,$199.88,20210930
240815,Apple iPhone XS Max - 64GB 256GB 512GB - Unlocked AT&T Verizon T-Mobile Sprint,$409.99 to $709.99,20210930
240817,Apple iPhone XS 64GB 256GB GSM Factory Unlocked Smartphone Verizon AT&T T-Mobile,$309.95 to $379.95,20210930
242740,Apple  iPhone XS Max 512GB Verizon TMobile AT&T UNLOCKED A1921,$469.00,20210930
242748,Apple  iPhone XS 64GB Verizon TMobile AT&T UNLOCKED A1920,$339.00,20210930
242750,Apple iPhone 11 Pro Max - 256GB - Silver (Unlocked) A2161 (CDMA + GSM),$775.00,20210930
244743,Apple iPhone 12 5G 128GB Black (Verizon) MGF93LL/A (A2172) Smartphone,$649.00,20210930
244747,Apple iPhone 12 Mini 5G 128GB Black (Verizon) MG6M3LL/A (A2176) Smartphone,$549.00,20210930
244754,Apple iPhone 12 Mini 5G 128GB - Blue (Verizon) MG6Q3LL/A (A2176) Smartphone,$549.00,20210930
244758,Apple iPhone 12 Pro Max 5G 256GB Gold (Verizon) MG9H3LL/A (A2342) Smartphone,"$1,049.00",20210930
244769,Apple iPhone 12 mini - 64GB - Black (Factory Unlocked) - New - OEM Extras,$649.99,20210930
244777,Apple iPhone 12 - 64GB - Green (Factory Unlocked) - Inbox New - OEM Extras,$739.99,20210930
246595,Apple iPhone X 64GB Factory Unlocked Phone B-Grade,$284.95,20210930
246611,Apple iPhone 8 64GB Factory Unlocked Phone B-Grade,$169.95,20210930
246616,Apple  iPhone 11 PRO 64GB Verizon TMobile AT&T A2160 UNLOCKED,$574.00,20210930
246629,Apple iPhone 7 Plus 128GB Unlocked Smartphone B-Grade,$197.95,20210930
248724,Apple iPhone 8 Plus 64GB Unlocked Smartphone B-Grade,$237.95,20210930
248727,GSM Unlocked Apple iPhone 7 [32GB] Black AT&T T-Mobile [NEW UNUSED],$164.29,20210930
248736,Apple iPhone 7 32GB - Black Factory Unlocked Smartphone,$108.95,20210930
248737,Apple iPhone 7 Plus 32GB Unlocked Smartphone B-Grade,$169.95,20210930
250569,Apple iPhone 8 64GB Factory Unlocked Phone - Very Good,$169.95,20210930
250573,Apple iPhone 7 128GB Unlocked Smartphone - Very Good,$109.95,20210930
250581,Apple iPhone 8 Plus 64GB Unlocked Smartphone - Very Good,$237.95,20210930
250582,Apple iPhone X 256GB Unlocked Smartphone - Very Good,$319.95,20210930
250584,Apple iPhone XS - Gold - 64GB - Fully Unlocked - Smartphone,$279.99,20210930
250589,Apple iPhone 7 Plus 128GB Unlocked Smartphone - Very Good,$197.95,20210930
250592,Apple iPhone 7 Plus 32GB Unlocked Smartphone - Very Good,$169.95,20210930
252574,Apple iPhone 8 64GB Factory Unlocked Verizon AT&T T-Mobile Sprint Very Good,$195.30,20210930
252578,Apple iPhone X 64GB Factory Unlocked Phone - Very Good,$284.95,20210930
252593,SR Apple iPhone 7 Plus 32GB 128GB 256GB GSM Unlocked Black Jet Black Rose Gold,$164.99,20210930
252594,Apple iPhone 6s - 32GB - Space Gray (AT&T) Smartphone MN0M2LL/A,$55.99,20210930
252601,Apple iPhone XR 64GB 128GB 256GB GSM Factory Unlocked Smartphone Cell Phone,$304.95 to $369.95,20210930
252605,Apple iPhone 7 32GB 128GB 256GB Factory Unlocked Excellent Condition,$104.99 to $124.99,20210930
252614,"Apple iPhone 11 Pro Max - 64GB 256GB 512GB, All Colors - Unlocked/Network Locked",$664.99 to $969.99,20210930
252616,"Apple iPhone 7+ Plus - 32GB 128GB 256GB GSM ""Factory Unlocked"" Smartphone Phone*",$184.95 to $219.95,20210930
254442,Apple iPhone 7 Plus 256GB Black Unlocked Smartphone - AT&T / T-Mobile / Global,$209.99,20210930
254450,Apple iPhone XS Black 64GB Factory GSM Unlocked AT&T T-Mobile Metro Smartphone,$235.00,20210930
254466,Apple iPhone SE 2020 2nd. Generation 64GB 128GB 256GB - FACTORY UNLOCKED NEW,$348.00,20210930
256450,SR Apple iPhone XS 64/256/512 GB Gold Gray Silver GSM+CDMA Unlocked- GRADE B,$297.99,20210930
256465,Apple iPhone 12 - 64GB - Blue (Factory Fully Unlocked) - New OEM,$729.99,20210930
256471,Apple iPhone XR - 256GB - Black (Unlocked) A1984 (CDMA + GSM),$145.00,20210930
256484,Apple iPhone 6 - 16GB 32GB 64GB 128GB (Unlocked) Gold Gray Silver - Choose Cond,$59.95 to $75.00,20210930
258324,Apple iPhone 8 (PRODUCT)RED - 64GB - (Straight Talk) A1863 (CDMA + GSM),$100.00,20210930
258327,Apple iPhone XR 64GB Unlocked Verizon AT&T T-Mobile GSM CDMA Smartphone A1984,$283.99,20210930
258338,Apple iPhone XR 64GB Factory Unlocked Smartphone AT&T Verizon T-Mobile,$309.99,20210930
260166,Apple iPhone 12 - 128gb - Unlocked -Factory Warranty- Purple Now! New Color Out!,$874.99,20210930
260181,Apple iPhone XR 64GB GSM Unlocked T-Mobile AT&T  Factory Unlocked & Others,$299.00 to $339.95,20210930
261920,Apple iPhone 11 Pro Max A2161 AT&T T-Mobile Sprint Verizon Factory Unlocked ,$669.00 to $699.00,20210930
261922,Apple iPhone 11 Pro Max A2161 ATT T-Mobile Sprint Verizon Factory Unlocked Good,$589.00 to $619.00,20210930
261924,"Apple iPhone 7+ Plus - 32GB 128GB GSM ""Factory Unlocked""  Phone ""ALL COLORS""",$188.00 to $209.99,20210930
261929,Apple iPhone XR Yellow - 64GB - (Sprint) A1984,$270.00,20210930
261930,Two Apple iPhones 8 Plus 64GB - (T-Mobile),$350.00,20210930
261947,Apple iPhone 8 Plus Factory Unlocked AT&T T-Mobile Verizon Smartphone Very Good,$289.99,20210930
261949,"Apple iPhone 6S Plus 128GB Fully Unlocked 5.5"" SmartPhone",$155.00,20210930
261950,Apple iPhone X  64GB ~ 256GB GSM / CDMA Factory Unlocked Phone,$329.77,20210930
261951,Apple iPhone 8+ Plus - 64GB 256GB Factory GSM Unlocked  AT&T T-Mobile Very Good,$249.95 to $279.95,20210930
261953,"Apple iPhone 7+ Plus - 32GB 128GB 256GB GSM ""Factory Unlocked""  Phone* Very Good",$184.95 to $219.95,20210930
261954,Apple iPhone XS 64GB 256GB GSM Factory Unlocked  Verizon AT&T T-Mobile Very Good,$324.95 to $349.95,20210930
264026,"Apple iPhone 7+ Plus - 32GB 128GB GSM ""Unlocked""  ""ALL COLORS"" (GOOD CONDITION)",$188.00 to $209.99,20210930
264027,Apple iPhone X 64GB 🍎 Verizon T-Mobile AT&T Unlocked 📱 Good Smartphone 🔓,$299.99,20210930
264032,Apple iPhone 12 64GB 5G Blue T-Mobile Smartphone MGFP3LL/A,$569.00,20210930
264038,Apple iPhone 12 64GB 5G Black T-Mobile Smartphone MGFL3LL/A,$569.00,20210930
264039,Apple  iPhone 7 (GSM Unlocked) Smartphone 32GB - Black (GOOD CONDITION),$106.99,20210930
264048,Apple iPhone 12 5G 64GB Black (Verizon) MGF43LL/A (A2172) Smartphone,$629.00,20210930
264059,Apple iPhone 12 Pro 5G 256GB Graphite (Verizon) MGK53LL/A (A2341) Smartphone,$849.00,20210930
264066,Apple iPhone 12 - 64GB - Black (Unlocked),$759.99,20210930
264071,iPhone 11 64GB AT&T,$450.00,20210930
264072,Apple iPhone 12 Pro Max - 256GB - Pacific Blue (Unlocked),$830.00,20210930
266248,Apple iPhone 8/8 Plus 64GB Unlocked Verizon Sprint  Tracfone (8+/10 condition),$232.00 to $338.00,20210930
266250,Apple iPhone 5s - 16GB - SILVER - unlocked - GSM Networks - worldwide,$46.16,20210930
266252,iPhone XR Simple Mobile Coral 64gb A1984 ,$319.99,20210930
266257,Apple iPhone 12 mini - 64GB - White (Unlocked),$530.00,20210930
266264,Apple iPhone 7 32GB Unlocked Smartphone - Very Good,$102.95,20210930
266265,Apple iPhone 8 Plus - 64GB - Space Gray (Factory Unlocked) Great Value,$215.00,20210930
266267,Apple iPhone 11 64GB (Product)Red AT&T LOCKED MWHV2LL/A GRADE C No SIM,$359.98,20210930
266269,Apple iPhone SE 2020 64GB 128GB 256GB Unlocked Verizon AT&T T-Mobile Sprint Good,$249.99 to $339.99,20210930
266276,Apple iPhone 8 Plus 64GB 256GB Factory Unlocked Smartphone A1864 Brand New US,$359.99 to $433.99,20210930
266279,Apple iPhone X 64GB Silver 🍎 Verizon T-Mobile AT&T GSM Unlocked Smartphone,$339.99,20210930
268473,Apple iPhone XR - 64GB - Blue (Unlocked) A1984 (CDMA + GSM) For Parts Or Repair,$100.00,20210930
268475,NEW Apple iPhone XR 64GB Coral Straight Talk / Total Wireless A1984 MH6K3LL/A,$319.00,20210930
268477,Apple iPhone 11 A2111 AT&T T-Mobile Sprint Verizon Factory Unlocked Very Good,$469.00,20210930
268478,Apple iPhone XR 64GB 128GB 256GB Factory Unlocked Excellent Condition,$304.99,20210930
268489,Apple iPhone 12 Pro Max - 256GB - Gold (Unlocked),$700.00,20210930
270654,Apple iPhone 7 - 128GB - All Colors - Unlocked - Good Condition ,$124.99 to $164.99,20210930
270677,Apple iPhone 11 64GB 128GB 256GB Verizon T-Mobile AT&T Good,$449.99 to $549.99,20210930
270680,SR Apple iPhone XS 64GB 256GB 512GB GSM+CDMA UNLOCKED- NO FACE ID- GRADE B,$274.99,20210930
270682,Apple iPhone 12 Mini 5G 64GB RED - T-Mobile MG723LL/A  (A2176),$519.00,20210930
270687,OB Apple iPhone XS 64 GB 256 GB 512 GB - GSM+CDMA Unlocked - NO FACE ID,$314.99 to $358.99,20210930
270688,Apple iPhone 7 - 32GB - Black (AT&T) Smartphone  MN9D2LL/A,$85.99,20210930
270690,APPLE IPHONE 7 *ALL COLORS* FACTORY UNLOCKED 32GB (VERY GOOD CONDITION),$103.00,20210930
270692,Apple iPhone 7 128GB Jet Black (GSM Unlocked) 100% Tested Functional. Preowned,$99.99,20210930
270695,Apple iPhone 6S 16GB Space Gray Fully Unlocked Good,$89.99,20210930
272870,Apple iPhone 12 Pro Max - 128GB - Gold (Verizon),$900.00,20210930
272879,Apple iPhone 12 Pro - 128GB - Graphite (Unlocked) New Factory Sealed,"$1,050.00",20210930
272898,Apple iPhone 8 Plus / 8 / 6S Plus / 6S 256GB 128GB 64GB Unlocked-See Description,$219.99 to $499.99,20210930
272904,Apple iPhone X | 64GB 256GB | Unlocked Verizon AT&T T-Mobile | Good Condition,$319.98 to $379.98,20210930
275072,Apple iPhone 8 - 64GB - All Colors - Unlocked - Very Good Condition ,$189.99 to $219.99,20210930
275077,Apple iPhone 6s 16GB 32GB 64GB 128GB Unlocked B Grade,$74.99 to $119.99,20210930
275078,Apple iPhone 12 Pro Max Unlocked 128/256/512gb Silver/Pacific Blue/Gold/Graphite,"$1,199.99 to $1,579.99",20210930
275088,Apple iPhone 11 Pro - 64GB - Red (Unlocked) A2160 (CDMA + GSM),$405.00,20210930
275089,Apple iPhone 11 A2111 AT&T T-Mobile Sprint Verizon Factory Unlocked - Excellent,$489.00,20210930
275093,BLACK Apple iPhone 12 Pro Max - 512gb - Unlocked - Factory Sealed T-Mobile AT&T,"$1,295.00",20210930
275098,Apple iPhone 6s Plus 16GB 32GB 64GB 128GB Factory Unlocked AT&T Verizon Sprint,$88.00 to $149.00,20210930
275100,Apple iPhone XS Max 64GB Unlocked Smartphone - Very Good,$409.95,20210930
275103,Apple iPhone 11 Pro Max - 64GB - Space Grey (Unlocked) A2161 (CDMA + GSM),$600.00,20210930
275104,"Apple iPhone 7 - 32GB 128GB 256GB GSM ""Factory Unlocked""  All Colors* Very Good",$104.95 to $129.95,20210930
275105,used iPhone 7 Plus 256GB Rose Gold. Please Read Description- Serious Buyers Only,$125.00,20210930
275107,Apple iPhone XS 512GB - All Colors - Fully Unlocked (CDMA+GSM) - Good Condition,$399.99 to $459.99,20210930
277098, Apple iPhone 12 Pro Max - 512gb - Unlocked - Factory Sealed T-Mobile AT&T,"$1,295.00",20210930
277109,Apple iPhone 8 - 64GB - All Colors - Unlocked - Good Condition ,$189.99,20210930
277115,Apple iPhone 12 - 128gb - Unlocked -Factory Warranty- PURPLE ON SALE NOW!!!,$854.99 to $954.00,20210930
277130,Apple iPhone XR 64GB Factory Unlocked Smartphone 4G LTE iOS Smartphone - Very,$309.99,20210930
277132,Apple iPhone 7 Plus 128GB GSM+CDMA Unlocked AT&T Verizon T-Mobile,$138.00 to $277.00,20210930
279036,Apple iPhone 11 - 64GB - All Colors - Fully Unlocked (CDMA+GSM) - Good Condition,$459.99 to $494.99,20210930
279043,Apple iPhone 12 A2172 64/128/256GB AT&T T-Mobile Verizon Unlocked Open Box,$639.99,20210930
279048,Apple iPhone 8 64GB 256GB Unlocked Straight talk T-mobile AT&T Verizon Metro (N),$189.00 to $269.00,20210930
279065,Apple iPhone 11 64GB Verizon GSM Unlocked T-Mobile AT&T LTE Excellent Condition,$489.97,20210930
279071,Apple iPhone XS Max 64GB / 256GB - Factory Unlocked Verizon AT&T - Very Good,$419.99,20210930
279072,Apple iPhone XR 64GB 128GB 256GB GSM Factory Unlocked Cell Phone Very Good,$304.95 to $369.95,20210930
279075,Apple iPhone 11 64GB Red Verizon MWKP2LL/A GRADE C No SIM CB923,$399.98,20210930
281060,Apple iPhone 7 - 128GB - All Colors - Unlocked - Very Good Condition ,$164.99,20210930
281087,Apple iPhone 6  (Unlocked) A1549 2 of 2,$40.00,20210930
281090,iPhone 8 64GB Unlocked LCD REPLACED /w ORIGINAL HOME BUTTON,$40.00,20210930
281097,Apple iPhone 8 - 64GB 256GB GSM Factory Unlocked  AT&T T-Mobile Very Good,$179.95 to $199.95,20210930
281100,Apple iPhone 12 - 64GB - Black (Factory Unlocked) - Inbox New - OEM Extras,$729.99,20210930
281101,Apple iPhone 7 128GB  GSM/CDMA Fully Unlocked Smartphone- Black ,$109.99,20210930
283107,Apple iPhone 5S Factory Unlocked GSM 16GB 32GB 64GB Gold Gray Silver Good,$53.95,20210930
283108,Apple iPhone SE 1St Gen Fully Unlocked GSM/CDMA 16GB 32GB 64GB 128GB Good,$78.95 to $104.95,20210930
285020,Apple iPhone 12 Pro Max 512,$720.00,20210930
285034,Apple iPhone XR - 64GB - All Colors - Fully Unlocked - Very Good Condition ,$329.99 to $379.99,20210930
285040,Apple iPhone 11 64GB Factory Unlocked AT&T T-Mobile Verizon Very Good Condition,$449.00,20210930
285043,Apple iPhone 7 32GB GSM Unlocked AT&T T-Mobile Very Good Condition,$104.00,20210930
285048,Apple iPhone 6S Plus 16GB Unlocked Smartphone - Very Good,$114.95,20210930
285049,Apple iPhone 6S Plus 64GB Unlocked Smartphone - Very Good,$134.95,20210930
285053,Apple iPhone 12 - 64GB - Blue (AT&T),$615.00,20210930
286871,Apple iPhone 12 Pro Max 512 G,$720.00,20210930
286875,Apple iPhone 12 5G 128GB - Red (Verizon) MGFC3LL/A (A2172) Smartphone,$649.00,20210930
286878,Apple iPhone XS 64GB Unlocked Smartphone - Very Good,$294.99,20210930
286884,Apple iPhone 11 - 64GB - Black (AT&T) A2111 (CDMA + GSM) - New (No Seal)!,$448.00,20210930
286890,"Apple iPhone 6s, 64GB, Space Gray, A1688, Unlocked",$58.00,20210930
286895,SR Apple iPhone X  64/256GB Silver & Space Gray GSM Unlocked NO FACE ID- GRADE B,$244.99 to $284.99,20210930
286897,Apple iPhone 12 Pro Max -256GB-Pacific Blue (Unlocked) SEALED (CDMA+GSM)+Gifts🎁,"$1,399.00",20210930
286903,Apple iPhone 11 Unlocked 64GB 128GB 256GB | Verizon AT&T T-Mobile | Very Good,$479.99 to $609.99,20210930
286906,APPLE IPHONE 4S-16GB-BLACK -WHITE(VERIZON-UNLOCKED) MINT CONDITION-W/WARRANTY,$19.99,20210930
286907,Apple iPhone XS - 64GB - Silver (T-Mobile) A1920 (CDMA + GSM),$216.00,20210930
288728,iPhone SE 2020 (2nd gen)64GB - White (Unlocked) A2275 (CDMA + GSM),$255.00,20210930
288732,Apple iPhone 7 - 32GB - All Colors - Unlocked - Good Condition ,$104.99 to $114.99,20210930
288734,Apple iPhone 8 Plus Choose your carrier or Unlocked! ALL COLORS! 256GB 64GB,$244.00,20210930
288736,Apple iPhone 11 - 64GB - Black (AT&T) A2111 (CDMA + GSM) - New (No Seal),$448.00,20210930
288742,Apple iPhone 12 mini - 128GB - Blue (Unlocked) - New Inbox,$694.99,20210930
288746,Apple iPhone 7 Plus - 128GB - Jet Black (AT&T) A1784 (GSM),$84.00,20210930
288752,iPhone 8 64GB 128GB 256GB GSM Unlocked Smartphone | Grade B - Very Good,$174.99 to $179.99,20210930
290586,Apple iPhone 12 A2172 64/128/256GB AT&T T-Mobile Verizon Unlocked GREAT,$619.99 to $759.99,20210930
290590,Apple iPhone 12 Pro Max - 128GB - Pacific Blue (AT&T) FACTORY SEALED,$919.99,20210930
290593,New ListingApple iPhone 7 - 32GB - Black Verizon(Unlocked) Lot Of 10 Read Description,$870.00,20210930
290603,New ListingApple iPhone 11 Pro - 64GB - Space Gray (Unlocked) A2160 (CDMA + GSM),$300.00,20210930
290604,Apple iPhone SE 2020 2nd Gen. 64GB White (Cricket Wireless) A2275 (CDMA + GSM),$227.99,20210930
292440,Apple iPhone XR 64GB Factory Unlocked Smartphone - Very Good,$314.99,20210930
292453,Apple iPhone X 64GB Space Gray Fully Unlocked Good Condition,$299.99,20210930
292455,"Apple iPhone X 64GB 256GB, Space Gray Silver, CDMA + GSM Unlocked Good Condition",$299.99,20210930
294267,Apple iPhone 7 - 32GB - All Colors - Unlocked - Very Good Condition ,$109.99 to $114.99,20210930
294292,Apple iPhone 8 Plus 64gb Unlocked Straight talk Tmobile AT&T Verizon Metro (N),$269.00 to $319.00,20210930
294293,Apple iPhone 11 - 64GB - Yellow (Unlocked) A2111 (CDMA + GSM),$350.00,20210930
294296,Apple iPhone 6S 32GB Unlocked Smartphone - Very Good,$87.95,20210930
294306,Apple iPhone 7 - 32GB - Jet Black (Verizon) A1660 (CDMA + GSM) Good,$93.86,20210930
296300,Apple iPhone 7 32GB Unlocked Rose Gold A1660 Clean ESN Smartphone ,$99.95,20210930
296302,"OB Apple iPhone X 64GB 256GB Space Gray, Silver-GSM Unlocked NO FACE ID",$248.99,20210930
296305,Apple iPhone SE 32GB Space Gray Factory Unlocked A1662 (CDMA + GSM) ⚫️READ⚫️,$49.99,20210930
296322,Apple iPhone 12 Mini - 128GB (A2399) - Factory Unlocked - International,$130.00,20210930
296327,iPhone 11 - Verizon + Unlocked - 64GB - Black - BRAND NEW,$519.00,20210930
296328,Apple iPhone X 64GB 256GB GSM Factory Unlocked  Cell Phone Grey Silver Very Good,$299.95 to $319.95,20210930
296331,Apple iPhone X - 256GB - Space Gray (Sprint) A1865 (CDMA   GSM),$249.99,20210930
298354,Apple iPhone XR 64/128/256GB A1984 AT&T T-Mobile Verizon Xfinity Unlocked Good,$299.99,20210930
298355,Apple iPhone 11 64GB Unlocked Smartphone - Very Good,$464.95,20210930
298356,Apple iPhone XR 64GB Black Blue Coral Red White AT&T Locked Very Good Condition,$284.00,20210930
300348,Apple iPhone 8 64GB 128GB 256GB Verizon Sprint AT&T T-Mobile CDMA GSM Good,$159.00 to $199.99,20210930
300349,Apple iPhone 7 A1778 Unlocked 32GB Check IMEI Good Condition JJ-837,$99.98,20210930
300352,Apple iPhone 7 32GB 128GB 256GB Unlocked AT&T T-Mobile Sprint Verizon Excellent,$104.00 to $149.00,20210930
300360,Apple iPhone 11 GSM/CDMA Factory Unlocked  256GB |128GB | 64GB,$509.77 to $519.77,20210930
300377,New Apple iPhone X 64GB Factory Unlocked T-Mobile AT&T Verizon (GSM + CDMA),$409.99,20210930
300379,Apple iPhone 8 64GB Space Gray Verizon Unlocked Good Condition,$178.99,20210930
302475,"Apple iPhone SE (2020) 64GB (Unlocked) 4.7"" Black",$229.99,20210930
302479,Apple iPhone 7 - 32GB - Rose Gold - (GSM) Unlocked - Very Good,$104.99,20210930
302491,Apple iPhone 8 Plus 256gb Unlocked Straight talk Tmobile AT&T Verizon Cricket N),$329.00 to $369.00,20210930
302492,Apple iPhone 11 Unlocked 64GB 128GB 256GB | Verizon AT&T T-Mobile | Good,$464.98 to $594.98,20210930
302498,Apple iPhone 5s - 16GB - Space Gray (Verizon) A1533 (CDMA + GSM),$42.74,20210930
302500,Apple iPhone 8 64GB 256GB Verizon T-Mobile AT&T Unlocked Good Condition,$149.99 to $169.99,20210930
304669,Apple iPhone 12 Pro Max 5G A2342 128/256/512GB Unlocked Open Box,$999.99,20210930
304678,Apple iPhone 8 64GB 256GB Unlocked Straight talk T-mobile AT&T Verizon EXCELLENT,$179.00 to $239.00,20210930
304679,Apple iPhone 8 Plus Gold 256GB A1864 LTE GSM CDMA Verizon Unlocked - Good,$284.99,20210930
304682,Apple iPhone 12 mini Verison 64gb White 64GB UNKNOWN CARRIER LOCK,$0.99,20210930
304690,Apple iPhone 12 Pro Max - 128GB - Graphite (T-Mobile),$825.00,20210930
304693,Apple iPhone 12 mini 128GB GSM Unlocked AT&T T-Mobile Good Condition,$549.00,20210930
304694,Apple iPhone 12 mini 128GB Unlocked AT&T T-Mobile Verizon Very Good Condition,$579.00,20210930
304695,Apple iPhone 12 mini 128GB GSM Unlocked AT&T T-Mobile Excellent Condition,$609.00,20210930
304698,Apple iPhone 7 32GB 128GB 256GB Unlocked AT&T T-Mobile Sprint Verizon Certified,$114.00 to $169.00,20210930
304700,Apple iPhone XR Black 128GB A1984 LTE GSM CDMA Verizon Unlocked - Good,$326.99,20210930
304702,Apple iPhone 8 Plus 64GB Space Gray 🍎 Verizon T-Mobile AT&T Unlocked Smartphone,$289.99,20210930
306799,Apple iPhone 12 mini - 128GB - White (Unlocked) Warranty till May 2022 MG8M3LL/A,$620.00,20210930
306800,Apple iPhone 12 64GB Black Blue Green Red White T-Mobile Excellent Condition,$569.00,20210930
306808,Apple iPhone 12 mini - 128GB - Blue (Unlocked),$549.98,20210930
306810,Apple iPhone 12 64GB GSM Unlocked AT&T T-Mobile Excellent Condition,$659.00,20210930
306818,Apple iPhone XR - 64GB -Black (Sprint) A1984(CDMA + GSM) BLACKLISTED/ PARTS ONLY,$235.00,20210930
308815,Apple iPhone XR - 64GB - Black (unlocked) A1984 Good condition.,$265.00,20210930
308820,Apple iPhone 11 - 64GB - All Colors - Fully Unlocked - Very Good Condition ,$459.99,20210930
308825,Apple iPhone 12 - 64GB - Black (T-Mobile),$499.00,20210930
308827,Apple iPhone 12 Pro Max Pacific Blue 256 GB (Factory Unlocked),"$1,050.00",20210930
308830,Apple iPhone 12 Pro - 128GB - Pacific Blue (Verizon),$650.00,20210930
308839,"Apple iPhone 8 64GB  (GSM+Factory Unlocked) AT&T, T-Mobile, Sprint, Metro PCS",$189.00,20210930
308840,Apple iPhone XR Red 64GB A1984 LTE GSM CDMA Verizon Unlocked - Very Good,$315.99,20210930
308843,Apple iPhone 12 Pro Max - 128GB - Pacific Blue (Unlocked) Perfect Condition,$950.00,20210930
308846,Apple iPhone 7 - 256GB - rose gold - unlocked,$200.00,20210930
308849,Apple iPhone 12 - 128GB - Blue - Unlocked Nice!!!,$700.00,20210930
310930,Apple iPhone 12 Pro - 256GB - Silver (Unlocked) - Excellent Condition!,$1.00,20210930
310933,Touch Screen Replacement Display OLED LCD Digitizer For iPhone X XS XR XS Max,$55.99 to $74.99,20210930
310939,Apple iPhone 8 Plus Black 64GB - ATT Very Good Condition.,$248.00,20210930
310940,Sealed Apple iPhone 13 Pro Max 6.7 inches - 128GB - Sierra Blue (Unlocked),"$1,550.00",20210930
310949,"Apple FACTORY-SEALED iPhone 6s 128GB Space Gray UNLOCKED ""GLOBAL PHONE"" CDMA+GSM",$189.00,20210930
310951,Apple iPhone 11 Pro Max - 256GB - Green (AT&T) Unlocked,$720.00,20210930
310955,2 ea. iPhone 6s A1688 EXCELLENT CONDITION SILVER WITH CASES AND BATTERY,$100.00,20210930
310959,NEW Apple iPhone 13 Pro Max 256GB Sierra Blue (Unlocked) Pre Order Ships 9/24!,"$1,749.99",20210930
310960,Apple iPhone 6S 64GB Unlocked Smartphone - Very Good,$94.95,20210930
310963,Apple iPhone 12 mini - 128GB - Blue (Unlocked) in Box A2176,$599.00,20210930
313131,"Apple iPhone 8 (Good Condition) Factory Unlocked, Verizon, AT&T, T-Mobile GSM ",$199.74 to $250.74,20210930
313133,iPhone 8 - Unlocked 64GB - Gray - Good,$179.00,20210930
313148,iphone 12 pro max unlocked 256GB,$999.00,20210930
313151,Apple iPhone XR 64gb Black Smartphone for (AT&T) NEW OTHER SEALED,$324.88,20210930
313156,Apple iPhone 6s (Good Condition) Unlocked Verizon AT&T T-Mobile Smartphone4GLTE,$59.00 to $119.00,20210930
313157,Apple iPhone XR Blue 64GB A1984 LTE GSM CDMA Verizon Unlocked - Very Good,$315.99,20210930
313159, Apple iPhone 11 Pro | 64GB Space Gray | Unlocked Verizon T-Mobile AT&T Cricket,$549.99,20210930
313160,**SEALED** APPLE iPhone SE 1st Gen - 32GB Space Gray (Unlocked) A1662 (CDMA+GSM),$200.00,20210930
313162,Apple iPhone XR 128GB Factory Unlocked 4G LTE Smartphone - Very Good,$349.99,20210930
313163,"Apple iPhone 13 Pro - 128GB - Sierra Blue (Unlocked) Pre-order, Ships 9/24","$1,299.00",20210930
313164,NEW Apple iPhone 13 Pro Max In Hand 256GB Sierra Blue Unlocked SHIPS TODAY FAST!,"$1,699.99",20210930
313165,Apple iPhone 7 Plus 32GB GSM Unlocked AT&T T-Mobile Very Good Condition,$189.95,20210930
313168,"Apple iPhone 8 4.7"" 64GB GSM (Unlocked) For AT&T T-Mobile Smartphone Good",$169.99,20210930
313172,*** NEW Apple iPhone 13 PRO 256GB SIERRA BLUE *** IN HAND READY TO SHIP *** AT&T,"$1,500.00",20210930
313173,Apple iPhone 11 64GB 128GB 256GB Verizon T-Mobile AT&T Good Condition,$399.99 to $429.99,20210930
313174,Apple iPhone 11 - 64GB - Black (Unlocked) A2111 (CDMA + GSM),$419.00,20210930
315251,Apple iPhone 12 Pro - 128GB - Pacific Blue (Unlocked) w Box,$800.00,20210930
315255,"Unlocked Apple iPhone 12 Pro Max 256GB Gold Excellent Condition Trusted Seller,",$975.00,20210930
315256,🔥Apple iPhone SE [1st Gen] 32 / 64 / 128GB Unlocked Smartphone - NEW SEALED🔥,$153.99 to $209.99,20210930
315257,Apple iPhone 12 256GB GSM Unlocked AT&T T-Mobile Very Good Condition,$719.95,20210930
315263,"Apple iPhone 7 Plus 32GB Black, Gold Unlcoked Verizon At&t Smartphone LTE",$113.69 to $252.29,20210930
315264,Apple iPhone 11 128GB GSM Unlocked AT&T T-Mobile Very Good Condition,$489.95,20210930
315271,Apple iPhone 12 Pro Max - 256GB - Silver (Unlocked),$949.00,20210930
315275,Apple iPhone XR 64gb Unlocked Verizon AT&T Tmobile Straight Talk Boost EXCELLENT,$299.00 to $329.00,20210930
315277,Apple iPhone 12 Pro 256GB  A2341 Gold Unlocked Bundle,$999.99,20210930
315284,IPHONE 11 PRO MAX GREEN 64GB VZ,$628.99,20210930
315288,Apple iPhone 11 Pro Max - 512GB - Space Gray (Unlocked),$800.00,20210930
315291,Apple iPhone 12 Pro Max - 512GB - Graphite (Unlocked),"$1,199.00",20210930
317470,"Apple iPhone 7 32GB- Gold,Black,Silver Verizon at&t Unlocked Tmobile Smartphone ",$69.39 to $145.00,20210930
317480,OB Apple iPhone 7 32GB 128GB 256GB BLACK GOLD ROSEGOLD JET BLACK GSM Unlocked,$114.99 to $139.99,20210930
317483,Apple  iPhone 7 - 32GB - Black - (GSM) Unlocked - Smartphone - Very Good,$104.99,20210930
317485,Apple iPhone 7 - 32GB - Silver (Verizon) A1660 (CDMA   GSM),$95.00,20210930
317487,Apple iPhone 7 128GB Black (GSM Unlocked) 100% Tested & Functional - Good,$119.99,20210930
317489,Apple iPhone 8 Plus Silver 64GB A1864 LTE GSM CDMA Verizon Unlocked - Great,$262.99,20210930
317491,Apple iPhone 8 64GB Silver Verizon T-Mobile AT&T Metro GSM Unlocked Smartphone,$199.99,20210930
317495,Apple iPhone 12 Pro Max - 256GB - Graphite (unlocked),$925.00,20210930
317498,Apple iPhone 8 (PRODUCT)RED - 64GB - (Verizon) A1863 (CDMA + GSM),$149.99,20210930
319483,Apple  iPhone 8 64GB TMobile AT&T UNLOCKED A1905,$155.00,20210930
319485,Apple iPhone XR (PRODUCT)RED - 128GB - (Unlocked) A1984 (CDMA + GSM),$280.00,20210930
319491,Apple iPhone XR (PRODUCT)RED - 64GB - (Unlocked) A1984 (CDMA + GSM),$335.00,20210930
319500,Apple iPhone SE 16GB GSM Unlocked AT&T T-Mobile Very Good Condition,$79.95,20210930
319512,Apple iphone 7/7 plus 32GB/128GB Unlocked Verizon tmobile at&t Smartphone LTE,$79.00 to $260.00,20210930
319518,Apple iPhone X Space Gray Used Unlocked 256GB,$350.00,20210930
319519,*** NEW Apple iPhone 13 PRO 256GB SIERRA BLUE UNLOCKED *** IN HAND  LAST ONE!,"$1,598.98",20210930
319525,iPhone 12 Pro Max 256gb Unlocked Graphite,$102.50,20210930
321696,Apple iPhone 8 256GB GSM Unlocked AT&T T-Mobile Very Good Condition,$209.95,20210930
321705,Apple iPhone 4s - 8GB - Black (AT&T) A1387 EA 8998,$1.33,20210930
321711,Apple iPhone 8 - 64GB - Unlocked - Working - Please Read - 90 DAY WARRANTY,$0.99,20210930
321715,Apple  iPhone XS Max 64GB Verizon TMobile AT&T UNLOCKED A1921,$438.00,20210930
321717,Apple iPhone 12 Pro - 128GB - Gold (AT&T) - See photos,$549.00,20210930
321721,Apple iPhone XS - 64GB - Space Gray (AT&T)  A1920 (CDMA + GSM),$50.00,20210930
321730,Apple iPhone SE - 32GB - Rose Gold (Unlocked) A1662 (CDMA + GSM),$33.00,20210930
321733,Apple iPhone 6s Plus 32GB Space Gray A1634 (Unlocked) Reduced Price JW9836,$94.45,20210930
