,Product,Price,Date
0,Apple iPhone 8 64GB Factory Unlocked Verizon AT&T T-Mobile Sprint,$189.00,20210618
1,Apple iPhone X - 64GB - 256GB - Smartphone - AT&T or Unlocked ,$249.99 to $324.99,20210618
2,Apple iPhone  XS |  XS Max | Unlocked Smartphone 📱📱 64 GB 256 GB Unlocked ,$444.80 to $494.00,20210618
3,Apple iPhone XR Smartphone 64GB 128GB AT&T Sprint T-Mobile Verizon or Unlocked,$299.00 to $379.00,20210618
4,Apple iPhone 11- 128GB All Colors - Unlocked - Brand New - Factory Sealed,$644.00,20210618
5,Apple iPhone 11 Smartphone 64GB 128GB AT&T Sprint T-Mobile Verizon or Unlocked,$469.00 to $589.00,20210618
6,Apple iPhone 8 64GB Factory Unlocked Smartphone,$169.99,20210618
7,Apple iPhone X Smartphone 64GB 256GB AT&T Sprint T-Mobile Verizon or Unlocked,$279.00 to $344.00,20210618
8,Apple iPhone 6 16GB Factory Unlocked Smartphone,$89.99,20210618
9,Apple iPhone X 64GB Factory Unlocked Smartphone,$299.99,20210618
10,Apple iPhone XR 64GB Factory Unlocked Smartphone 4G LTE iOS Smartphone,$314.99,20210618
11,Apple iPhone 8 Plus 64GB Factory Unlocked Smartphone,$249.99,20210618
12,Apple iPhone 7 Smartphone 32/128/256GB AT&T Sprint T-Mobile Verizon or Unlocked,$124.00 to $159.00,20210618
13,Apple iPhone 7 Smartphone Black Rose Gold Silver 32GB 128GB 256GB GSM Unlocked,$134.00 to $154.00,20210618
14,Apple iPhone XS Max 64GB 256GB 512GB Unlocked Verizon Sprint AT&T T-Mobile,$424.99 to $559.99,20210618
15,Apple iPhone 12 - 64gb - Unlocked - Factory Sealed - Factory Warranty,$864.00,20210618
16,Apple iPhone 11 Pro Smartphone AT&T Sprint T-Mobile Verizon or Unlocked LTE,$569.00 to $709.00,20210618
17,Unlocked Apple iPhone 11 Pro Max 🍎 64GB 256GB 512GB Verizon T-Mobile Smartphone,$689.99 to $859.99,20210618
18,Apple iPhone SE 2nd Gen (2020)  64GB 128GB 256GB Fully Unlocked Smartphone Mint,$299.00 to $349.00,20210618
19,Apple iPhone 8 64GB A1863 Factory Unlocked Smartphone,$159.99,20210618
20,Apple iPhone X 64GB 256GB A1901 A1865 New AT&T T-Mobile Sprint Verizon Unlocked,$309.00 to $439.00,20210618
21,Apple iPhone 7 Plus Smartphone AT&T Sprint T-Mobile Verizon or Unlocked 4G LTE,$174.00 to $244.00,20210618
22,Apple iPhone X A1865 iOS Smartphone Spectrum or Tracfone PLEASE READ,$179.99 to $209.99,20210618
23,Apple iPhone 8 64GB Fully Unlocked Verizon Sprint AT&T T-Mobile,$194.99,20210618
24,Apple iPhone SE 2nd Gen (2020) 🍎 64GB 128GB 256GB 📱 Fully Unlocked Smartphone,$287.99 to $374.99,20210618
25,Apple iPhone XS Max Unlocked 🍎 64GB 256GB 512GB Verizon TMobile AT&T Smartphone,$399.99 to $529.99,20210618
26,Apple iPhone SE 2nd Gen Smartphone AT&T Sprint T-Mobile Verizon or Unlocked,$214.00 to $289.00,20210618
27,Apple iPhone 8 64GB Factory Unlocked AT&T T-Mobile Gray Smartphone,$159.99,20210618
28,NEW Apple iPhone SE 2nd Gen BLACK  64GB Boost Mobile Free 1st Month ,$199.99,20210618
29,Apple iPhone XS 64GB Unlocked Smartphone,$299.99,20210618
30,Apple iPhone 8 64GB Fully Unlocked (GSM+CDMA) AT&T T-Mobile Verizon Black,$184.99,20210618
31,Apple iPhone 6s Smartphone 16GB 32GB 64GB 128GB Factory Unlocked 4G LTE WiFi iOS,$99.00 to $124.00,20210618
32,Apple iPhone XS MAX - 64GB - 256GB LTE GSM Smartphone - UNLOCKED or AT&T,$384.99 to $449.99,20210618
33,Apple iPhone 11 Pro 64GB Factory Unlocked 4G LTE Smartphone,$599.99,20210618
34,Unlocked Apple iPhone 11 🍎 64GB 128GB 256GB Verizon T-Mobile AT&T 📱 Smartphone,$499.99 to $629.99,20210618
35,Apple iPhone 8 Plus 64GB Unlocked Smartphone,$259.95,20210618
36,Apple iPhone 6s Smartphone 16GB 64GB 128GB AT&T Verizon Unlocked T-Mobile Sprint,$99.00 to $124.00,20210618
37,Apple iPhone XS Max Smartphone AT&T Sprint T-Mobile Verizon or Unlocked 4G LTE,$379.00 to $479.00,20210618
38,Apple iPhone 7 Smartphone 32GB 128GB 256GB Factory Unlocked 4G LTE WiFi iOS,$114.00 to $154.00,20210618
39,Apple iPhone 7 Smartphone AT&T Sprint T-Mobile Verizon or Unlocked 4G LTE,$124.00 to $149.00,20210618
1609,Apple iPhone X | 64GB 256GB | Unlocked Verizon AT&T T-Mobile Sprint | CDMA/GSM,$314.98 to $439.98,20210618
1612,Apple iPhone 8 Smartphone AT&T Sprint T-Mobile Verizon or Unlocked 4G LTE iOS,$169.00 to $209.00,20210618
1621,Apple iPhone 8 Plus Smartphone AT&T Sprint T-Mobile Verizon or Unlocked 4G LTE,$239.00 to $324.00,20210618
1622,Apple iPhone X Unlocked Smartphone 📱 64GB 256GB Verizon T-Mobile AT&T GSM CDMA,$279.99 to $379.99,20210618
1631,Apple iPhone XS 256GB Unlocked Smartphone,$359.95,20210618
1634,Apple iPhone 12 Mini - 128gb - Unlocked - Factory Sealed - Factory Warranty,$814.00,20210618
1635,Apple iPhone SE (2020) 64GB 128GB 256GB GSM Unlocked Black/Red/White iOS 4G LTE,$230.30 to $272.60,20210618
1636,"Apple iPhone 7 32GB, 128GB, 256GB CDMA/GSM Unlocked Verizon AT&T T-Mobile Sprint",$129.99 to $194.99,20210618
1637,Apple iPhone XS Smartphone AT&T Sprint T-Mobile Verizon or Unlocked 4G LTE,$299.00 to $389.00,20210618
1638,Apple  iPhone 7 - 32GB - Black - (GSM) Unlocked - 🍎,$129.99,20210618
1640,Apple iPhone SE Smartphone 16GB 32GB 64GB 128GB Verizon Unlocked T-Mobile AT&T,$74.00 to $104.00,20210618
3296,Apple iPhone 8 64GB Unlocked Smartphone - Space Gray (A1863),$42.99,20210618
3301,"Apple iPhone XS - 64GB, 256GB, 512GB - Unlocked, AT&T, Verizon, T-Mobile, Sprint",$344.99 to $569.99,20210618
3304,Apple iPhone XR 64GB 128GB 256GB - Factory Unlocked AT&T Verizon T-Mobile,$289.99 to $379.99,20210618
3308,Apple iPhone Xs Smartphone 64/256/512GB AT&T Sprint T-Mobile Verizon or Unlocked,$284.00 to $354.00,20210618
3310,Apple iPhone 12 Mini Smartphone 64 128 256GB AT&T T-Mobile Verizon or Unlocked,$599.00 to $769.00,20210618
3313,Apple iPhone X 256GB Unlocked Smartphone,$317.95,20210618
3316,Apple iPhone X 64GB Fully Unlocked (GSM+CDMA) AT&T T-Mobile Verizon Silver,$309.99,20210618
3320,Apple iPhone XS Max - 64GB 256GB 512GB - Unlocked/ Verizon/ AT&T/T-Mobile/Sprint,$399.99 to $599.99,20210618
5161,Apple iPhone 8 64GB Factory Unlocked Phone,$169.95,20210618
5163,Apple iPhone X 64GB Factory Unlocked Phone,$294.95,20210618
5165,Apple iPhone X Smartphone 64GB 256GB AT&T T-Mobile or Unlocked,$269.99 to $354.99,20210618
6823,Apple iPhone 8 Plus Factory Unlocked AT&T T-Mobile Verizon Smartphone,$279.99,20210618
6839,Apple iPhone XR 64GB Factory Unlocked Smartphone,$314.95,20210618
6843,Apple iPhone 12 Pro - 256gb - Unlocked - Factory Sealed - Factory Warranty,"$1,215.00",20210618
8342,Apple iPhone 8 64GB - 128GB - 256GB - All Colors - Fully Unlocked,$154.00 to $159.00,20210618
8361,Apple iPhone X 256GB Factory Unlocked Smartphone 4G LTE,$304.98,20210618
8369,Apple iPhone 8 64GB - 128GB - 256GB - Unlocked Verizon AT&T T-Mobile Sprint,$164.00 to $169.00,20210618
8372,"Apple iPhone 7 32GB ""Factory Unlocked"" 4G LTE iOS WiFi Smartphone",$139.99,20210618
8375,iPhone 6s/6s plus 16GB/64GB/128GB Unlocked Verizon at&t Tmobile smartphone LTE ,$77.00 to $213.00,20210618
10283,Apple iPhone 7 - 32GB - Black (Unlocked) A1660 (CDMA + GSM) ,$109.89,20210618
10302,Apple iPhone SE 2nd Gen Smartphone AT&T Sprint T-Mobile Verizon or Unlocked ,$249.00 to $274.00,20210618
11726,Apple iPhone XS 64GB - 256GB - 512GB - All Colors - Fully Unlocked,$314.00 to $359.00,20210618
13250,Apple iPhone 7 32GB GSM Factory Unlocked 4G LTE iOS WiFi Smartphone,$119.99,20210618
14869,NEW Apple iPhone SE 2nd Gen RED 64GB Boost Mobile Free 1st Month ,$219.99,20210618
14870,Apple iPhone 7 32/128/256GB A1660 Unlocked Brand New,$199.99,20210618
16283,Apple iPhone 8 64GB GSM Factory Unlocked Smartphone GRAY & SILVER,$154.99,20210618
16312,Apple iphone 7/7 plus 32GB/128GB Unlocked Verizon at&t Smartphone,$114.00,20210618
17910,Apple iPhone XS Max 256GB CDMA GSM - Fully Unlocked - All Colors,$469.99,20210618
17912,Apple iPhone XR | 64GB Factory Unlocked | 4G LTE iOS Smartphone,$325.00,20210618
19480,Apple iPhone X - 64GB 256GB - Factory Unlocked AT&T Verizon T-Mobile,$259.99 to $329.99,20210618
19487,Apple iPhone 7 32GB GSM Unlocked,$104.99,20210618
19518,Apple iPhone 8 64GB Fully Factory Unlocked Verizon AT&T T-Mobile All Colors,$144.95,20210618
21266,Apple iPhone 8 - 64GB 256GB GSM Factory Unlocked Smartphone AT&T T-Mobile,$144.95,20210618
21267,Apple iPhone XS - 64GB - 256GB Smartphone - AT&T or Unlocked,$324.99,20210618
21274,Apple iPhone 8 64GB Factory Unlocked All Carriers Refurbished - Space Grey,$169.99,20210618
24789,Apple iPhone 6 16GB 64GB 128GB Factory Unlocked Smartphone,$98.00,20210618
26563,Apple iPhone 11 Black 64GB 🍎 Verizon T-Mobile AT&T Unlocked iOS Smartphone,$499.99,20210618
26568,Apple iPhone 8+ Plus - 64GB 256GB Factory GSM Unlocked Smartphone AT&T T-Mobile,$239.95 to $269.95,20210618
28089,Apple iPhone 8 Plus 64GB 256GB Smartphone - Verizon Unlocked AT&T TMobile Sprint,$339.98 to $374.98,20210618
28092,"Apple iPhone 8 Plus 64GB, 256GB, Fully Unlocked CDMA + GSM, 4G LTE Smartphone",$259.99 to $299.99,20210618
29841,Apple iPhone XS 256GB Fully Unlocked Verizon Sprint AT&T T-Mobile,$389.99,20210618
29844,Apple iPhone XS Max 64GB 256GB 512GB GSM Unlocked AT&T T-Mobile,$409.99 to $539.99,20210618
29846,Apple iPhone 12 A2172 64/128/256GB AT&T T-Mobile Sprint Verizon Unlocked,$679.99 to $769.99,20210618
29848,Apple iPhone 6s - 16GB 32GB 64GB 128GB - Unlocked AT&T Verizon T-Mobile Sprint,$94.99 to $149.99,20210618
29861,Apple iPhone 12 Pro - 128gb - Unlocked - Factory Sealed - Factory Warranty,"$1,089.99",20210618
31771,Apple iPhone XR - 64GB - (GSM + CDMA) Unlocked Smartphone - AT&T T-Mobile Sprint,$279.99 to $328.99,20210618
31774,Apple iPhone 8 64GB Fully Unlocked Verizon Sprint AT&T T-Mobile - CDMA GSM,$189.99,20210618
31777,Apple iPhone 8 Plus 64GB 256GB - Factory Unlocked AT&T Verizon T-Mobile,$229.99 to $289.99,20210618
31786,Apple iPhone 11 Pro 64GB Unlocked Smartphone,$589.95,20210618
31792,Apple iPhone 8 64GB- 256GB Fully Unlocked No Fingerprint,$139.99 to $189.99,20210618
33613,Apple iPhone XS 256GB GSM Unlocked AT&T T-Mobile,$389.99,20210618
33615,Apple  iPhone 11 128GB - Verizon T-Mobile AT&T - UNLOCKED - A2111,$549.00,20210618
33643,Apple iPhone 8 Plus  64GB -256GB Fully Unlocked No Fingerprint,$199.99 to $239.99,20210618
33644,Apple iPhone 11 Pro Max Smartphone AT&T Sprint T-Mobile Verizon or Unlocked LTE,$689.00 to $719.00,20210618
35576,Open Box Apple iPhone X - Silver - A1865 - AT&T T-Mobile Sprint Verizon Unlocked,$319.00,20210618
35584,"Apple iPhone 7 32GB - 128GB Fully Unlocked  ""No FINGERPRINT""",$99.00,20210618
37662,iPhone 6s 16GB 64GB 128GB Unlocked Verizon at&t Tmobile smartphone LTE ,$112.00,20210618
37696,Apple iPhone 7 Plus Smartphone 32/128GB AT&T Sprint T-Mobile Verizon or Unlocked,$179.00 to $279.00,20210618
39682,Apple iPhone 11-128GB All Colors- GSM & CDMA Unlocked - Sealed- Factory Warranty,$639.00,20210618
39706,Apple iPhone XS Max 256GB GSM Unlocked - All Colors,$469.99,20210618
39709,Apple iPhone 12 Pro - 128gb - GSM & CDMA Unlocked - Sealed - Factory Warranty,"$1,059.99",20210618
39711,Apple iPhone 12 Pro - 256gb - GSM & CDMA Unlocked - Sealed - Factory Warranty,"$1,164.99",20210618
39725,Apple iPhone 7 Plus 128GB Unlocked Smartphone,$224.95,20210618
41812,iPhone XR 64GB Unlocked,$349.99,20210618
41823,Apple iPhone 11 128GB - Verizon T-Mobile AT&T - UNLOCKED - A2111,$599.00,20210618
43828,Apple  iPhone 11 PRO 256GB - Verizon T-Mobile AT&T - UNLOCKED - A2160,$659.00,20210618
43833,Apple  iPhone XS Max 256GB - Verizon T-Mobile AT&T - UNLOCKED - A1921,$459.00,20210618
43847,Apple  iPhone XS Max 64GB - Verizon T-Mobile AT&T - UNLOCKED - A1921,$419.00,20210618
43855,Apple  iPhone XS 64GB - Verizon T-Mobile AT&T - UNLOCKED - A1920,$314.00,20210618
43856,Apple iPhone XR 128GB Verizon T-Mobile AT&T Unlocked Smartphone,$339.99 to $369.99,20210618
43859,Apple iPhone 6s Plus Smartphone GSM Unlocked 16GB 64GB 128GB 4G LTE iOS,$139.00 to $159.00,20210618
43864,APPLE IPHONE 7 *ALL COLORS* FACTORY UNLOCKED 32GB ,$112.99,20210618
45791,Apple iPhone 7 32GB 128GB 256GB AT&T Verizon T-Mobile GSM Unlocked,$104.89 to $179.89,20210618
47636,Apple iPhone 8 64GB Unlocked CDMA GSM All Colors - Very Good - Open Box,$199.99,20210618
47649,Apple iPhone XR 256GB|128GB|64GB| GSM/ CDMA Unlocked - Verizon T-Mobile AT&T,$369.88,20210618
49567,Apple iPhone 11 - 128GB - Black (Unlocked) A2111 (CDMA + GSM),$79.51,20210618
49572,Apple iPhone XR Smartphone | 64GB 128GB 256GB | Unlocked Verizon AT&T T-Mobile,$324.98 to $509.98,20210618
51598,Apple iPhone 12 - 64GB / 128GB (UNLOCKED)  Factory Warranty  ⚫⚪🔴🔵 ✤NEW SEALED✤,$853.95 to $918.95,20210618
51608,NEW Apple iPhone X A1865 A1901 64GB 256GB AT&T T-Mobile Sprint Verizon Unlocked,$295.00 to $389.00,20210618
53519,Apple iPhone X 64/256/512GB A1865 AT&T T-Mobile Verizon Sprint Unlocked,$269.99 to $319.99,20210618
53538,Apple iPhone 7 - 128GB - Black - Unlocked - Smartphone,$134.99,20210618
53544,Apple iPhone 11 Pro 64/256/512GB A2160 A2215 AT&T TMobile Verizon Unlocked,$549.99 to $659.99,20210618
55353,Apple iPhone X - 64GB 256GB - Factory Unlocked AT&T Verizon T-Mobile NO FACE ID,$259.99 to $279.99,20210618
55355,Apple iPhone 8 64GB 256GB Verizon T-Mobile AT&T Unlocked Smartphone,$149.99 to $169.99,20210618
55357,Apple iPhone 12 Pro Max - 256gb - Unlocked - Factory Sealed - Factory Warranty,"$1,299.99",20210618
55358,Apple  iPhone 7 - 32GB - Black - (GSM) Unlocked - Smartphone,$119.99,20210618
55361,iPhone 8 Plus 64GB Unlocked ,$249.99 to $254.99,20210618
55367,Apple iPhone XR 64GB 128GB Unlocked Verizon AT&T T-Mobile GSM CDMA Smartphone,$299.99 to $354.99,20210618
55371,Apple iPhone 12 Pro Max - 128gb - Unlocked - Factory Sealed - Factory Warranty,"$1,199.99",20210618
55374,Apple  iPhone XR 128GB - Unlocked - Verizon T-Mobile AT&T - A1984,$378.00,20210618
55376,"Apple iPhone X 64GB 256GB, Space Gray Silver, CDMA + GSM Unlocked IOS Smartphone",$299.99 to $319.99,20210618
55379,Apple iPhone 11 64GB Factory Unlocked Smartphone 4G LTE ,$489.99,20210618
55384,Unlocked Apple iPhone 11 Pro 🍎 64GB 256GB 512GB T-Mobile ATT Verizon Smartphone,$569.99 to $759.99,20210618
55386,Apple iPhone XR - 64GB - 128GB - GSM Smartphone AT&T or Unlocked,$279.99 to $324.99,20210618
56831,Apple  iPhone X 64GB - Verizon T-Mobile AT&T - UNLOCKED A1865,$298.00,20210618
58494,iPhone XS 64GB Unlocked,$309.99,20210618
58505,Apple iPhone X 256gb Unlocked Straight talk T-mobile AT&T Verizon Metro,$385.00,20210618
58508,New Sealed Apple iPhone SE 32/128GB 1st Gen Unlocked Space Gray Rose Gold Silver,$219.99,20210618
60105,SR Apple iPhone XS 64/256/512 GB Gold Gray Verizon Sprint AT&T T-Mobile UNLOCKED,$347.99,20210618
60107,iPhone 8 64GB Unlocked ,$154.99 to $159.99,20210618
60115,Apple iPhone 12 - 64gb - Unlocked -Factory Warranty- Purple Now! New Color Out!,$898.00,20210618
61927,Apple iPhone 8 Plus - 64GB - Silver (Unlocked) A1864 (CDMA + GSM),$195.00,20210618
61967,Apple iPhone 8 Plus - 64GB - Space Gray (Unlocked) A1897 (GSM),$239.00,20210618
63727,Apple iPhone 6s Plus 16GB 32GB 64GB 128GB Factory Unlocked Excellent Condition,$139.99 to $169.99,20210618
63729,Apple iPhone 11 A2111 64/128/256GB Unlocked Brand New,$664.99,20210618
65406,Apple iPhone 7 32GB Matte Black Verizon Unlocked Good Condition,$110.99,20210618
68827,Apple iPhone X - 256GB - Space Gray (Unlocked) A1901 (GSM),$190.00,20210618
68834,Apple iPhone 11 Pro Max - 256GB - Gold (Unlocked) A2161 (CDMA + GSM),$580.00,20210618
68853,Apple iPhone XR 64GB Factory Unlocked Smartphone 4G LTE,$309.98,20210618
70445,Apple iPhone XS Max 64/256/512GB A1921 Unlocked Brand New,$599.99 to $679.99,20210618
72051,Apple iPhone XS Max 64GB 256GB 512GB Unlocked Smartphone,$459.99 to $519.99,20210618
72053,Apple iPhone 7 Unlocked 32GB Black  - AT&T T-Mobile Verizon GSM Unlocked,$128.98,20210618
73620,Apple iPhone 8 Plus 64GB Space Gray Factory Unlocked - Very Good Condition!,$249.99,20210618
73637,Apple iPhone 8 64GB 256GB AT&T Sprint Verizon T-Mobile GSM Unlocked,$149.89 to $299.89,20210618
73645,Apple  iPhone 7 (GSM Unlocked) Smartphone 32GB - Black,$112.00,20210618
73648,"Apple iPhone X 64GB ""Factory Unlocked"" 4G LTE iOS WiFi 12MP Camera Smartphone",$277.95,20210618
73651,Apple iPhone XS Max 256GB Unlocked Smartphone,$469.95,20210618
73654,iPhone SE 2nd Gen - Cricket Only - 64GB - White - BRAND NEW!,$226.99,20210618
75415,Apple iPhone 8 - 64GB - Space Gray (Factory UNLOCKED) A1863 (CDMA + GSM),$159.89,20210618
77016,Apple iPhone 8 Plus 64gb Unlocked Straight talk Tmobile AT&T Verizon Metro New,$259.00 to $319.00,20210618
77020,Apple iPhone XR 🍎 64GB 128GB 256GB T-Mobile AT&T Verizon Unlocked 📱 Smartphone,$329.99 to $437.99,20210618
78700,"OB Apple iPhone XS 64/256/512 GB Space Gray, Gold, Silver GSM+CDMA Unlocked",$362.99 to $459.95,20210618
80545,Apple iPhone 6s Factory Unlocked 4G LTE Capacity 16 32 64 128 Smartphone - Used,$69.99 to $104.99,20210618
83794,Apple MN9D2LL/A iPhone 7 (Unlocked) Smartphone 32GB - Black,$85.00,20210618
83820,Apple iPhone 12 Mini 128GB Factory Unlocked Brand new Sealed!!!,$759.00,20210618
83826,OB Apple iPhone XS MAX 256GB - Space Gray - GSM + CDMA Unlocked,$519.99,20210618
83828,Apple iPhone X 64gb Unlocked Straight talk T-mobile AT&T Verizon Metro New,$299.00 to $349.00,20210618
85590,Apple iPhone 8 - 64GB - Space Gray (Sprint/T-Mobile) A1863 ,$159.99,20210618
87237,~ Apple iPhone 8 (Factory Unlocked) Verizon AT&T T-Mobile Xfinity Consumer GSM ~,$214.99 to $329.99,20210618
87275,Apple iPhone 7 Plus A1661 GSM Unlocked AT&T Verizon T-Mobile 128GB iPhone 7 Plus,$174.89 to $249.89,20210618
88842,32GB - Black (Factory Unlocked; GSM AT&T / T-Mobile) - Apple iPhone 7 Plus,$38.99,20210618
88876,Apple iPhone XS Unlocked 🍎 64GB 256GB 512GB Verizon T-Mobile AT&T Smartphone,$314.99 to $349.99,20210618
90778,Apple iPhone 11-128GB  GSM & CDMA Unlocked - Sealed- Factory Warranty,$634.00,20210618
90781,Apple  iPhone X 64GB Verizon TMobile AT&T UNLOCKED A1865,$298.00,20210618
90787,Apple iPhone 11 Pro Max Unlocked/Verizon/AT&T/T-Mobile/Sprint • 64GB/256GB/512GB,$659.99 to $864.99,20210618
90790,Apple iPhone 8 64GB GSM Factory Unlocked Smartphone,$165.99,20210618
90806,Apple iPhone 12 Pro A2341 128/256/512GB AT&T T-Mobile Verizon Unlocked Open Box,"$949.99 to $1,009.99",20210618
90808,"Apple iPhone SE (2nd Gen, 2020) 64GB / 128GB (Factory Unlocked) All Colors",$279.88,20210618
90811,Apple  iPhone 11 PRO 64GB - Verizon T-Mobile AT&T - UNLOCKED - A2160,$589.00,20210618
92551,Apple iPhone 7 32GB - All Colors - Fully Unlocked,$119.00,20210618
92557,Apple  iPhone 11 PRO 64GB Verizon TMobile AT&T UNLOCKED A2160,$565.00,20210618
94489,Apple iPhone 7 - 128GB - Jet Black - (GSM) Unlocked,$129.99,20210618
96236,"Apple iPhone 11 Pro Max 64/256/512GB GSM+CDMA Unlocked- Green, Gray & More!",$985.99,20210618
96274,Apple iPhone 11 - 64GB 128GB 256GB - All Colors - Fully Unlocked (CDMA + GSM) ,$564.99,20210618
96277,Fully Unlocked Apple iPhone XS Max (GSM+CDMA) AT&T T-Mobile Verizon [New Unused],$559.00,20210618
98104,Apple iPhone 8 64GB Factory Unlocked CDMA + GSM A1863 Verizon AT&T Mint SR,$159.99,20210618
98116,Apple  iPhone 11 PRO MAX 256GB Verizon TMobile AT&T UNLOCKED A2161,$724.00,20210618
98129,Apple iPhone X 64GB Space Gray Fully Unlocked CDMA + GSM 4G LTE IOS Smartphone,$299.99,20210618
100305,Apple iPhone XR 64GB AT&T T-Mobile Factory Unlocked & Others,$309.95 to $329.95,20210618
100329,Apple iPhone 11 64GB Factory Unlocked Smartphone 4G LTE - Open Box,$519.99,20210618
100331,Apple iPhone 8 Plus 64GB 256GB Smartphone Unlocked AT&T Verizon T-Mobile Others,$219.99 to $399.99,20210618
102319,~ Apple iPhone 8 (Factory Unlocked) Verizon AT&T T-Mobile Consumer GSM ~,$219.99 to $349.99,20210618
104182,Apple  iPhone XS Max 256GB Verizon TMobile AT&T UNLOCKED A1921,$479.00,20210618
104209,Apple iPhone 11 64GB Unlocked Smartphone,$464.95,20210618
106237,Apple iPhone 7 Plus Smartphone 32GB 128GB 256GB Factory Unlocked 4G LTE WiFi iOS,$170.00 to $219.00,20210618
106239,Apple iPhone XS - 64GB / 256GB - Unlocked - Smartphone - AT&T / T-Mobile,$304.99 to $319.99,20210618
108417,Apple iPhone 8 64GB 256GB Unlocked Straight talk T-mobile AT&T Verizon Metro New,$219.00 to $269.00,20210618
108418,Apple iPhone XR 64GB Verizon T-Mobile AT&T Unlocked Smartphone,$279.99 to $299.99,20210618
108437,Apple iPhone 7 32GB Factory Unlocked 4G LTE iOS WiFi Smartphone,$114.99,20210618
108444,Apple iPhone XR 128GB Unlocked Smartphone,$337.95,20210618
110343,Apple  iPhone 8 Plus 64GB T-Mobile AT&T Verizon UNLOCKED A1864,$244.99,20210618
110365,Apple iPhone 6S 32GB Unlocked Smartphone,$89.95,20210618
112301,Apple iPhone 8 64GB GSM Unlocked 4G LTE Smartphone AT&T T-Mobile Mint Mobile CR,$189.99,20210618
112312,Apple iPhone 8 64GB 128GB 256GB Unlocked Verizon Sprint AT&T T-Mobile CDMA GSM,$169.99 to $209.99,20210618
112316,Apple iPhone 6s Plus 16GB 32GB 64GB 128GB Factory Unlocked AT&T Verizon T-Mobile,$109.99 to $189.99,20210618
114321,Apple iPhone 8 Plus Gold 64GB AT&T T-Mobile GSM Unlocked - Excellent,$298.90,20210618
118454,PayPal Account,$150.00,20210618
118477,Apple iPhone 4S 8GB/ 16GB /32GB /64Gb Smartphone Factory Unlocked AT&T,$30.00 to $49.00,20210618
118483,Apple iPhone 6 Smartphone 16GB 32GB 64GB 128GB Factory Unlocked 4G LTE WiFi iOS,$84.00,20210618
120481,"New Apple iPhone 11 Pro Max 64/256/512GB GSM+CDMA Unlocked- Green, Gray & More!",$884.99,20210618
120485,Apple iPhone XR / 64GB / 128GB / 256GB / Unlocked Verizon AT&T T-Mobile,$289.00 to $359.00,20210618
120492,Apple  iPhone XS 256GB Verizon TMobile AT&T UNLOCKED A1920,$365.00,20210618
120497,Apple  iPhone XS Max 64GB Verizon TMobile AT&T A1921 UNLOCKED,$434.00,20210618
120508,Apple iPhone SE 1 Gen 16/32/64/128GB - Fully Unlocked - Sealed in Original Box,$115.99 to $216.99,20210618
122410,Apple iPhone 8 Plus 64GB 128GB 256GB Factory Unlocked Excellent Condition,$259.99 to $299.99,20210618
122436,Apple iPhone XS 64GB GSM Unlocked AT&T T-Mobile,$339.99 to $379.99,20210618
122439,Apple iPhone 7 Smartphone 128GB Unlocked  - Jet Black - In A Excellent Condition,$119.99,20210618
124177,Apple iPhone 8 - 64GB - 256GB - Unlocked - Smartphone - SIM Free - All Colours,$169.36 to $296.44,20210618
124178,Apple iPhone 8 Smartphone 64GB 256GB Factory Unlocked 4G LTE 12.0MP WiFi iOS ,$159.00 to $209.00,20210618
124184,Apple iPhone 6 Plus Smartphone GSM Unlocked 16GB 64GB 128GB 4G LTE iOS WiFi,$109.00 to $129.00,20210618
124185,Apple iPhone 8 - 64GB/128GB/256GB-Gold/Space Grey/Silver-UNLOCKED-Various Grades,$197.66 to $352.97,20210618
124188,Apple iPhone XS A1920 64/256/512GB Unlocked Brand New,$549.99 to $589.99,20210618
124189,Apple iPhone 12 - 256GB - Blue (Unlocked) New,$4.25,20210618
124193,"Apple iPhone 12 (128GB, Black) [UNLOCKED] *NEW, SEALED*",$850.00,20210618
124194,Apple iPhone SE 2nd Gen 2020 64/128/256GB Black/White/Red - Fully Unlocked,$259.03,20210618
124195,Apple iPhone SE - Factory Unlocked - 32gb - Excellent Condition,$94.88,20210618
124197,Apple iPhone 11 Pro Max (2019) 64/256/512GB Unlocked Grey/Gold/Silver & Green,$734.20 to $790.68,20210618
124200,"FOUR TESTED GSM UNLOCKED SPACE GRAY AT&T APPLE iPhone 8, 64GB A1905 PHONES R385P",$0.99,20210618
124201,Apple iPhone 11 128gb 1 year apple warranty + free + invoice + Accessories Gift,$689.88,20210618
124202,Apple iPhone 7 32GB/128GB Smartphone Unlocked T-Mobile Verizon Sprint LTE,$107.00 to $213.00,20210618
124203,Apple iPhone XS MAX 64GB 256 GB 512GB Unlocked / SIM FREE Space Grey/Silver/Gold,$437.69 to $564.77,20210618
124206,Apple iPhone 11 Pro (2019) 64/256/512GB Unlocked Grey/Gold/Silver/Midnight Green,$621.24 to $734.20,20210618
124207,Apple iPhone 8 MRRR2LL/A 64GB Product Red Unlocked ,$249.00,20210618
124209,Apple iPhone 11 A2111 A2221 64/128/256GB Sprint Verizon T-Mobile AT&T Unlocked,$469.99 to $529.99,20210618
124210,Apple iPhone 6s - 16GB - Rose Gold (Unlocked) A1633 (CDMA + GSM) - Please read,$39.00,20210618
124211,Apple iPhone XR 64GB 128GB 256GB Unlocked Sim Free Smartphone Various Colours,$255.55 to $437.69,20210618
126411,Apple  iPhone 7 Plus - 128GB - Black - (GSM) Unlocked,$194.99,20210618
128249,Apple  iPhone X 256GB - Verizon T-Mobile AT&T - UNLOCKED A1865,$332.95,20210618
128257,"Apple iPhone 7 - 32GB 128GB 256GB GSM ""Factory Unlocked"" Smartphone All Colors*",$104.95 to $129.95,20210618
128265,"Apple iPhone 7 Plus 128GB, Black, CDMA + GSM Fully Unlocked 4G LTE Smartphone",$209.99,20210618
