,Product,Price,Date
0,Apple iPhone 8 64GB Factory Unlocked Verizon AT&T T-Mobile Sprint,$189.00,20210312
1,Apple iPhone X - 64GB - 256GB - Smartphone - AT&T or Unlocked ,$249.99 to $324.99,20210312
2,Apple iPhone  XS |  XS Max | Unlocked Smartphone 📱📱 64 GB 256 GB Unlocked ,$444.80 to $494.00,20210312
3,Apple iPhone XR Smartphone 64GB 128GB AT&T Sprint T-Mobile Verizon or Unlocked,$299.00 to $379.00,20210312
4,Apple iPhone 11- 128GB All Colors - Unlocked - Brand New - Factory Sealed,$644.00,20210312
5,Apple iPhone 11 Smartphone 64GB 128GB AT&T Sprint T-Mobile Verizon or Unlocked,$469.00 to $589.00,20210312
6,Apple iPhone 8 64GB Factory Unlocked Smartphone,$169.99,20210312
7,Apple iPhone X Smartphone 64GB 256GB AT&T Sprint T-Mobile Verizon or Unlocked,$279.00 to $344.00,20210312
8,Apple iPhone 6 16GB Factory Unlocked Smartphone,$89.99,20210312
9,Apple iPhone X 64GB Factory Unlocked Smartphone,$299.99,20210312
10,Apple iPhone XR 64GB Factory Unlocked Smartphone 4G LTE iOS Smartphone,$314.99,20210312
11,Apple iPhone 8 Plus 64GB Factory Unlocked Smartphone,$249.99,20210312
12,Apple iPhone 7 Smartphone 32/128/256GB AT&T Sprint T-Mobile Verizon or Unlocked,$124.00 to $159.00,20210312
13,Apple iPhone 7 Smartphone Black Rose Gold Silver 32GB 128GB 256GB GSM Unlocked,$134.00 to $154.00,20210312
14,Apple iPhone XS Max 64GB 256GB 512GB Unlocked Verizon Sprint AT&T T-Mobile,$424.99 to $559.99,20210312
15,Apple iPhone 12 - 64gb - Unlocked - Factory Sealed - Factory Warranty,$864.00,20210312
16,Apple iPhone 11 Pro Smartphone AT&T Sprint T-Mobile Verizon or Unlocked LTE,$569.00 to $709.00,20210312
17,Unlocked Apple iPhone 11 Pro Max 🍎 64GB 256GB 512GB Verizon T-Mobile Smartphone,$689.99 to $859.99,20210312
18,Apple iPhone SE 2nd Gen (2020)  64GB 128GB 256GB Fully Unlocked Smartphone Mint,$299.00 to $349.00,20210312
19,Apple iPhone 8 64GB A1863 Factory Unlocked Smartphone,$159.99,20210312
20,Apple iPhone X 64GB 256GB A1901 A1865 New AT&T T-Mobile Sprint Verizon Unlocked,$309.00 to $439.00,20210312
21,Apple iPhone 7 Plus Smartphone AT&T Sprint T-Mobile Verizon or Unlocked 4G LTE,$174.00 to $244.00,20210312
22,Apple iPhone X A1865 iOS Smartphone Spectrum or Tracfone PLEASE READ,$179.99 to $209.99,20210312
23,Apple iPhone 8 64GB Fully Unlocked Verizon Sprint AT&T T-Mobile,$194.99,20210312
24,Apple iPhone SE 2nd Gen (2020) 🍎 64GB 128GB 256GB 📱 Fully Unlocked Smartphone,$287.99 to $374.99,20210312
25,Apple iPhone XS Max Unlocked 🍎 64GB 256GB 512GB Verizon TMobile AT&T Smartphone,$399.99 to $529.99,20210312
26,Apple iPhone SE 2nd Gen Smartphone AT&T Sprint T-Mobile Verizon or Unlocked,$214.00 to $289.00,20210312
27,Apple iPhone 8 64GB Factory Unlocked AT&T T-Mobile Gray Smartphone,$159.99,20210312
28,NEW Apple iPhone SE 2nd Gen BLACK  64GB Boost Mobile Free 1st Month ,$199.99,20210312
29,Apple iPhone XS 64GB Unlocked Smartphone,$299.99,20210312
30,Apple iPhone 8 64GB Fully Unlocked (GSM+CDMA) AT&T T-Mobile Verizon Black,$184.99,20210312
31,Apple iPhone 6s Smartphone 16GB 32GB 64GB 128GB Factory Unlocked 4G LTE WiFi iOS,$99.00 to $124.00,20210312
32,Apple iPhone XS MAX - 64GB - 256GB LTE GSM Smartphone - UNLOCKED or AT&T,$384.99 to $449.99,20210312
33,Apple iPhone 11 Pro 64GB Factory Unlocked 4G LTE Smartphone,$599.99,20210312
34,Unlocked Apple iPhone 11 🍎 64GB 128GB 256GB Verizon T-Mobile AT&T 📱 Smartphone,$499.99 to $629.99,20210312
35,Apple iPhone 8 Plus 64GB Unlocked Smartphone,$259.95,20210312
36,Apple iPhone 6s Smartphone 16GB 64GB 128GB AT&T Verizon Unlocked T-Mobile Sprint,$99.00 to $124.00,20210312
37,Apple iPhone XS Max Smartphone AT&T Sprint T-Mobile Verizon or Unlocked 4G LTE,$379.00 to $479.00,20210312
38,Apple iPhone 7 Smartphone 32GB 128GB 256GB Factory Unlocked 4G LTE WiFi iOS,$114.00 to $154.00,20210312
39,Apple iPhone 7 Smartphone AT&T Sprint T-Mobile Verizon or Unlocked 4G LTE,$124.00 to $149.00,20210312
1609,Apple iPhone X | 64GB 256GB | Unlocked Verizon AT&T T-Mobile Sprint | CDMA/GSM,$314.98 to $439.98,20210312
1612,Apple iPhone 8 Smartphone AT&T Sprint T-Mobile Verizon or Unlocked 4G LTE iOS,$169.00 to $209.00,20210312
1621,Apple iPhone 8 Plus Smartphone AT&T Sprint T-Mobile Verizon or Unlocked 4G LTE,$239.00 to $324.00,20210312
1622,Apple iPhone X Unlocked Smartphone 📱 64GB 256GB Verizon T-Mobile AT&T GSM CDMA,$279.99 to $379.99,20210312
1631,Apple iPhone XS 256GB Unlocked Smartphone,$359.95,20210312
1634,Apple iPhone 12 Mini - 128gb - Unlocked - Factory Sealed - Factory Warranty,$814.00,20210312
1635,Apple iPhone SE (2020) 64GB 128GB 256GB GSM Unlocked Black/Red/White iOS 4G LTE,$230.30 to $272.60,20210312
1636,"Apple iPhone 7 32GB, 128GB, 256GB CDMA/GSM Unlocked Verizon AT&T T-Mobile Sprint",$129.99 to $194.99,20210312
1637,Apple iPhone XS Smartphone AT&T Sprint T-Mobile Verizon or Unlocked 4G LTE,$299.00 to $389.00,20210312
1638,Apple  iPhone 7 - 32GB - Black - (GSM) Unlocked - 🍎,$129.99,20210312
1640,Apple iPhone SE Smartphone 16GB 32GB 64GB 128GB Verizon Unlocked T-Mobile AT&T,$74.00 to $104.00,20210312
3296,Apple iPhone 8 64GB Unlocked Smartphone - Space Gray (A1863),$42.99,20210312
3301,"Apple iPhone XS - 64GB, 256GB, 512GB - Unlocked, AT&T, Verizon, T-Mobile, Sprint",$344.99 to $569.99,20210312
3304,Apple iPhone XR 64GB 128GB 256GB - Factory Unlocked AT&T Verizon T-Mobile,$289.99 to $379.99,20210312
3308,Apple iPhone Xs Smartphone 64/256/512GB AT&T Sprint T-Mobile Verizon or Unlocked,$284.00 to $354.00,20210312
3310,Apple iPhone 12 Mini Smartphone 64 128 256GB AT&T T-Mobile Verizon or Unlocked,$599.00 to $769.00,20210312
3313,Apple iPhone X 256GB Unlocked Smartphone,$317.95,20210312
3316,Apple iPhone X 64GB Fully Unlocked (GSM+CDMA) AT&T T-Mobile Verizon Silver,$309.99,20210312
3320,Apple iPhone XS Max - 64GB 256GB 512GB - Unlocked/ Verizon/ AT&T/T-Mobile/Sprint,$399.99 to $599.99,20210312
5161,Apple iPhone 8 64GB Factory Unlocked Phone,$169.95,20210312
5163,Apple iPhone X 64GB Factory Unlocked Phone,$294.95,20210312
5165,Apple iPhone X Smartphone 64GB 256GB AT&T T-Mobile or Unlocked,$269.99 to $354.99,20210312
6823,Apple iPhone 8 Plus Factory Unlocked AT&T T-Mobile Verizon Smartphone,$279.99,20210312
6839,Apple iPhone XR 64GB Factory Unlocked Smartphone,$314.95,20210312
6843,Apple iPhone 12 Pro - 256gb - Unlocked - Factory Sealed - Factory Warranty,"$1,215.00",20210312
8342,Apple iPhone 8 64GB - 128GB - 256GB - All Colors - Fully Unlocked,$154.00 to $159.00,20210312
8361,Apple iPhone X 256GB Factory Unlocked Smartphone 4G LTE,$304.98,20210312
8369,Apple iPhone 8 64GB - 128GB - 256GB - Unlocked Verizon AT&T T-Mobile Sprint,$164.00 to $169.00,20210312
8372,"Apple iPhone 7 32GB ""Factory Unlocked"" 4G LTE iOS WiFi Smartphone",$139.99,20210312
8375,iPhone 6s/6s plus 16GB/64GB/128GB Unlocked Verizon at&t Tmobile smartphone LTE ,$77.00 to $213.00,20210312
10283,Apple iPhone 7 - 32GB - Black (Unlocked) A1660 (CDMA + GSM) ,$109.89,20210312
10302,Apple iPhone SE 2nd Gen Smartphone AT&T Sprint T-Mobile Verizon or Unlocked ,$249.00 to $274.00,20210312
11726,Apple iPhone XS 64GB - 256GB - 512GB - All Colors - Fully Unlocked,$314.00 to $359.00,20210312
13250,Apple iPhone 7 32GB GSM Factory Unlocked 4G LTE iOS WiFi Smartphone,$119.99,20210312
14869,NEW Apple iPhone SE 2nd Gen RED 64GB Boost Mobile Free 1st Month ,$219.99,20210312
14870,Apple iPhone 7 32/128/256GB A1660 Unlocked Brand New,$199.99,20210312
16283,Apple iPhone 8 64GB GSM Factory Unlocked Smartphone GRAY & SILVER,$154.99,20210312
16312,Apple iphone 7/7 plus 32GB/128GB Unlocked Verizon at&t Smartphone,$114.00,20210312
17910,Apple iPhone XS Max 256GB CDMA GSM - Fully Unlocked - All Colors,$469.99,20210312
17912,Apple iPhone XR | 64GB Factory Unlocked | 4G LTE iOS Smartphone,$325.00,20210312
