,Product,Price,Date
0,Apple iPhone 8 64GB Factory Unlocked Verizon AT&T T-Mobile Sprint,$189.00,20210711
1,Apple iPhone X - 64GB - 256GB - Smartphone - AT&T or Unlocked ,$249.99 to $324.99,20210711
2,Apple iPhone  XS |  XS Max | Unlocked Smartphone 📱📱 64 GB 256 GB Unlocked ,$444.80 to $494.00,20210711
3,Apple iPhone XR Smartphone 64GB 128GB AT&T Sprint T-Mobile Verizon or Unlocked,$299.00 to $379.00,20210711
4,Apple iPhone 11- 128GB All Colors - Unlocked - Brand New - Factory Sealed,$644.00,20210711
5,Apple iPhone 11 Smartphone 64GB 128GB AT&T Sprint T-Mobile Verizon or Unlocked,$469.00 to $589.00,20210711
6,Apple iPhone 8 64GB Factory Unlocked Smartphone,$169.99,20210711
7,Apple iPhone X Smartphone 64GB 256GB AT&T Sprint T-Mobile Verizon or Unlocked,$279.00 to $344.00,20210711
8,Apple iPhone 6 16GB Factory Unlocked Smartphone,$89.99,20210711
9,Apple iPhone X 64GB Factory Unlocked Smartphone,$299.99,20210711
10,Apple iPhone XR 64GB Factory Unlocked Smartphone 4G LTE iOS Smartphone,$314.99,20210711
11,Apple iPhone 8 Plus 64GB Factory Unlocked Smartphone,$249.99,20210711
12,Apple iPhone 7 Smartphone 32/128/256GB AT&T Sprint T-Mobile Verizon or Unlocked,$124.00 to $159.00,20210711
13,Apple iPhone 7 Smartphone Black Rose Gold Silver 32GB 128GB 256GB GSM Unlocked,$134.00 to $154.00,20210711
14,Apple iPhone XS Max 64GB 256GB 512GB Unlocked Verizon Sprint AT&T T-Mobile,$424.99 to $559.99,20210711
15,Apple iPhone 12 - 64gb - Unlocked - Factory Sealed - Factory Warranty,$864.00,20210711
16,Apple iPhone 11 Pro Smartphone AT&T Sprint T-Mobile Verizon or Unlocked LTE,$569.00 to $709.00,20210711
17,Unlocked Apple iPhone 11 Pro Max 🍎 64GB 256GB 512GB Verizon T-Mobile Smartphone,$689.99 to $859.99,20210711
18,Apple iPhone SE 2nd Gen (2020)  64GB 128GB 256GB Fully Unlocked Smartphone Mint,$299.00 to $349.00,20210711
19,Apple iPhone 8 64GB A1863 Factory Unlocked Smartphone,$159.99,20210711
20,Apple iPhone X 64GB 256GB A1901 A1865 New AT&T T-Mobile Sprint Verizon Unlocked,$309.00 to $439.00,20210711
21,Apple iPhone 7 Plus Smartphone AT&T Sprint T-Mobile Verizon or Unlocked 4G LTE,$174.00 to $244.00,20210711
22,Apple iPhone X A1865 iOS Smartphone Spectrum or Tracfone PLEASE READ,$179.99 to $209.99,20210711
23,Apple iPhone 8 64GB Fully Unlocked Verizon Sprint AT&T T-Mobile,$194.99,20210711
24,Apple iPhone SE 2nd Gen (2020) 🍎 64GB 128GB 256GB 📱 Fully Unlocked Smartphone,$287.99 to $374.99,20210711
25,Apple iPhone XS Max Unlocked 🍎 64GB 256GB 512GB Verizon TMobile AT&T Smartphone,$399.99 to $529.99,20210711
26,Apple iPhone SE 2nd Gen Smartphone AT&T Sprint T-Mobile Verizon or Unlocked,$214.00 to $289.00,20210711
27,Apple iPhone 8 64GB Factory Unlocked AT&T T-Mobile Gray Smartphone,$159.99,20210711
28,NEW Apple iPhone SE 2nd Gen BLACK  64GB Boost Mobile Free 1st Month ,$199.99,20210711
29,Apple iPhone XS 64GB Unlocked Smartphone,$299.99,20210711
30,Apple iPhone 8 64GB Fully Unlocked (GSM+CDMA) AT&T T-Mobile Verizon Black,$184.99,20210711
31,Apple iPhone 6s Smartphone 16GB 32GB 64GB 128GB Factory Unlocked 4G LTE WiFi iOS,$99.00 to $124.00,20210711
32,Apple iPhone XS MAX - 64GB - 256GB LTE GSM Smartphone - UNLOCKED or AT&T,$384.99 to $449.99,20210711
33,Apple iPhone 11 Pro 64GB Factory Unlocked 4G LTE Smartphone,$599.99,20210711
34,Unlocked Apple iPhone 11 🍎 64GB 128GB 256GB Verizon T-Mobile AT&T 📱 Smartphone,$499.99 to $629.99,20210711
35,Apple iPhone 8 Plus 64GB Unlocked Smartphone,$259.95,20210711
36,Apple iPhone 6s Smartphone 16GB 64GB 128GB AT&T Verizon Unlocked T-Mobile Sprint,$99.00 to $124.00,20210711
37,Apple iPhone XS Max Smartphone AT&T Sprint T-Mobile Verizon or Unlocked 4G LTE,$379.00 to $479.00,20210711
38,Apple iPhone 7 Smartphone 32GB 128GB 256GB Factory Unlocked 4G LTE WiFi iOS,$114.00 to $154.00,20210711
39,Apple iPhone 7 Smartphone AT&T Sprint T-Mobile Verizon or Unlocked 4G LTE,$124.00 to $149.00,20210711
1609,Apple iPhone X | 64GB 256GB | Unlocked Verizon AT&T T-Mobile Sprint | CDMA/GSM,$314.98 to $439.98,20210711
1612,Apple iPhone 8 Smartphone AT&T Sprint T-Mobile Verizon or Unlocked 4G LTE iOS,$169.00 to $209.00,20210711
1621,Apple iPhone 8 Plus Smartphone AT&T Sprint T-Mobile Verizon or Unlocked 4G LTE,$239.00 to $324.00,20210711
1622,Apple iPhone X Unlocked Smartphone 📱 64GB 256GB Verizon T-Mobile AT&T GSM CDMA,$279.99 to $379.99,20210711
1631,Apple iPhone XS 256GB Unlocked Smartphone,$359.95,20210711
1634,Apple iPhone 12 Mini - 128gb - Unlocked - Factory Sealed - Factory Warranty,$814.00,20210711
1635,Apple iPhone SE (2020) 64GB 128GB 256GB GSM Unlocked Black/Red/White iOS 4G LTE,$230.30 to $272.60,20210711
1636,"Apple iPhone 7 32GB, 128GB, 256GB CDMA/GSM Unlocked Verizon AT&T T-Mobile Sprint",$129.99 to $194.99,20210711
1637,Apple iPhone XS Smartphone AT&T Sprint T-Mobile Verizon or Unlocked 4G LTE,$299.00 to $389.00,20210711
1638,Apple  iPhone 7 - 32GB - Black - (GSM) Unlocked - 🍎,$129.99,20210711
1640,Apple iPhone SE Smartphone 16GB 32GB 64GB 128GB Verizon Unlocked T-Mobile AT&T,$74.00 to $104.00,20210711
3296,Apple iPhone 8 64GB Unlocked Smartphone - Space Gray (A1863),$42.99,20210711
3301,"Apple iPhone XS - 64GB, 256GB, 512GB - Unlocked, AT&T, Verizon, T-Mobile, Sprint",$344.99 to $569.99,20210711
3304,Apple iPhone XR 64GB 128GB 256GB - Factory Unlocked AT&T Verizon T-Mobile,$289.99 to $379.99,20210711
3308,Apple iPhone Xs Smartphone 64/256/512GB AT&T Sprint T-Mobile Verizon or Unlocked,$284.00 to $354.00,20210711
3310,Apple iPhone 12 Mini Smartphone 64 128 256GB AT&T T-Mobile Verizon or Unlocked,$599.00 to $769.00,20210711
3313,Apple iPhone X 256GB Unlocked Smartphone,$317.95,20210711
3316,Apple iPhone X 64GB Fully Unlocked (GSM+CDMA) AT&T T-Mobile Verizon Silver,$309.99,20210711
3320,Apple iPhone XS Max - 64GB 256GB 512GB - Unlocked/ Verizon/ AT&T/T-Mobile/Sprint,$399.99 to $599.99,20210711
5161,Apple iPhone 8 64GB Factory Unlocked Phone,$169.95,20210711
5163,Apple iPhone X 64GB Factory Unlocked Phone,$294.95,20210711
5165,Apple iPhone X Smartphone 64GB 256GB AT&T T-Mobile or Unlocked,$269.99 to $354.99,20210711
6823,Apple iPhone 8 Plus Factory Unlocked AT&T T-Mobile Verizon Smartphone,$279.99,20210711
6839,Apple iPhone XR 64GB Factory Unlocked Smartphone,$314.95,20210711
6843,Apple iPhone 12 Pro - 256gb - Unlocked - Factory Sealed - Factory Warranty,"$1,215.00",20210711
8342,Apple iPhone 8 64GB - 128GB - 256GB - All Colors - Fully Unlocked,$154.00 to $159.00,20210711
8361,Apple iPhone X 256GB Factory Unlocked Smartphone 4G LTE,$304.98,20210711
8369,Apple iPhone 8 64GB - 128GB - 256GB - Unlocked Verizon AT&T T-Mobile Sprint,$164.00 to $169.00,20210711
8372,"Apple iPhone 7 32GB ""Factory Unlocked"" 4G LTE iOS WiFi Smartphone",$139.99,20210711
8375,iPhone 6s/6s plus 16GB/64GB/128GB Unlocked Verizon at&t Tmobile smartphone LTE ,$77.00 to $213.00,20210711
10283,Apple iPhone 7 - 32GB - Black (Unlocked) A1660 (CDMA + GSM) ,$109.89,20210711
10302,Apple iPhone SE 2nd Gen Smartphone AT&T Sprint T-Mobile Verizon or Unlocked ,$249.00 to $274.00,20210711
11726,Apple iPhone XS 64GB - 256GB - 512GB - All Colors - Fully Unlocked,$314.00 to $359.00,20210711
13250,Apple iPhone 7 32GB GSM Factory Unlocked 4G LTE iOS WiFi Smartphone,$119.99,20210711
14869,NEW Apple iPhone SE 2nd Gen RED 64GB Boost Mobile Free 1st Month ,$219.99,20210711
14870,Apple iPhone 7 32/128/256GB A1660 Unlocked Brand New,$199.99,20210711
16283,Apple iPhone 8 64GB GSM Factory Unlocked Smartphone GRAY & SILVER,$154.99,20210711
16312,Apple iphone 7/7 plus 32GB/128GB Unlocked Verizon at&t Smartphone,$114.00,20210711
17910,Apple iPhone XS Max 256GB CDMA GSM - Fully Unlocked - All Colors,$469.99,20210711
17912,Apple iPhone XR | 64GB Factory Unlocked | 4G LTE iOS Smartphone,$325.00,20210711
19480,Apple iPhone X - 64GB 256GB - Factory Unlocked AT&T Verizon T-Mobile,$259.99 to $329.99,20210711
19487,Apple iPhone 7 32GB GSM Unlocked,$104.99,20210711
19518,Apple iPhone 8 64GB Fully Factory Unlocked Verizon AT&T T-Mobile All Colors,$144.95,20210711
21266,Apple iPhone 8 - 64GB 256GB GSM Factory Unlocked Smartphone AT&T T-Mobile,$144.95,20210711
21267,Apple iPhone XS - 64GB - 256GB Smartphone - AT&T or Unlocked,$324.99,20210711
21274,Apple iPhone 8 64GB Factory Unlocked All Carriers Refurbished - Space Grey,$169.99,20210711
24789,Apple iPhone 6 16GB 64GB 128GB Factory Unlocked Smartphone,$98.00,20210711
26563,Apple iPhone 11 Black 64GB 🍎 Verizon T-Mobile AT&T Unlocked iOS Smartphone,$499.99,20210711
26568,Apple iPhone 8+ Plus - 64GB 256GB Factory GSM Unlocked Smartphone AT&T T-Mobile,$239.95 to $269.95,20210711
28089,Apple iPhone 8 Plus 64GB 256GB Smartphone - Verizon Unlocked AT&T TMobile Sprint,$339.98 to $374.98,20210711
28092,"Apple iPhone 8 Plus 64GB, 256GB, Fully Unlocked CDMA + GSM, 4G LTE Smartphone",$259.99 to $299.99,20210711
29841,Apple iPhone XS 256GB Fully Unlocked Verizon Sprint AT&T T-Mobile,$389.99,20210711
29844,Apple iPhone XS Max 64GB 256GB 512GB GSM Unlocked AT&T T-Mobile,$409.99 to $539.99,20210711
29846,Apple iPhone 12 A2172 64/128/256GB AT&T T-Mobile Sprint Verizon Unlocked,$679.99 to $769.99,20210711
29848,Apple iPhone 6s - 16GB 32GB 64GB 128GB - Unlocked AT&T Verizon T-Mobile Sprint,$94.99 to $149.99,20210711
29861,Apple iPhone 12 Pro - 128gb - Unlocked - Factory Sealed - Factory Warranty,"$1,089.99",20210711
31771,Apple iPhone XR - 64GB - (GSM + CDMA) Unlocked Smartphone - AT&T T-Mobile Sprint,$279.99 to $328.99,20210711
31774,Apple iPhone 8 64GB Fully Unlocked Verizon Sprint AT&T T-Mobile - CDMA GSM,$189.99,20210711
31777,Apple iPhone 8 Plus 64GB 256GB - Factory Unlocked AT&T Verizon T-Mobile,$229.99 to $289.99,20210711
31786,Apple iPhone 11 Pro 64GB Unlocked Smartphone,$589.95,20210711
31792,Apple iPhone 8 64GB- 256GB Fully Unlocked No Fingerprint,$139.99 to $189.99,20210711
33613,Apple iPhone XS 256GB GSM Unlocked AT&T T-Mobile,$389.99,20210711
33615,Apple  iPhone 11 128GB - Verizon T-Mobile AT&T - UNLOCKED - A2111,$549.00,20210711
33643,Apple iPhone 8 Plus  64GB -256GB Fully Unlocked No Fingerprint,$199.99 to $239.99,20210711
33644,Apple iPhone 11 Pro Max Smartphone AT&T Sprint T-Mobile Verizon or Unlocked LTE,$689.00 to $719.00,20210711
35576,Open Box Apple iPhone X - Silver - A1865 - AT&T T-Mobile Sprint Verizon Unlocked,$319.00,20210711
35584,"Apple iPhone 7 32GB - 128GB Fully Unlocked  ""No FINGERPRINT""",$99.00,20210711
37662,iPhone 6s 16GB 64GB 128GB Unlocked Verizon at&t Tmobile smartphone LTE ,$112.00,20210711
37696,Apple iPhone 7 Plus Smartphone 32/128GB AT&T Sprint T-Mobile Verizon or Unlocked,$179.00 to $279.00,20210711
39682,Apple iPhone 11-128GB All Colors- GSM & CDMA Unlocked - Sealed- Factory Warranty,$639.00,20210711
39706,Apple iPhone XS Max 256GB GSM Unlocked - All Colors,$469.99,20210711
39709,Apple iPhone 12 Pro - 128gb - GSM & CDMA Unlocked - Sealed - Factory Warranty,"$1,059.99",20210711
39711,Apple iPhone 12 Pro - 256gb - GSM & CDMA Unlocked - Sealed - Factory Warranty,"$1,164.99",20210711
39725,Apple iPhone 7 Plus 128GB Unlocked Smartphone,$224.95,20210711
41812,iPhone XR 64GB Unlocked,$349.99,20210711
41823,Apple iPhone 11 128GB - Verizon T-Mobile AT&T - UNLOCKED - A2111,$599.00,20210711
43828,Apple  iPhone 11 PRO 256GB - Verizon T-Mobile AT&T - UNLOCKED - A2160,$659.00,20210711
43833,Apple  iPhone XS Max 256GB - Verizon T-Mobile AT&T - UNLOCKED - A1921,$459.00,20210711
43847,Apple  iPhone XS Max 64GB - Verizon T-Mobile AT&T - UNLOCKED - A1921,$419.00,20210711
43855,Apple  iPhone XS 64GB - Verizon T-Mobile AT&T - UNLOCKED - A1920,$314.00,20210711
43856,Apple iPhone XR 128GB Verizon T-Mobile AT&T Unlocked Smartphone,$339.99 to $369.99,20210711
43859,Apple iPhone 6s Plus Smartphone GSM Unlocked 16GB 64GB 128GB 4G LTE iOS,$139.00 to $159.00,20210711
43864,APPLE IPHONE 7 *ALL COLORS* FACTORY UNLOCKED 32GB ,$112.99,20210711
45791,Apple iPhone 7 32GB 128GB 256GB AT&T Verizon T-Mobile GSM Unlocked,$104.89 to $179.89,20210711
47636,Apple iPhone 8 64GB Unlocked CDMA GSM All Colors - Very Good - Open Box,$199.99,20210711
47649,Apple iPhone XR 256GB|128GB|64GB| GSM/ CDMA Unlocked - Verizon T-Mobile AT&T,$369.88,20210711
49567,Apple iPhone 11 - 128GB - Black (Unlocked) A2111 (CDMA + GSM),$79.51,20210711
49572,Apple iPhone XR Smartphone | 64GB 128GB 256GB | Unlocked Verizon AT&T T-Mobile,$324.98 to $509.98,20210711
51598,Apple iPhone 12 - 64GB / 128GB (UNLOCKED)  Factory Warranty  ⚫⚪🔴🔵 ✤NEW SEALED✤,$853.95 to $918.95,20210711
51608,NEW Apple iPhone X A1865 A1901 64GB 256GB AT&T T-Mobile Sprint Verizon Unlocked,$295.00 to $389.00,20210711
53519,Apple iPhone X 64/256/512GB A1865 AT&T T-Mobile Verizon Sprint Unlocked,$269.99 to $319.99,20210711
53538,Apple iPhone 7 - 128GB - Black - Unlocked - Smartphone,$134.99,20210711
53544,Apple iPhone 11 Pro 64/256/512GB A2160 A2215 AT&T TMobile Verizon Unlocked,$549.99 to $659.99,20210711
55353,Apple iPhone X - 64GB 256GB - Factory Unlocked AT&T Verizon T-Mobile NO FACE ID,$259.99 to $279.99,20210711
55355,Apple iPhone 8 64GB 256GB Verizon T-Mobile AT&T Unlocked Smartphone,$149.99 to $169.99,20210711
55357,Apple iPhone 12 Pro Max - 256gb - Unlocked - Factory Sealed - Factory Warranty,"$1,299.99",20210711
55358,Apple  iPhone 7 - 32GB - Black - (GSM) Unlocked - Smartphone,$119.99,20210711
55361,iPhone 8 Plus 64GB Unlocked ,$249.99 to $254.99,20210711
55367,Apple iPhone XR 64GB 128GB Unlocked Verizon AT&T T-Mobile GSM CDMA Smartphone,$299.99 to $354.99,20210711
55371,Apple iPhone 12 Pro Max - 128gb - Unlocked - Factory Sealed - Factory Warranty,"$1,199.99",20210711
55374,Apple  iPhone XR 128GB - Unlocked - Verizon T-Mobile AT&T - A1984,$378.00,20210711
55376,"Apple iPhone X 64GB 256GB, Space Gray Silver, CDMA + GSM Unlocked IOS Smartphone",$299.99 to $319.99,20210711
55379,Apple iPhone 11 64GB Factory Unlocked Smartphone 4G LTE ,$489.99,20210711
55384,Unlocked Apple iPhone 11 Pro 🍎 64GB 256GB 512GB T-Mobile ATT Verizon Smartphone,$569.99 to $759.99,20210711
55386,Apple iPhone XR - 64GB - 128GB - GSM Smartphone AT&T or Unlocked,$279.99 to $324.99,20210711
56831,Apple  iPhone X 64GB - Verizon T-Mobile AT&T - UNLOCKED A1865,$298.00,20210711
58494,iPhone XS 64GB Unlocked,$309.99,20210711
58505,Apple iPhone X 256gb Unlocked Straight talk T-mobile AT&T Verizon Metro,$385.00,20210711
58508,New Sealed Apple iPhone SE 32/128GB 1st Gen Unlocked Space Gray Rose Gold Silver,$219.99,20210711
60105,SR Apple iPhone XS 64/256/512 GB Gold Gray Verizon Sprint AT&T T-Mobile UNLOCKED,$347.99,20210711
60107,iPhone 8 64GB Unlocked ,$154.99 to $159.99,20210711
60115,Apple iPhone 12 - 64gb - Unlocked -Factory Warranty- Purple Now! New Color Out!,$898.00,20210711
61927,Apple iPhone 8 Plus - 64GB - Silver (Unlocked) A1864 (CDMA + GSM),$195.00,20210711
61967,Apple iPhone 8 Plus - 64GB - Space Gray (Unlocked) A1897 (GSM),$239.00,20210711
63727,Apple iPhone 6s Plus 16GB 32GB 64GB 128GB Factory Unlocked Excellent Condition,$139.99 to $169.99,20210711
63729,Apple iPhone 11 A2111 64/128/256GB Unlocked Brand New,$664.99,20210711
65406,Apple iPhone 7 32GB Matte Black Verizon Unlocked Good Condition,$110.99,20210711
68827,Apple iPhone X - 256GB - Space Gray (Unlocked) A1901 (GSM),$190.00,20210711
68834,Apple iPhone 11 Pro Max - 256GB - Gold (Unlocked) A2161 (CDMA + GSM),$580.00,20210711
68853,Apple iPhone XR 64GB Factory Unlocked Smartphone 4G LTE,$309.98,20210711
70445,Apple iPhone XS Max 64/256/512GB A1921 Unlocked Brand New,$599.99 to $679.99,20210711
72051,Apple iPhone XS Max 64GB 256GB 512GB Unlocked Smartphone,$459.99 to $519.99,20210711
72053,Apple iPhone 7 Unlocked 32GB Black  - AT&T T-Mobile Verizon GSM Unlocked,$128.98,20210711
73620,Apple iPhone 8 Plus 64GB Space Gray Factory Unlocked - Very Good Condition!,$249.99,20210711
73637,Apple iPhone 8 64GB 256GB AT&T Sprint Verizon T-Mobile GSM Unlocked,$149.89 to $299.89,20210711
73645,Apple  iPhone 7 (GSM Unlocked) Smartphone 32GB - Black,$112.00,20210711
73648,"Apple iPhone X 64GB ""Factory Unlocked"" 4G LTE iOS WiFi 12MP Camera Smartphone",$277.95,20210711
73651,Apple iPhone XS Max 256GB Unlocked Smartphone,$469.95,20210711
73654,iPhone SE 2nd Gen - Cricket Only - 64GB - White - BRAND NEW!,$226.99,20210711
75415,Apple iPhone 8 - 64GB - Space Gray (Factory UNLOCKED) A1863 (CDMA + GSM),$159.89,20210711
77016,Apple iPhone 8 Plus 64gb Unlocked Straight talk Tmobile AT&T Verizon Metro New,$259.00 to $319.00,20210711
77020,Apple iPhone XR 🍎 64GB 128GB 256GB T-Mobile AT&T Verizon Unlocked 📱 Smartphone,$329.99 to $437.99,20210711
78700,"OB Apple iPhone XS 64/256/512 GB Space Gray, Gold, Silver GSM+CDMA Unlocked",$362.99 to $459.95,20210711
80545,Apple iPhone 6s Factory Unlocked 4G LTE Capacity 16 32 64 128 Smartphone - Used,$69.99 to $104.99,20210711
83794,Apple MN9D2LL/A iPhone 7 (Unlocked) Smartphone 32GB - Black,$85.00,20210711
83820,Apple iPhone 12 Mini 128GB Factory Unlocked Brand new Sealed!!!,$759.00,20210711
83826,OB Apple iPhone XS MAX 256GB - Space Gray - GSM + CDMA Unlocked,$519.99,20210711
83828,Apple iPhone X 64gb Unlocked Straight talk T-mobile AT&T Verizon Metro New,$299.00 to $349.00,20210711
85590,Apple iPhone 8 - 64GB - Space Gray (Sprint/T-Mobile) A1863 ,$159.99,20210711
87237,~ Apple iPhone 8 (Factory Unlocked) Verizon AT&T T-Mobile Xfinity Consumer GSM ~,$214.99 to $329.99,20210711
87275,Apple iPhone 7 Plus A1661 GSM Unlocked AT&T Verizon T-Mobile 128GB iPhone 7 Plus,$174.89 to $249.89,20210711
88842,32GB - Black (Factory Unlocked; GSM AT&T / T-Mobile) - Apple iPhone 7 Plus,$38.99,20210711
88876,Apple iPhone XS Unlocked 🍎 64GB 256GB 512GB Verizon T-Mobile AT&T Smartphone,$314.99 to $349.99,20210711
90778,Apple iPhone 11-128GB  GSM & CDMA Unlocked - Sealed- Factory Warranty,$634.00,20210711
90781,Apple  iPhone X 64GB Verizon TMobile AT&T UNLOCKED A1865,$298.00,20210711
90787,Apple iPhone 11 Pro Max Unlocked/Verizon/AT&T/T-Mobile/Sprint • 64GB/256GB/512GB,$659.99 to $864.99,20210711
90790,Apple iPhone 8 64GB GSM Factory Unlocked Smartphone,$165.99,20210711
90806,Apple iPhone 12 Pro A2341 128/256/512GB AT&T T-Mobile Verizon Unlocked Open Box,"$949.99 to $1,009.99",20210711
90808,"Apple iPhone SE (2nd Gen, 2020) 64GB / 128GB (Factory Unlocked) All Colors",$279.88,20210711
90811,Apple  iPhone 11 PRO 64GB - Verizon T-Mobile AT&T - UNLOCKED - A2160,$589.00,20210711
92551,Apple iPhone 7 32GB - All Colors - Fully Unlocked,$119.00,20210711
92557,Apple  iPhone 11 PRO 64GB Verizon TMobile AT&T UNLOCKED A2160,$565.00,20210711
94489,Apple iPhone 7 - 128GB - Jet Black - (GSM) Unlocked,$129.99,20210711
96236,"Apple iPhone 11 Pro Max 64/256/512GB GSM+CDMA Unlocked- Green, Gray & More!",$985.99,20210711
96274,Apple iPhone 11 - 64GB 128GB 256GB - All Colors - Fully Unlocked (CDMA + GSM) ,$564.99,20210711
96277,Fully Unlocked Apple iPhone XS Max (GSM+CDMA) AT&T T-Mobile Verizon [New Unused],$559.00,20210711
98104,Apple iPhone 8 64GB Factory Unlocked CDMA + GSM A1863 Verizon AT&T Mint SR,$159.99,20210711
98116,Apple  iPhone 11 PRO MAX 256GB Verizon TMobile AT&T UNLOCKED A2161,$724.00,20210711
98129,Apple iPhone X 64GB Space Gray Fully Unlocked CDMA + GSM 4G LTE IOS Smartphone,$299.99,20210711
100305,Apple iPhone XR 64GB AT&T T-Mobile Factory Unlocked & Others,$309.95 to $329.95,20210711
100329,Apple iPhone 11 64GB Factory Unlocked Smartphone 4G LTE - Open Box,$519.99,20210711
100331,Apple iPhone 8 Plus 64GB 256GB Smartphone Unlocked AT&T Verizon T-Mobile Others,$219.99 to $399.99,20210711
102319,~ Apple iPhone 8 (Factory Unlocked) Verizon AT&T T-Mobile Consumer GSM ~,$219.99 to $349.99,20210711
104182,Apple  iPhone XS Max 256GB Verizon TMobile AT&T UNLOCKED A1921,$479.00,20210711
104209,Apple iPhone 11 64GB Unlocked Smartphone,$464.95,20210711
106237,Apple iPhone 7 Plus Smartphone 32GB 128GB 256GB Factory Unlocked 4G LTE WiFi iOS,$170.00 to $219.00,20210711
106239,Apple iPhone XS - 64GB / 256GB - Unlocked - Smartphone - AT&T / T-Mobile,$304.99 to $319.99,20210711
108417,Apple iPhone 8 64GB 256GB Unlocked Straight talk T-mobile AT&T Verizon Metro New,$219.00 to $269.00,20210711
108418,Apple iPhone XR 64GB Verizon T-Mobile AT&T Unlocked Smartphone,$279.99 to $299.99,20210711
108437,Apple iPhone 7 32GB Factory Unlocked 4G LTE iOS WiFi Smartphone,$114.99,20210711
108444,Apple iPhone XR 128GB Unlocked Smartphone,$337.95,20210711
110343,Apple  iPhone 8 Plus 64GB T-Mobile AT&T Verizon UNLOCKED A1864,$244.99,20210711
110365,Apple iPhone 6S 32GB Unlocked Smartphone,$89.95,20210711
112301,Apple iPhone 8 64GB GSM Unlocked 4G LTE Smartphone AT&T T-Mobile Mint Mobile CR,$189.99,20210711
112312,Apple iPhone 8 64GB 128GB 256GB Unlocked Verizon Sprint AT&T T-Mobile CDMA GSM,$169.99 to $209.99,20210711
112316,Apple iPhone 6s Plus 16GB 32GB 64GB 128GB Factory Unlocked AT&T Verizon T-Mobile,$109.99 to $189.99,20210711
114321,Apple iPhone 8 Plus Gold 64GB AT&T T-Mobile GSM Unlocked - Excellent,$298.90,20210711
118454,PayPal Account,$150.00,20210711
118477,Apple iPhone 4S 8GB/ 16GB /32GB /64Gb Smartphone Factory Unlocked AT&T,$30.00 to $49.00,20210711
118483,Apple iPhone 6 Smartphone 16GB 32GB 64GB 128GB Factory Unlocked 4G LTE WiFi iOS,$84.00,20210711
120481,"New Apple iPhone 11 Pro Max 64/256/512GB GSM+CDMA Unlocked- Green, Gray & More!",$884.99,20210711
120485,Apple iPhone XR / 64GB / 128GB / 256GB / Unlocked Verizon AT&T T-Mobile,$289.00 to $359.00,20210711
120492,Apple  iPhone XS 256GB Verizon TMobile AT&T UNLOCKED A1920,$365.00,20210711
120497,Apple  iPhone XS Max 64GB Verizon TMobile AT&T A1921 UNLOCKED,$434.00,20210711
120508,Apple iPhone SE 1 Gen 16/32/64/128GB - Fully Unlocked - Sealed in Original Box,$115.99 to $216.99,20210711
122410,Apple iPhone 8 Plus 64GB 128GB 256GB Factory Unlocked Excellent Condition,$259.99 to $299.99,20210711
122436,Apple iPhone XS 64GB GSM Unlocked AT&T T-Mobile,$339.99 to $379.99,20210711
122439,Apple iPhone 7 Smartphone 128GB Unlocked  - Jet Black - In A Excellent Condition,$119.99,20210711
124177,Apple iPhone 8 - 64GB - 256GB - Unlocked - Smartphone - SIM Free - All Colours,$169.36 to $296.44,20210711
124178,Apple iPhone 8 Smartphone 64GB 256GB Factory Unlocked 4G LTE 12.0MP WiFi iOS ,$159.00 to $209.00,20210711
124184,Apple iPhone 6 Plus Smartphone GSM Unlocked 16GB 64GB 128GB 4G LTE iOS WiFi,$109.00 to $129.00,20210711
124185,Apple iPhone 8 - 64GB/128GB/256GB-Gold/Space Grey/Silver-UNLOCKED-Various Grades,$197.66 to $352.97,20210711
124188,Apple iPhone XS A1920 64/256/512GB Unlocked Brand New,$549.99 to $589.99,20210711
124189,Apple iPhone 12 - 256GB - Blue (Unlocked) New,$4.25,20210711
124193,"Apple iPhone 12 (128GB, Black) [UNLOCKED] *NEW, SEALED*",$850.00,20210711
124194,Apple iPhone SE 2nd Gen 2020 64/128/256GB Black/White/Red - Fully Unlocked,$259.03,20210711
124195,Apple iPhone SE - Factory Unlocked - 32gb - Excellent Condition,$94.88,20210711
124197,Apple iPhone 11 Pro Max (2019) 64/256/512GB Unlocked Grey/Gold/Silver & Green,$734.20 to $790.68,20210711
124200,"FOUR TESTED GSM UNLOCKED SPACE GRAY AT&T APPLE iPhone 8, 64GB A1905 PHONES R385P",$0.99,20210711
124201,Apple iPhone 11 128gb 1 year apple warranty + free + invoice + Accessories Gift,$689.88,20210711
124202,Apple iPhone 7 32GB/128GB Smartphone Unlocked T-Mobile Verizon Sprint LTE,$107.00 to $213.00,20210711
124203,Apple iPhone XS MAX 64GB 256 GB 512GB Unlocked / SIM FREE Space Grey/Silver/Gold,$437.69 to $564.77,20210711
124206,Apple iPhone 11 Pro (2019) 64/256/512GB Unlocked Grey/Gold/Silver/Midnight Green,$621.24 to $734.20,20210711
124207,Apple iPhone 8 MRRR2LL/A 64GB Product Red Unlocked ,$249.00,20210711
124209,Apple iPhone 11 A2111 A2221 64/128/256GB Sprint Verizon T-Mobile AT&T Unlocked,$469.99 to $529.99,20210711
124210,Apple iPhone 6s - 16GB - Rose Gold (Unlocked) A1633 (CDMA + GSM) - Please read,$39.00,20210711
124211,Apple iPhone XR 64GB 128GB 256GB Unlocked Sim Free Smartphone Various Colours,$255.55 to $437.69,20210711
126411,Apple  iPhone 7 Plus - 128GB - Black - (GSM) Unlocked,$194.99,20210711
128249,Apple  iPhone X 256GB - Verizon T-Mobile AT&T - UNLOCKED A1865,$332.95,20210711
128257,"Apple iPhone 7 - 32GB 128GB 256GB GSM ""Factory Unlocked"" Smartphone All Colors*",$104.95 to $129.95,20210711
128265,"Apple iPhone 7 Plus 128GB, Black, CDMA + GSM Fully Unlocked 4G LTE Smartphone",$209.99,20210711
130173,Apple iPhone 8 Plus - 64GB - Gold - Factory Unlocked - C Grade Condition,$235.00,20210711
130204,"Apple iPhone 8 4.7"" Display 64GB GSM (Unlocked) Smartphone SR",$159.99,20210711
132400,Apple iPhone 12 - 64GB - White (Factory Unlocked) - Inbox New - OEM Extras,$774.99,20210711
132405,"Apple iPhone 6 16GB- 64GB- 128GB, Fully Unlocked, Excellent Condition",$62.42 to $162.00,20210711
134521,Apple iPhone 11 / 64GB / 128GB / 256GB / Unlocked Verizon AT&T T-Mobile,$439.00 to $549.00,20210711
136712,Apple iPhone 6S (Global/A1688) 32GB Unlocked,$69.99,20210711
136719,Apple iPhone XR 64gb Unlocked Verizon AT&T Tmobile Straight Talk Boost Metro New,$369.00,20210711
136735,Apple iPhone XS Max 64GB Unlocked Smartphone,$417.95,20210711
136737,NEW Apple iPhone 8 Plus Unlocked - 64GB 256GB - Sealed in Original Box ,$475.99,20210711
138737,Apple iPhone 7 32GB Black (Unlocked) Smartphone,$100.99,20210711
138746,Apple  iPhone X 64GB TMobile AT&T GSM UNLOCKED A1901,$294.00,20210711
142449,Apple iPhone 12 mini - 64GB - Blue (Factory Unlocked) - New - OEM Extras,$679.99,20210711
142451,Apple iPhone XS - 64GB 256GB 512GB - Unlocked / Network Locked (NO FACE ID),$279.99 to $299.99,20210711
142457,"Apple iPhone 6 A1549, 6 Plus A1522, 6s A1633 & A1688, 6s Plus A1634, 16GB- 64GB",$75.55 to $79.55,20210711
144272,Apple  iPhone X 256GB Verizon TMobile AT&T UNLOCKED A1865,$362.00,20210711
144286,Apple  iPhone 11 64GB Verizon TMobile AT&T UNLOCKED A2111,$484.00,20210711
146225,Apple iPhone 12 Smartphone 64GB 128GB 256GB AT&T T-Mobile Verizon or Unlocked,$619.00 to $809.00,20210711
146230,Apple iPhone SE 16GB /32GB /64Gb /128GB Smartphone Unlocked Verizon AT&T,$61.00 to $150.00,20210711
146239,Apple iPhone 11 Pro Max 64GB Unlocked Smartphone,$694.95,20210711
147904,iPhone XS 64GB 256GB Unlocked,$309.99 to $369.99,20210711
149406,Apple iPhone XS / 64GB / 256GB / 512GB / Unlocked Verizon AT&T T-Mobile,$439.00,20210711
149444,Apple iPhone SE 2nd Gen 64GB 128GB 256GB Fully Unlocked CDMA + GSM Smartphone,$239.99,20210711
149445,Apple iPhone 12 mini - 64GB - Black (Unlocked) WARRANTY,$649.93,20210711
151351,Apple iPhone XR - 64GB - Black (Unlocked) A2105 (GSM),$69.44,20210711
151381,Apple iPhone 12 5G |256GB |128GB |64GB| GSM/CDMA Unlocked -Verizon T-Mobile AT&T,$699.88 to $729.88,20210711
153193,Apple iPhone 8 Plus 64GB Space Gray Factory Unlocked - Good Condition!,$234.99,20210711
153198,Apple  iPhone XR 64GB Unlocked Verizon TMobile AT&T A1984,$299.00,20210711
153216,iPhone SE 16/32/64/128GB Apple Grey Pink Gold Silver Unlocked Smartphone 1st-Gen,$130.99 to $229.99,20210711
153217,Apple iPhone XS Max - 64GB - Gold GSM CDMA Unlocked A1921 - Excellent ,$489.97,20210711
155140,Apple iPhone 6s 16GB 32GB 64GB 128GB Unlocked Verizon AT&T T-Mobile Smartphone,$83.99 to $129.00,20210711
155143,Apple iPhone 7 32GB Black (Unlocked) Smartphone-Used,$95.99,20210711
155160,Apple iPhone 6 Plus 16GB 64GB 128GB Factory Unlocked AT&T T-mobile Verizon,$93.95,20210711
157163,"Apple iPhone 6 16GB 64GB 128GB GSM""Factory Unlocked""Smartphone Gold Gray Silver*",$59.96 to $89.96,20210711
157173,Boost Mobile - iPhone 8 Renewed Space Gray 64GB,$149.99,20210711
157182,Apple iPhone XS Max 64GB 256GB 512GB Factory Unlocked Excellent Condition,$439.99,20210711
157184,Apple iPhone 8 64GB 128GB 256GB Factory Unlocked Excellent Condition,$199.99,20210711
157186,Apple iPhone 8 - 64GB 256GB Smartphone Unlocked AT&T Verizon T-Mobile & Others ,$169.99 to $309.99,20210711
159013,Apple iPhone XR 64GB Factory Unlocked | AT&T | T-Mobile & Others,$279.95 to $359.95,20210711
159014,Apple iPhone XR - 64GB 128GB 256GB - GSM+CDMA Unlocked Smartphone Various Colors,$299.99 to $459.99,20210711
159029,Apple iPhone 11 64GB Factory Unlocked | AT&T | T-Mobile & Others,$399.95 to $519.95,20210711
159031,Apple iPhone 7 - 32GB - Black (Unlocked) A1660 (CDMA + GSM),$107.59,20210711
160785,Apple iPhone XR 64GB T-Mobile AT&T  Factory Unlocked & Others,$279.95 to $359.95,20210711
160804,Apple iPhone 8 - 64GB - Space Gray (Unlocked) A1905 (GSM) Smartphone,$156.99,20210711
162625,Apple iPhone X 64GB/256GB (GSM) Unlocked AT&T T-Mobile Verizon 4G Smartphone,$236.41 to $388.87,20210711
162646,*New* Apple iPhone 11 64GB Black -  AT&T / Cricket only.,$500.00,20210711
164475,Apple iPhone SE 16GB Silver (Unlocked) A1662 (GSM) New Other SEALED BOX,$109.55,20210711
164483,Apple iPhone X - 64GB - Silver (Unlocked) A1865 (CDMA   GSM),$300.00,20210711
166249,Apple iPhone 8 GSM Factory Unlocked GSM / CDMA 256GB| 128GB | 64GB ,$189.88,20210711
166260,"Apple iPhone 6 16GB GSM""Factory Unlocked""Smartphone Gold Gray Silver Cell Phone*",$63.96,20210711
168004,Good Condition - Apple iPhone SE 16GB T-Mobile Silver - Free Shipping,$49.99,20210711
168006,Apple iPhone XS 64GB - 256GB - All Colors - Fully Unlocked,$309.00,20210711
169853,Apple iPhone 8 Plus 64GB Factory Unlocked AT&T Verizon T-Mobile Unlocked,$289.98,20210711
171811,Apple iPhone 7 Factory UNLOCKED-  Verizon AT&T T-Mobile GSM/CDMA UNLOCKED- ,$169.99,20210711
