,Product,Price,Date
0,Apple iPhone 8 64GB GSM Factory Unlocked GRAY & SILVER (GOOD CONDITION),$179.99,20220220
1,Apple iPhone 8 64GB 256GB Unlocked Straight talk T-mobile AT&T Verizon Metro (N),$209.00 to $269.00,20220220
2,Apple iPhone 11 Pro - 256GB - All Colors (Unlocked) A2160 - Good Condition ,$548.99,20220220
3,Apple iPhone XR Black 128GB A1984 LTE GSM CDMA Verizon Unlocked - Very Good,$336.99,20220220
4,Apple iPhone XR 64GB Factory Unlocked Smartphone 4G LTE iOS Smartphone - Very,$309.99,20220220
5,Apple iphone 7/7 plus 32GB/128GB Black Gold Unlocked Verizon Tmobile Smartphone,$93.00 to $247.00,20220220
6,Apple iPhone 11 64GB Factory Unlocked 4G LTE Smartphone - Good,$399.99,20220220
7,Apple iPhone 12 Mini 5G 64GB Factory Unlocked TMobile Metro Ultra Mint EXCELLENT,$439.00 to $459.00,20220220
8,Apple iPhone 12 Pro Max - 256GB - Pacific Blue (Unlocked),$574.00,20220220
9,Apple iPhone X - 64GB - Space Gray  A1865 GSM & CDMA UNLOCKED ~MRF~ VERY GOOD!,$274.95,20220220
10,Apple iPhone 8 64GB Factory Unlocked Phone - Very Good,$179.95,20220220
11,Apple iPhone X 64GB Factory Unlocked Phone - Very Good,$307.95,20220220
12,Apple iPhone 8 64GB 256GB Verizon T-Mobile AT&T Unlocked Good Condition,$149.99 to $179.99,20220220
13,"Apple iPhone 7+ Plus - 32GB 128GB GSM ""Unlocked""  ""ALL COLORS"" (GOOD CONDITION)",$188.00 to $208.00,20220220
14,Apple iPhone 11 Pro - 256GB - All Colors (Unlocked) A2160 - Very Good Condition ,$575.99 to $593.99,20220220
15,Apple iPhone 8 Plus - 64GB - Factory Unlocked - Good Condition,$249.00,20220220
16,🔥Apple iPhone SE [1st Gen] 32 / 64 / 128GB Unlocked Smartphone - NEW SEALED🔥,$153.99 to $209.99,20220220
17,Apple iPhone SE 32GB Space Gray Locked Straight Talk & Tracfone A1662 CDMA + GSM,$78.00,20220220
18,Apple iPhone 11 Pro Max A2161 ATT TMob Sprint Verizon Factory Unlocked Very Good,$659.00 to $759.00,20220220
19,Apple iPhone 7 32GB 128GB 256GB Factory Unlocked Excellent Condition,$119.99,20220220
20,Apple iPhone 11 64GB Unlocked Smartphone - Very Good,$417.95,20220220
21,Apple iPhone 8 Plus 64GB Factory Unlocked Smartphone - Good,$234.99,20220220
22,Apple iPhone XR 64GB Factory Unlocked Smartphone 4G LTE iOS Smartphone - Good,$299.99,20220220
23,Apple iPhone XR 128GB Factory Unlocked 4G LTE Smartphone - Good,$314.99,20220220
24,Apple iPhone 8 - 64GB - Gold (Unlocked) A1863 (CDMA + GSM),$149.00,20220220
25,Apple iPhone 11 Pro Max 64GB 256GB 512GB Verizon T-Mobile Good Condition,$549.99 to $679.99,20220220
26,Apple iPhone XS Max - 64GB - Gold (Unlocked) A1921 (CDMA + GSM),$343.00,20220220
27,"Apple iPhone 7 32GB- Gold,Black,Silver Verizon at&t Unlocked Tmobile Smartphone ",$90.00 to $141.00,20220220
28,Apple iPhone 11 - 128GB - All Colors - Fully Unlocked - Very Good Condition ,$476.99 to $485.99,20220220
29,Apple iPhone 11 128GB Factory Unlocked 4G LTE Smartphone - Very Good,$459.99,20220220
30,Apple iPhone 11 - 64GB - Black (Verizon),$399.00,20220220
31,Unlocked Verizon Apple iPhone 8 A1863 Gray 64GB iOS Smartphone Please Read,$149.99,20220220
32,iPhone 11 Pro Max 256GBUnlocked,$517.00,20220220
33,Apple iPhone XS 64GB Factory Unlocked 4G LTE iOS Smartphone - Very Good,$309.99,20220220
34,Apple iPhone 11 Pro Max 64GB Factory Unlocked 4G LTE Smartphone - Very Good,$599.99,20220220
35,Apple iPhone 7 Plus 128GB Factory Unlocked 4G LTE iOS WiFi Smartphone - Good,$197.95,20220220
36,Apple iPhone 8 64GB 256GB GSM Factory Unlocked Verizon AT&T T-Mobile Very Good,$213.00,20220220
37,Apple iPhone SE 2020 - 64GB - Factory Unlocked - Very Good Condition,$249.99,20220220
38,Apple iPhone 8 Plus - 64GB - Space Gray (Unlocked) A1897 (GSM),$125.00,20220220
39,Apple iPhone XS Max - 64gb - Space Gray Unlocked - Great Condition -SHIPS NOW!!!,$399.00,20220220
40,Apple iPhone XR 128GB Factory Unlocked 4G LTE Smartphone - Excellent,$339.99,20220220
41,Apple iPhone 12 Pro Max - 256GB - Silver (Unlocked)  2 CASES INCLUDED,$995.00,20220220
42,Apple iPhone 8 64GB 128GB 256GB Factory Unlocked Excellent Condition,$179.99,20220220
43,Apple iPhone SE 1 Gen 16/32/64/128GB - Fully Unlocked - Sealed in Original Box,$121.99 to $221.99,20220220
44,Apple iPhone 11 Pro Max - 256GB - Silver (AT&T) A2161 (CDMA + GSM),$360.00,20220220
2031,Apple iPhone XR Black 128GB LTE GSM CDMA UMTS,$259.99,20220220
2041,Apple iPhone 11 Pro Max - 256GB - All Colors (Unlocked) - Very Good Condition ,$683.99 to $701.99,20220220
2047,Apple iPhone 12 -64GB- Black (Boost),$500.00,20220220
2048,Open Box - Apple iPhone 12 - 64GB - Blue ( Factory Unlocked ) A2172 GSM & CDMA,$669.69,20220220
2049,Apple iPhone 11 Pro Max - 256GB - Midnight Green (Unlocked) A2161 (CDMA + GSM),$192.50,20220220
2051,Apple iPhone 8 64GB 256GB - Fully Unlocked - New Unused & Sealed in Orginal Box ,$289.99 to $349.99,20220220
2052,Apple iPhone XR - 64GB - All Colors - Fully Unlocked - Very Good Condition ,$350.99 to $359.99,20220220
2059,Apple iPhone XS Max - 64GB - All Colors - Fully Unlocked - Very Good Condition,$377.99,20220220
2060,Apple iPhone 12 Mini Factory Unlocked 64GB 256GB - Very Good Condition,$479.95 to $539.95,20220220
2062,Apple iPhone 8 - 64GB - All Colors - Unlocked - Very Good Condition ,$215.99,20220220
2063,Apple iPhone X 64GB Factory Unlocked AT&T T-Mobile Verizon - Very Good,$279.99,20220220
2064,Apple iPhone 7 Plus - Jet Black A1784 See Description,$3.25,20220220
2065,Apple iPhone 12 Pro A2341 128GB Blue! Clean ESN! Factory Unlocked phone!,$808.74,20220220
2066,"Apple iPhone 7+ Plus 32GB 128GB 256GB GSM ""Factory Unlocked Phone Good Condition",$184.95 to $219.95,20220220
2067,"Apple iPhone 7 32GB 128GB 256GB GSM ""Factory Unlocked"" All Colors Good Condition",$129.95,20220220
2068,Apple iPhone 11 64GB 128GB 256GB Verizon T-Mobile AT&T Good Condition,$369.99 to $519.99,20220220
2069,Apple iPhone 3GS (AT&T) 8GB Black In Box 1st Appearance - GSM 3G - Model A1303,$35.99,20220220
4058,Apple iPhone 11 Pro - 256GB - Gold (Unlocked) A2160 (CDMA + GSM),$450.00,20220220
4069,APPLE IPHONE SE 1st generation 64GB FACTORY UNLOCKED Space Gray,$85.00,20220220
4074,Apple iPhone XR 128GB Factory Unlocked 4G LTE Smartphone - Very Good,$324.99,20220220
4075,Apple iPhone XR 64GB Factory Unlocked Smartphone - Very Good,$309.95,20220220
4076,Apple iPhone 7 - 32GB - Black (TracFone/Total Wireless) A1660 (CDMA + GSM),$79.00,20220220
4080,Apple iPhone 11 (PRODUCT)RED - 128GB (Unlocked) A2111 (CDMA + GSM),$399.00,20220220
4081,Apple iPhone XR 128GB Fully Unlocked (GSM+CDMA) Coral NO FACE ID,$310.00,20220220
4082,Apple iPhone SE (1st Generation) (2016) - 64GB - Space Gray A1662 Used,$56.00,20220220
4085,Open Box Apple iPhone 12 Pro Max - 128GB - Pacific Blue (Unlocked) 😃,"$1,069.42",20220220
4086,SEALED Apple iPhone 6 Plus 16GB Gold (Unlocked) A1522 (GSM) MGC12LL/A - NEW,$164.97,20220220
4089,Apple iPhone 7 (PRODUCT) RED - 128GB - AT&T UNLOCKED ,$175.00,20220220
4090,Apple iPhone 12 Pro Max - 512GB - Gold (Unlocked),$850.00,20220220
4091,Apple iPhone 5c - 8GB - Pink (AT&T) A1532,$29.99,20220220
4094,Apple iPhone 7 Plus - Unlocked - 32GB - Black - Smartphone - Very Good,$189.99,20220220
4095,Apple iPhone XR - 64GB - White (Unlocked) Used,$300.00,20220220
6168,Apple iPhone 11 128 GB Black Black   ,$450.00,20220220
6171,Apple iPhone 8 - 64GB - Space Gray (AT&T) A1905 (GSM),$69.00,20220220
6173,Apple iPhone X 256GB Unlocked Smartphone - Excellent condition,$188.00,20220220
6175,Apple iPhone 11 - 64GB White Unlocked Verizon    Excellent Condition,$415.00,20220220
6176,Apple Iphone 13 128GB unlocked,$764.00,20220220
6178,Apple iPhone 8 64GB Unlocked Smartphone - (A1863),$50.00,20220220
6186,Apple iPhone XR 64GB Black Verizon Unlocked Very Good Condition,$299.99,20220220
6188,IPHONE XR (AT&T) Read,$200.00,20220220
6191,Apple iPhone 6s - 128GB - Gold (Unlocked) A1633 (CDMA + GSM),$50.00,20220220
6194,"Apple iPhone 11 Pro Max 256GB GOLD T-MOBILE, METRO PCS, SIMPLE MOBILE",$689.00,20220220
6198,"Apple iPhone 12, Red, 64GB, T-Mobile, A2172 *Blacklisted *Read Descrip.",$469.99,20220220
6201,Apple iPhone 12 mini 128GB Unlocked  Excellent Condition,$549.00,20220220
6202,Apple iPhone XR 64GB Factory Unlocked Smartphone 4G LTE iOS - Very Good ,$299.99,20220220
6206,Apple iPhone XR - 64GB - Black (Unlocked) A1984 (CDMA + GSM) Smartphone (R73),$0.01,20220220
6207,Apple iPhone 8 Plus - 64GB - Space Gray (Unlocked) A1897 (GSM) Smartphone (AK46),$0.01,20220220
6210,Apple iPhone 7 - 128GB - Black (Unlocked) A1778 (GSM),$63.00,20220220
6212,Apple iPhone XS 256GB Factory Unlocked 4G LTE iOS Smartphone - Very Good,$329.99,20220220
8380,Apple iPhone 8 64GB 256GB Unlocked Straight talk T-mobile AT&T Verizon EXCELLENT,$199.00 to $259.00,20220220
8382,Apple iPhone 11 Pro Max 256 gb silver,$0.99,20220220
8383,Apple iPhone 11 Pro 64GB Gold Verizon Unlocked Please Read,$300.00,20220220
8385,"iPhone 7 Plus (128 GB, Rose Gold, GSM Unlocked)",$179.00,20220220
8387,Apple iPhone XS Max - 512GB - Gold (Unlocked) A1921 (CDMA + GSM),$497.00,20220220
8389,Apple iPhone 11 - 128GB - All Colors - Fully Unlocked (CDMA+GSM)- Good Condition,$449.99 to $476.99,20220220
8392,Apple iPhone 13 Pro Max - 256GB - Graphite (Unlocked),$650.00,20220220
8394,"Apple iPhone 11 (64GB, Black, Unlocked)",$399.00,20220220
8397,Apple iPhone 12 Pro 128GB Ocean Blue Smartphone,$424.00,20220220
8398,Apple iPhone 12 Pro - 128GB - Graphite - UNLOCKED + WARRANTY,$814.97,20220220
8400,iphone x unlocked,$270.00,20220220
8404,Apple iPhone 12 - 64GB - Green (SPECTRUM),$490.00,20220220
8405,Apple iPhone XR - 64GB - Coral (Cricket) A1984 (CDMA + GSM)-EXCELLENT-NO FACE ID,$99.99,20220220
8406,Apple iPhone 11 - 128GB - Black (Unlocked) A2111 (CDMA + GSM),$414.00,20220220
8409,Apple iPhone 13 - 256GB - Blue (Unlocked),$250.00,20220220
8411,Apple iPhone 11 64GB - Black - A2111 - T-Mobile *OPEN BOX *READ Description,$379.99,20220220
8414,Apple - iPhone 13 mini 5G 256GB - Blue (T-Mobile Locked),$699.00,20220220
8416,Apple iPhone 6 - 16GB - Space Gray (AT&T) A1549 (GSM),$50.00,20220220
8417,Apple iPhone 8 - 64GB 256GB GSM Factory Unlocked  AT&T T-Mobile Very Good,$179.95 to $189.95,20220220
8418,Apple iPhone 13 mini - 128GB - Blue (Unlocked) - Only used 2 months!,$689.95,20220220
8419,Apple iPhone 12 Pro Max - Excellent Condition - 128GB - Silver (AT&T),$899.00,20220220
10687,APPLE IPHONE 7 *ALL COLORS* FACTORY UNLOCKED 32GB (VERY GOOD CONDITION),$105.00,20220220
10690,Apple iPhone 12 Pro - 128GB - Graphite (Unlocked),$700.00,20220220
10691,Apple iPhone 13 Pro Max - 256GB - Graphite (Verizon),"$1,050.00",20220220
10692,Apple iPhone 11 Pro Max A2161 ATT T-Mobile Verizon Factory Unlocked - VERY GOOD,$659.00 to $689.00,20220220
10694,Apple iPhone 6s Factory Unlocked Verizon AT&T T-Mobile Smartphone GSM 4G LTE,$119.99 to $134.99,20220220
10696,Apple iPhone SE 2nd Gen. - 64GB - Black (Unlocked),$219.99,20220220
10697,Apple iPhone XS 256GB - All Colors - Fully Unlocked (CDMA+GSM) - Good Condition,$341.99,20220220
10698,Apple iPhone 12 - 128GB - Pacific Blue (T-Mobile),$550.00,20220220
10700,Apple iPhone XR 128GB Black Unlocked No Reserve Free Shipping Great Condition,$200.00,20220220
10707,Apple iPhone 11 - 256GB - All Colors - Fully Unlocked - Very Good Condition ,$485.99 to $512.99,20220220
10710,Apple iPhone XS - 64GB - Space Gray (Unlocked) With Original Box and Contents!,$39.95,20220220
10714,New Apple iPhone 13 - 128GB - Red (Factory Unlocked),$899.00,20220220
10716,Apple iPhone 8 - 64GB - Factory Unlocked - Very Good Condition,$178.99,20220220
10717,Apple iPhone X 64GB/256GB Gray Silver Unlocked Verizon at&t Tmobile Smartphone ,$241.00 to $366.00,20220220
10718,Apple iPhone 11 - 64GB - Purple (Unlocked) A2111 (CDMA + GSM),$450.00,20220220
10724,Apple iPhone 12 - 64GB - Green (Unlocked) INCLUDES ORIGINAL PACKAGING WARRANTY,$0.01,20220220
10725,Apple iPhone 11 64GB PRODUCT(Red) - (T-Mobile) MWJG2LL/A iOS Smartphone,$32.00,20220220
12892,Apple iPhone 12 Pro - 256GB - Graphite (Unlocked) Very Good Slightly Used,$519.00,20220220
12896,Apple iPhone X 64GB GSM Factory Unlocked A1901 Smartphone 4G LTE iOS - Very Good,$289.95,20220220
12898,Apple iPhone 11 - 64GB - Green (Sprint) A2111 (CDMA + GSM),$250.00,20220220
12899,Apple iPhone 12 Mini A2176  64GB CDMA+GSM (Xfinity) Black,$369.00,20220220
12900,Apple iPhone XR - 64GB IC LOCKED (BLACK) Parts Only ,$88.95,20220220
12903,Apple iPhone 7 - 32GB - Factory Unlocked - Good Condition,$99.99,20220220
12907,IMPERFECT - Apple iPhone 6 - 64GB - Space Gray (Unlocked) A1549 (GSM)SOFT HB,$45.99,20220220
12915,Apple iPhone 8 Plus - 64GB - Rose Gold (Verizon) A1864 (CDMA + GSM),$245.00,20220220
12919,Apple iPhone X - 64GB - All Colors - Fully Unlocked (CDMA+GSM) - Good Condition,$305.99,20220220
12924,Apple iPhone 13 - 128GB - Pink (Unlocked),$825.00,20220220
12925,Apple iPhone XS - 256GB - Space Gray (AT&T) ,$164.00,20220220
12927,Apple iPhone 12 Pro A2341 - 128GB - All Colors (Unlocked) - Very Good Condition ,$818.99,20220220
12930,Apple iPhone X 256GB Silver White Unlocked Very Good Condition (lcd Defective ),$200.00,20220220
12931,Apple iPhone 11 Pro Max - 256GB - Space Gray (Unlocked) - Free 2-Day Shipping,$675.00,20220220
12932,Apple iPhone SE 2020 2nd Gen Unlocked  A2275 Black White Red 64GB 128GB 256GB,$279.00 to $369.00,20220220
12933,Apple iPhone 11 Pro Max - 256GB - Gold (AT&T) A2161 (CDMA + GSM),$78.00,20220220
12934,Apple iPhone 8 Plus 64GB 128GB 256GB Factory Unlocked Excellent Condition,$259.99,20220220
12935,White Apple iPhone 4 8GB CDMA 3G Model A1349 *Read Description*              t5u,$12.99,20220220
15196,Iphone 6 64gb T-Mobile,$100.00,20220220
15201,APPLE IPHONE 6 128GB GRAY - A1549 - FACTORY UNLOCKED - WORKS GREAT - LOOK'S GOOD,$2.00,20220220
15204,Apple iPhone 12 mini - 256GB - Green (Unlocked) New Sealed,$549.99,20220220
15210,Apple iPhone 7 Plus - 128GB - Rose Gold Unlocked With Original Box - Mint,$99.00,20220220
15211,Apple iPhone 11 Pro - 64GB - Space Gray (Unlocked) A2160 (CDMA + GSM),$500.00,20220220
15216,"iPhone 7 Plus (A1661) Black, 32 GB Unlocked (AT&T, T-Mobile)",$99.00,20220220
15222,Apple iPhone 7 - 32GB - All Colors - Unlocked - Good Condition ,$139.99 to $174.99,20220220
15225,Apple iPhone 8 Plus 64GB Gold Unlocked Very Good Condition,$240.00,20220220
15234,Apple iPhone 11 Pro - 64GB - Space Gray (Unlocked) A2160 - Excellent Condition ,$100.00,20220220
15236,Excellent Condition Apple iPhone 5s Unlocked 16GB Model Verizon At&t Tmobile,$49.99,20220220
15237,Apple iPhone 8 Plus 256GB Unlocked Smartphone - Very Good,$289.95,20220220
15239,UNLOCKED EXCELLENT Apple iPhone 4S 16GB Verizon A&t T-Mobile MetroPCS TracFone,$34.49,20220220
17498,"Apple iPhone 6s Plus, Fully Unlocked | 32 GB, Gray, 5.5 in | A1687 | Good",$118.02,20220220
17503,Apple iPhone 8 Plus 64GB Factory Unlocked Smartphone - Very Good,$249.99,20220220
17504,Apple iPhone 7 - 32GB - Black (Verizon) A1660 (CDMA + GSM),$85.00,20220220
17505,APPLE IPHONE 6S PLUS - 32GB - A1634 - GRAY - TRACFONE - CLEAN IMEI - LOOKS GOOD,$0.99,20220220
17516,Apple iPhone 6s - 16GB - Space Gray (Unlocked) A1633 (CDMA   GSM),$69.99,20220220
17520,Apple iPhone 8 - 64GB - Space Gray A1905 GSM UNLOCKED ~MRF~ VERY GOOD!,$169.99,20220220
17522,Apple iPhone SE 2nd Gen 64GB - Black - Unlocked - A2275 *NEAR MINT *READ Dscrptn,$249.99,20220220
17523,Apple iPhone X - 64GB - Silver  A1865 GSM & CDMA UNLOCKED ~MRF~ VERY GOOD!,$269.99,20220220
17525,Apple iPhone SE 2nd Gen 2020 128GB Black (Unlocked) Only Wireless Charges,$249.99,20220220
17526,NEW Apple iPhone 8 - 64GB (GSM + CDMA Unlocked) Factory Unlocked Any Carrier,$199.95,20220220
17529,Apple iPhone 11 Pro - 256GB - Midnight Green (Unlocked) A2160 (CDMA + GSM),$625.00,20220220
17531,AT&T unlocked Apple iPhone 8 Plus MQ8T2LL/A 64GB 5.5 in (Space Gray),$73.00,20220220
17532,Apple iPhone 12 Pro - 128GB - Pacific Blue (Unlocked),$750.00,20220220
17534,Apple iPhone X - 256GB - Factory Unlocked - Very Good Condition,$304.99,20220220
17536,Apple iPhone 12 Pro A2341 512GB Gold! Free Fast Delivery! Clean ESN! Unlocked!,$850.75,20220220
17538,iphone 12 pro max 128gb,$700.00,20220220
17539,Apple iPhone SE 2020 GEN 2 Black 64GB Carrier locked to METROPCS ONLY,$160.00,20220220
17540,Apple iPhone 7 Plus - 32GB - Gold (Unlocked) A1661,$159.00,20220220
17541,Apple iPhone 7 Plus Additional I Phone 5 2 For 1. As is. Verizon See details.,$45.00,20220220
19613,Apple iPhone 5 - 16gb - Silver - *GOOD CONDITION/ORIGINAL BOX* (GSM + CDMA) Read,$52.99,20220220
19619,Unlocked Apple iPhone 6s 32GB Space Gray A1633,$0.99,20220220
19622,Apple iPhone 8 - 64GB - Silver (Verizon) A1863 (CDMA + GSM),$150.00,20220220
19623,Apple iPhone 7 (Unlocked) 32GB Black MN8G2LL/A,$1.00,20220220
19627,Apple iPhone 5 16gb - Black - *GOOD CONDITION/ORIGINAL BOX*  *CHRISTMAS SPECIAL*,$46.99,20220220
19633,"iphone 8. plus 64 GB, WHITE COLOR, UNLOCKED",$189.99,20220220
19636,Apple iPhone 7 - 32GB - Black A1660 (CDMA + GSM)  - Extras,$66.00,20220220
19638,Apple iPhone 5 16GB Black (Verizon) A1429 GSM  Used.Fair Condition,$20.00,20220220
19644,Apple iPhone 3Gs (AT&T) Smartphone 8GB Black - GSM 3G - Model A1303,$17.99,20220220
19645,Apple iPhone X - 64GB - Space Gray  A1901 GSM UNLOCKED ~MRF~ VERY GOOD!,$273.99,20220220
19646,Apple iPhone SE 2020 - 64GB - Black (Unlocked) A2275 Excellent Condition,$255.00,20220220
19648,Apple iPhone SE 2nd Gen 64GB 128GB 256GB Fully Unlocked Good Condition,$239.99 to $329.99,20220220
19650,Apple iPhone 5C - 16gb - White - *GREAT CONDITION* - GSM (AT&T),$42.99,20220220
19651,Apple iPhone 8 - 64GB - Fully Unlocked (CDMA+GSM) - Very Good Condition,$164.99,20220220
19653,Apple iPhone 8 - 64GB - Silver (Unlocked) A1905 (GSM),$94.00,20220220
19655,Apple iPhone 12 Pro Max - 512GB - Pacific Blue (Unlocked),$899.00,20220220
19656,Apple iPhone 7 - 128GB - Black (Verizon) A1660 (CDMA + GSM),$69.00,20220220
19657,Apple iPhone XR (PRODUCT)RED 64GB Unlocked,$255.00,20220220
21736, Apple iPhone SE 2nd Gen. - 64GB - Black (Unlocked) A2275,$199.00,20220220
21737,Apple iPhone 11 64GB Purple AT&T Very Good Condition,$211.00,20220220
21739,"APPLE IPHONE 7, 32GB, BLACK AT&T UNLOCKED ",$109.99,20220220
21744,Lot of (5) Apple iPhones XR - 64GB -Black (Verizon) (CDMA + GSM),$600.00,20220220
21747,Apple iPhone 7 Plus 32GB Unlocked Smartphone - Very Good,$179.95,20220220
21749,Apple iPhone 13 mini - 128GB - Midnight (Unlocked) With Apple Accessories MINT!,$679.00,20220220
21751,Apple iPhone 12 Mini Factory Unlocked 64GB Smartphone 5G - Fair Condition,$409.95,20220220
21753,Apple iPhone 7 32GB Matte Black Verizon Unlocked Good Condition,$119.99,20220220
21754,Apple iPhone XR - 64GB - white (Unlocked) ,$288.00,20220220
21755,Apple iPhone XR - 64GB - White (AT&T) *READ Description* !OFFERS OPEN!,$191.69,20220220
21762,"Apple iPhone SE 1st Gen 32GB, Space Gray, Unlocked, Used ",$85.00,20220220
21763,Apple iPhone 8 - 64GB - Space Gray (Verizon) A1863 (CDMA + GSM),$138.00,20220220
21766,Apple iPhone 6S - 16GB - rose gold (Unlocked),$50.00,20220220
21768,Apple iPhone X - 64GB - Space Gray (Unlocked) A1901 (GSM),$265.00,20220220
21771,Apple iPhone XS Max - 64GB - Space Gray GSM & CDMA UNLOCKED -A1921 - ~VERY GOOD!,$364.99,20220220
21772,Apple iPhone 13 mini - 512GB - Midnight (AT&T),$600.00,20220220
23846,Apple iPhone X 256GB Space Gray Unlocked Very Good Condition,$320.00,20220220
23848,Apple iPhone 12 Pro - 512GB - Pacific Blue (Unlocked),$895.00,20220220
23854,Apple iPhone 7 32GB T-Mobile / Metro PCS - 4G Smartphone Black - GOOD,$99.99,20220220
23855,Apple iPhone X 64GB Space Gray Unlocked Good Condition,$250.00,20220220
23856,Apple iPhone 8 Plus - 256GB - All Colors - Fully Unlocked - Good Condition,$238.00,20220220
23862,Apple iPhone 11 Pro - 64GB - Silver (AT&T) A2160 (CDMA + GSM),$449.99,20220220
23867,Apple iPhone SE [1st Gen] 32 / 64 / 128GB Unlocked Smartphone - NEW SEALED,$153.99 to $209.99,20220220
23870,Used Apple iPhone XS - 64GB - GOLD - Unlocked - Excellent Condition CDMA + GSM,$50.00,20220220
23877,Apple iPhone 12 Black 64GB (AT&T & Cricket) A2172 (CDMA + GSM) Factory Sealed,$20.50,20220220
23882,Apple iPhone 11 64GB Factory Unlocked 4G LTE Smartphone - rough,$380.00,20220220
23883,Apple iPhone 12 Pro - 256GB - Graphite (Unlocked),$850.00,20220220
23884,Apple iPhone SE - 128GB - Space Gray (Unlocked) A1662- With Extras..........L@@K,$99.00,20220220
23885,Apple iPhone 12 - 128GB - Black (AT&T). Mint Condition. ,$550.00,20220220
25872,Apple iPhone 11 64GB Factory Unlocked 4G LTE Smartphone - Very Good,$389.99,20220220
25873,Apple iPhone 13 - 128GB - Blue (T-Mobile),$400.00,20220220
25875,Apple iPhone 11 - 256GB - Silver (Unlocked) A2160 (CDMA + GSM),$363.00,20220220
25877,Apple iPhone XS 64GB Factory Unlocked 4G LTE iOS Smartphone - Excellent,$325.00,20220220
25881,Apple iPhone 6s - 64GB - Gold - Unlock TLP-12,$74.99,20220220
25886,Apple iPhone 7 Plus - 128GB - Silver (Unlocked) A1661 (CDMA + GSM),$0.99,20220220
25891,Apple iPhone 11 - 64GB - White (T-Mobile) A2111 (CDMA + GSM),$340.00,20220220
25892,Apple iPhone 12 Pro - 128GB - Graphite (AT&T),$805.00,20220220
25901,Apple iPhone 11 - 64GB - White - Fully Unlocked Smartphone A2111 - Very Good,$384.99,20220220
25905,Apple iPhone 8 Plus - 256GB - Gold (AT&T) A1897 (GSM),$200.00,20220220
25906,Apple iPhone X - 64GB - All Colors - Fully Unlocked - Very Good Condition ,$314.99 to $332.99,20220220
25911,Apple iPhone 13 Pro Max - 128GB - Sierra Blue (Unlocked),"$1,399.99",20220220
28081,Apple iPhone XR Black 128GB A1984 LTE GSM CDMA Verizon Unlocked,$292.99,20220220
28089,Apple iPhone 12 Pro Max 128GB Graphite Unlocked 5G With Box And Accessories,"$1,085.00",20220220
28090,Apple iPhone 6S 32GB Unlocked Smartphone - Rose Gold (A1633) Excellent Condition,$0.99,20220220
28094,Apple iPhone 11 - 64GB - White (Unlocked) A2111 (CDMA + GSM),$100.00,20220220
28101,Apple iPhone 11 Pro Max - 64GB - Gold (Unlocked) A2161 (CDMA + GSM),$500.00,20220220
28102,Apple iPhone 12 Pro Max - 256GB - Pacific Blue (T-Mobile) Clean IMEI,$800.00,20220220
28103,Apple iPhone 12 mini 128GB T-Mobile ONLY Excellent Condition,$489.99,20220220
28111,Apple iPhone 8 64GB Space Gray Verizon Unlocked Good Condition,$169.99,20220220
28113,Apple iPhone 8 64GB Factory Unlocked Smartphone - Very Good,$179.99,20220220
30202,NEW*  Apple iPhone 12 Pro Max 128GB | Factory Unlocked | All Colors!,$999.99,20220220
30203,Apple iPhone 8 - 64GB - Rose Gold (Sprint Tmobile) A1863 (CDMA + GSM),$70.00,20220220
30206,Apple iPhone 8 Plus - 64GB - Gold (Unlocked) A1864 (CDMA + GSM),$220.00,20220220
30217,Apple iPhone 12 Mini Factory Unlocked & Others - 64GB 128GB 256GB - Very Good,$389.95 to $539.95,20220220
30218,Apple iPhone 12 - 64GB - Purple (Verizon) (Sealed) *READ*,$680.00,20220220
30221,Apple iPhone 7 32GB GSM Factory Unlocked 4G LTE iOS WiFi Smartphone,$109.99,20220220
30226,Apple iPhone XR - 64GB - Blue (Unlocked) A1984 (CDMA + GSM),$199.99,20220220
30228,Apple iPhone 8 64GB Factory Unlocked Smartphone - Good,$169.99,20220220
30229,Apple iPhone 12 Pro 128GB Gold Verizon Smartphone MGK33LL/A,$749.00,20220220
30232,Apple iPhone XR White 64GB Unlocked (GSM+CDMA) MT312LL/A,$250.00,20220220
30233,Apple iPhone 11 (PRODUCT)RED - 64GB (Xfinity) A2160 (CDMA + GSM),$180.00,20220220
30238,Apple iPhone 6S Plus 64GB Unlocked Smartphone - Very Good,$134.95,20220220
32220,Apple iPhone 12 mini - 128GB - Black (Unlocked),$499.99,20220220
32230,Apple iPhone 11 - 64GB - Black (T-Mobile) A2111 (CDMA + GSM) *FREE Shipping*,$379.00,20220220
32232,Apple iPhone 8 - 64GB - All Colors - Unlocked - Good Condition ,$199.99,20220220
32236,(Mint) Apple iPhone X - 256GB - Space gray Unlocked ,$250.00,20220220
32242,New/SEALED Apple iPhone 13 (6.1”) 128GB STARLIGHT (WHITE) A2482 FOR T-MOBILE,$759.00,20220220
32245,Apple iPhone XS 64GB Unlocked Smartphone - Very Good,$274.99,20220220
32250,Apple iPhone SE Locked Smartphone - used - pre owned,$23.80,20220220
32252,Apple iPhone 7 - Factory Unlocked - 128GB - Jet Black - Smartphone - Good,$109.99,20220220
32254,Apple iPhone 13 Pro Max - 1TB - Sierra Blue (Verizon),"$1,275.00",20220220
32255,Apple iPhone XS - 64GB - Space Gray (Unlocked) A1920 (CDMA + GSM),$269.00,20220220
32258,Apple iPhone XS Max - 64GB - Gray (Unlocked) A1921 (CDMA + GSM),$120.00,20220220
32259,Apple iPhone 7 - Factory Unlocked - 128GB - Silver - Smartphone ,$94.99,20220220
32260,Apple iPhone 12 mini - 256GB - Blue (Unlocked),$575.00,20220220
32264,Apple iPhone 12 Mini White 64GB Straight Talk / Total Wireless ,$425.00,20220220
34336,Apple iPhone 7 Red 128GB A1660 LTE GSM CDMA Verizon Unlocked - Good,$126.99,20220220
34338,Apple iPhone 7 Rose Gold 128GB A1660 LTE GSM CDMA Verizon Unlocked -Good,$126.99,20220220
34341,Apple iPhone 12 5G 64GB Smartphone Factory Unlocked Open Box,$619.98,20220220
34342,Apple iPhone 7 32GB (unlocked )*Read*74,$85.99,20220220
34348,Apple iPhone 8 64GB 128GB  256GB  Unlocked Verizon AT&T T-Mobile Sprint,$195.00 to $314.99,20220220
34353,Apple iPhone 7 128GB Unlocked Smartphone - Very Good,$119.95,20220220
34354,Apple iPhone 12 Pro - 256GB - Graphite (Unlocked). AMAZING CONDITION!,$0.01,20220220
34356,"Apple iPhone 8, 64 GB, Rose Gold, Tmobile, Unlocked",$135.00,20220220
34357,Apple iPhone 12 - 64GB - Blue (Unlocked),$640.00,20220220
34362,Apple iPhone 12 5G 128GB Smartphone Factory Unlocked Open Box,$689.99,20220220
34371,Apple iPhone 6 Plus - 16GB - Gold (Unlocked) A1524 (CDMA + GSM),$80.00,20220220
34377,Apple iPhone 7 - 32GB - Black (AT&T) A1778 (GSM) USED - Good Condition,$75.00,20220220
34378,Apple iPhone 6s A1633 64GB CDMA+GSM (AT&T) Space Gray,$65.00,20220220
34380,NEW*  Apple iPhone 12 Pro | 256GB Silver | Unlocked Verizon AT&T T-Mobile Metro,$899.99,20220220
34381,Apple iPhone XS Max 64GB Unlocked Smartphone - Very Good,$349.99,20220220
34382,Apple iPhone XS 256GB Unlocked Smartphone - Very Good,$319.95,20220220
36644,Apple iPhone 11 Pro Max Dual SIM Card 256GB - Space Gray (Unlocked) A2220 Rare,$820.00,20220220
36646,AS-IS Apple iPhone 12 5G 64GB Black - (T-Mobile) MGFL3LL/A iOS Smartphone,$0.99,20220220
36653,Apple iPhone 11 - 64GB - All Colors - Fully Unlocked (CDMA+GSM) - Good Condition,$459.99,20220220
36654,Apple iPhone 7 - Factory Unlocked - 128GB - Silver - Smartphone - Good,$104.99,20220220
36657,Apple iPhone 12 Mini 5G 128GB White - (Verizon) MG6N3LL/A iOS Smartphone,$0.99,20220220
36660,Apple iPhone 11 Pro Max - 64GB - Space Gray (Unlocked) A2161 (CDMA   GSM),$629.99,20220220
36662,Apple iPhone SE 2nd Gen. (PRODUCT)RED - 256GB (Unlocked) A2275 (CDMA + GSM),$295.00,20220220
36663,"Apple iPhone 11 64GB 6.1"" 4G LTE Locked for T-Mobile Smartphone Good",$354.99,20220220
36666,Apple iPhone XS Max 256gb Silver A1921 (Unlocked) Damaged Read Carefully ND1793,$249.32,20220220
36670,Apple iPhone 8 Plus 64GB / 256GB - Factory Unlocked Smartphone - Very Good,$244.99 to $284.99,20220220
36672,Apple iPhone 12 - 64GB - Red- For Parts Only **blacklisted** ic locked**,$180.00,20220220
36679,Apple iPhone XR 64GB 4G LTE (Factory Unlocked) T-Mobile AT&T Verizon Good,$268.99,20220220
38855,Apple MN9D2LL/A iPhone 7 (Unlocked) Smartphone 32GB - Black,$99.95,20220220
38865,iPhone 11 Pro Max - Gold - 256GB - Sprint/T-Mobile,$550.00,20220220
38869,USED - Apple iPhone 4 - 8GB - White (Verizon) A1349 (CDMA),$20.00,20220220
38883,Unlocked Apple iPhone 13 128GB Starlight White MLMM3LLA,$780.00,20220220
38891,Apple iPhone 11 Pro Max - 256GB - Space Gray (Verizon) A2161 (CDMA + GSM),$700.00,20220220
38892,Apple iPhone 8 - 64GB - Space Gray - Verizon MDM Remote Management -,$110.00,20220220
38894,Apple iPhone 12 Pro Max - 128GB - Pacific Blue (Unlocked),$880.00,20220220
41060,Apple iPhone 7 Rose Gold 256GB A1660 LTE GSM CDMA Verizon Unlocked - Good,$137.99,20220220
41061,Apple iPhone SE 2nd Gen MX9A2LL/A A2275 64gb Unlocked White ,$180.97,20220220
41073,Apple iPhone XR - 128GB - Yellow (Verizon) A1984 (CDMA + GSM),$285.00,20220220
41074,Apple iPhone XR 64GB 4G LTE T-Mobile AT&T Verizon Factory Unlocked Very Good,$279.98,20220220
41079,Apple iPhone XS Max - 256GB - Space Gray (Unlocked) A1921 (CDMA + GSM),$250.00,20220220
41081,Apple iPhone X - 256GB - Space Gray  A1865 GSM & CDMA UNLOCKED ~MRF~ VERY GOOD!,$287.99,20220220
41087,iPhone 12 Pro Max 128GB Cricket ONLY Great Condition ,$770.00,20220220
41088,Apple iPhone 8 64GB 256GB Unlocked Straight talk T-mobile AT&T Verizon GOOD,$165.00 to $205.00,20220220
41092,Apple iPhone 11 Pro - 64GB - Midnight Green (Unlocked) A2160 (CDMA + GSM),$445.00,20220220
41095,Apple iPhone XR - 64GB -Black (Unlocked) A1984 (CDMA + GSM)~SRF~ VERY GOOD!,$269.99,20220220
41098,Apple iPhone 8 Plus (PRODUCT)RED - 64GB - (Unlocked) A1864 (CDMA + GSM),$150.00,20220220
41099,Apple iPhone XR - 128GB - Yellow (Unlocked) A1984 (CDMA   GSM),$212.50,20220220
41100,Apple iPhone 7 Plus - 32GB - Silver (Unlocked) Smartphone - Clean ESN,$159.95,20220220
43188,Apple iPhone 12 Blue 64GB Factory Unlocked Original Box and Iphone Only,$494.99,20220220
43190,Apple iPhone 7 Plus 128GB Rose Gold Unlocked ,$150.00,20220220
43195,Apple iPhone 11 - 256GB - Black (Unlocked) A2111 (CDMA + GSM),$549.99,20220220
43200,Apple iPhone X - 64GB - Space Gray (Factory Unlocked) A1901 (GSM),$240.00,20220220
43204,Apple iPhone XR - 64GB - Black - Unlocked - Excellent Condition - A1984,$300.00,20220220
43213,Apple iPhone 8 Plus 64GB Unlocked Smartphone - Very Good,$254.95,20220220
43215,Apple iPhone XS Max - 256GB - Silver (Unlocked) EXCELLENT CONDITION,$182.50,20220220
45209,Apple iPhone 13 Pro - 128GB - Sierra Blue (Unlocked),$295.00,20220220
45220,Apple iPhone X - 256GB - Silver (Unlocked) A1901 (GSM),$260.00,20220220
45223,Apple iPhone 7 - Factory Unlocked - 128GB - Black - Smartphone - Good,$104.99,20220220
45233,Apple iPhone 12 Pro Max - 128GB - Pacific Blue - Excellent Condition (Unlocked),$605.00,20220220
45235,Apple iPhone 11 64GB Black Unlocked Good Condition,$344.99,20220220
45236,Apple iPhone 6S Fully Unlocked (Any Carrier)  GSM/CDMA 16GB 32GB 64GB 128GB Good,$103.95 to $113.95,20220220
45237,Apple iPhone 13 - 128GB - Midnight (Verizon),$740.00,20220220
45241,Unlocked Apple iPhone SE 2nd Gen. 2020 64GB Black - Model A2275,$230.00,20220220
45244,Apple iPhone 8+ Plus - 64GB 256GB Factory GSM Unlocked  AT&T T-Mobile Very Good,$249.95 to $284.95,20220220
49434,Apple iPhone 7 Plus - 32GB - Rose Gold - Fully Unlocked - Excellent Condition.,$220.00,20220220
49442,Apple iPhone 11 (PRODUCT)RED - 128GB (Unlocked) A2111 (CDMA + GSM) Excellent Con,$445.00,20220220
49444,Apple iPhone 5C - 8GB - Blue (Unlocked) (Read Description) AG1091,$1.25,20220220
49446,Apple iPhone 6s - 16GB - All Colors - Fully Unlocked - Very Good Condition,$79.99,20220220
49454,Apple iPhone 8 - 64GB - Space Grey (Straight Talk)(9/10 Great Condition),$130.00,20220220
49456,Apple iPhone 8-64GB-Space Gray (Verizon) (CDMA + GSM) UNLOCKED,$129.99,20220220
49457,Gray Apple iPhone 6 CDMA+GSM Unlocked 16GB model A1549                      b7j,$55.99,20220220
49459,Apple iPhone XR - 64GB - All Colors - Fully Unlocked (CDMA+GSM) - Good Condition,$287.99 to $296.99,20220220
49465,Apple iPhone 11 - 64GB - Factory Unlocked - Very Good Condition,$364.99,20220220
49467,Apple iPhone 12 White  64GB (AT&T & Cricket) A2172 (CDMA + GSM) Factory Sealed,$305.00,20220220
49471,Apple iPhone 8+ - 64GB - Gold (TMobile) (Read Description) AG1100,$2.25,20220220
51562,Apple iPhone 11 Pro - 64GB - All Colors - Unlocked - A2160 - Good Condition ,$529.99 to $549.99,20220220
51567,Apple iPhone SE 2nd Gen. (PRODUCT)RED - 64GB (Xfinity) A2275 (CDMA   GSM),$119.00,20220220
51574,Apple iPhone 11 64GB 128GB 256GB AT&T Sprint T-Mobile Unlocked Verizon Very Good,$359.99 to $499.99,20220220
51581,Apple iPhone 12 Pro A2341 256GB Silver Unlocked device Free Ship - Free extras,$2.25,20220220
51587,"Lot of Four iPhones (5, 5, 5C, SE)",$60.00,20220220
51591,Apple iPhone 7 Plus 128GB Unlocked Smartphone - Very Good,$207.95,20220220
51593,Apple iPhone 11 Pro Max 64GB Unlocked Smartphone - Very Good,$574.95,20220220
53667,Apple iPhone 12 Pro Max - 128GB - Gold (Unlocked) (44901-1),$949.99,20220220
53671,Apple iPhone 13 Pro Max - 128GB - Silver (AT&T),$649.00,20220220
53700,Apple iPhone 7 Plus - 128GB - Factory Unlocked - Good Condition ,$189.99,20220220
53702,Apple iPhone 12 mini - 128GB - Blue (Unlocked),$332.00,20220220
53707,Apple iPhone 12 - 128gb - Unlocked -Factory Warranty- Factory Sealed!,$729.00,20220220
55786,Apple  13 - 128GB - Blue (locked),$600.00,20220220
55794,Apple iPhone 6s - 16/32/64 GB - Space Gray (Unlocked)  (CDMA  & GSM) VERY GOOD ,$79.99 to $99.99,20220220
55800,Apple iPhone 7 - 32GB - Black  A1778 (UNLOCKED) USED - Good Condition,$89.00,20220220
55803,Apple iPhone XR - 64GB - Black (Sprint) A1984 (CDMA + GSM),$255.00,20220220
55808,Apple iPhone 8 Plus - 64GB - Factory Unlocked - Very Good Condition,$254.99,20220220
55823,Apple iPhone X - 256GB - Silver - Fully Unlocked 4G Smartphone A1865 Very Good,$274.99,20220220
55825,Apple iPhone 12 Pro Max Unlocked 128/256/512gb Silver/Pacific Blue/Gold/Graphite,"$1,199.99 to $1,579.99",20220220
57899,Apple iPhone 11 Pro Max 256GB Space Gray Verizon Unlocked Good Condition,$592.99,20220220
57901,Apple iPhone SE (2nd Gen.) 64GB Black Verizon Clean IMEI IOS 15.3 *READ* | C342,$119.99,20220220
57909,Apple iPhone 12 Pro 256GB Pacific Blue Unlocked Very Good Condition,$754.99,20220220
57916,Apple iPhone 6s - 32GB - Rose Gold A1688 (CDMA + GSM),$59.99,20220220
57925,Apple iPhone XS Max - 64GB - All Colors - Fully Unlocked - Good Condition,$323.99,20220220
57927,Apple iPhone 11 - 64GB - All Colors - Fully Unlocked - Very Good Condition ,$368.99,20220220
57928,"SEALED - Apple iPhone 13 mini 128GB Midnight (T-Mobile, MLHM3LL/A)",$669.98,20220220
57934,Factory Unlocked 🔥 Apple 🔥 iPhone 12 Mini 64GB 5G 🔥 Excellent Condition,$489.00,20220220
57935,Apple iPhone 7 - 32GB / 128GB / 256GB - Factory Unlocked - Smartphone - Good,$99.99 to $119.99,20220220
57938,Apple iPhone 4 - 8GB - White Locked to AT&T  A1332 (GSM),$19.99,20220220
60033,Apple iPhone 11 - 128GB - Purple (Unlocked) A2111 (CDMA + GSM),$312.00,20220220
60045,Apple iPhone 12 mini (5G) Factory Unlocked GSM+CDMA 256GB | 128GB | 64GB,$449.88,20220220
60048,Apple iPhone XR - 128GB - Black (Verizon) A1984 (CDMA + GSM),$23.50,20220220
60052,Apple iPhone XS Max 256GB Unlocked Smartphone - Very Good,$399.95,20220220
60056, Apple iPhone 6 - 16GB - Space Gray (Verizon/Unlocked) A1549 NR (A4),$39.99,20220220
62228,Apple iPhone 8 Plus - 64GB - Space Gray (Unlocked) A1897 (GSM) Used,$135.00,20220220
62230,Apple iPhone 12 Pro - 128gb - Graphite Unlocked,$699.99,20220220
62251,Apple iPhone 12 Pro Max - 256GB - Pacific Blue (Unlocked) (CA),$899.00,20220220
62254,Apple iPhone SE 2nd Gen. - 64GB - Black (Unlocked) A2275 (CDMA + GSM),$220.00,20220220
62257,Apple iPhone 12 - 64GB - Blue Unlocked) New/Sealed,$680.00,20220220
62258,Apple iPhone X - 256GB - Factory Unlocked - Good Condition,$259.95 to $269.95,20220220
62265,Apple iPhone 6S 64GB Unlocked Smartphone - Very Good,$92.95,20220220
64535,Apple iPhone 8 - 128GB - Space Gray (Unlocked) A1863 (CDMA   GSM),$85.00,20220220
64553,Apple iPhone XR - 128GB - All Colors - Fully Unlocked - Very Good Condition ,$287.99 to $305.99,20220220
64561,Apple iPhone 11 Pro Verizon AT&T T-Mobile GSM Factory Unlocked Phone - Very Good,$449.95 to $539.95,20220220
64562,Apple iPhone 6s Plus - 128GB - Space Gray (Verizon),$125.00,20220220
64565,Apple iPhone 7 - 128GB - Black (Unlocked) A1660 (CDMA + GSM) NICE!!,$99.00,20220220
64567,iphone 12 64gb verizon,$50.00,20220220
64572,Apple iPhone 11 Pro Max - 64GB - Midnight Green (Unlocked) A2161 (CDMA + GSM),$615.00,20220220
66837,NEW. Sealed iPhone SE 2020 (2nd generation) 64GB - (Cricket Wireless) White,$189.00,20220220
66867,Apple iPhone X - 256 GB - All Colors - Fully Unlocked - Very Good Condition ,$314.99 to $319.49,20220220
66870,Apple iPhone 12 64GB  |  SPECTRUM LOCKED | Very Good,$549.99,20220220
66871,Apple iPhone 6 - 64GB - Unlocked - Very Nice Condition 90 DAY WARRANTY,$0.99,20220220
69041,Apple iPhone XS - 64GB - All Colors - Unlocked (CDMA+GSM) - Very Good Condition ,$296.99,20220220
69054,Apple iPhone SE 2nd Gen (2020 Model) - 64GB Black (Unlocked) New in The Box,$599.99,20220220
69059,Apple iPhone 12 Pro Max 128GB (Unlocked),$749.99,20220220
69061,Apple iPhone 11 - 128GB - Black (AT&T) A2111 (CDMA + GSM),$89.00,20220220
69063,iphone 12 Pro Max 256gb Graphite W/Applecare,$925.00,20220220
69066,Apple iPhone XR 128GB - All Colors - Fully Unlocked (CDMA+GSM) - Good Condition,$269.99 to $278.99,20220220
69073,Apple iPhone 13 - 128GB - Blue (AT&T),$629.99,20220220
69074,Apple iPhone XR - 64GB - Black (Verizon) A1984 (CDMA + GSM),$200.00,20220220
69077,Apple iPhone 11 - 64GB - Factory Unlocked - Good Condition,$364.99,20220220
69079,Apple iPhone 13 Pro MAX 5G 256GB Sierra Unlocked CLEAN ESN APPLE WARRANTY A2484,"$1,239.99",20220220
69080,Apple iPhone XR - 64GB - Black (Unlocked) A1984 (CDMA + GSM),$160.50,20220220
71154,Apple iPhone 11 Purple 64 GB *100% UNLOCK ELIGIBLE* BRAND NEW IN BOX,$450.00,20220220
71161,Apple iPhone 13 - 512GB - Blue (Verizon) - Factory Sealed,$899.00,20220220
71174,100% BH - Apple iPhone 12 Pro A2341 - 128GB Gold (Unlocked) Excellent Condition ,$750.00,20220220
71188,Apple iPhone 12 - 64GB / 128GB (UNLOCKED)  ✅APPLE WARRANTY ✅ ⚫⚪🔴🔵 ✤NEW SEALED✤,$718.95 to $798.95,20220220
71198,Apple iPhone 12 Pro Max- 128GB- Gold (Unlocked),$825.00,20220220
73188,Apple iPhone X - 64GB - Space Gray- Fully Unlocked 4G Smartphone A1865 Very Good,$259.99,20220220
73194,Apple iPhone SE - 64GB - Factory Unlocked - Good Condition,$69.99,20220220
73207,Apple iPhone 7 Red 128GB A1660 LTE GSM CDMA Verizon Unlocked - Very Good,$132.99,20220220
73209,Apple iPhone 8 Plus - 64GB - All Colors - Fully Unlocked - Good Condition,$269.99 to $278.99,20220220
73218,Apple iPhone 11 Pro Max - 64GB - Midnight Green (Unlocked) A2161 (CDMA + GSM),$102.50,20220220
73219,Apple iPhone 11 - 128GB - Factory Unlocked - Good Condition,$389.99,20220220
73222,Apple iPhone X 64GB 256GB GSM Factory Unlocked  Cell Phone Grey Silver Very Good,$249.95 to $279.95,20220220
75125,Apple iPhone XR (PRODUCT)RED - 128GB - (Unlocked) A1984 (CDMA + GSM),$273.19,20220220
75129,Apple iPhone 6 Plus 16GB 64GB 128GB Factory Unlocked AT&T T-mobile Verizon Good,$107.95 to $143.99,20220220
75131,Apple iPhone 12 mini A2176 256GB Green! Unlocked phone! Excellent condition!,$519.75,20220220
75148,Apple iPhone 6s - 128GB - Silver (Unlocked) A1633 (CDMA + GSM),$85.00,20220220
75157,Apple iPhone XS Max - 64GB - Space Gray - Fully Unlocked,$350.00,20220220
75159,Apple iPhone X 256GB Unlocked Smartphone - Very Good,$299.95,20220220
77335,Apple iPhone 12 Pro 128GB Pacific Blue Unlocked Very Good Condition,$719.99,20220220
79186,Apple iPhone 12 - 128GB - All Colors - Unlocked Smartphone - Very Good Condition,$749.99 to $759.99,20220220
79216,Apple iPhone 8 Plus Smartphone 64GB CDMA & GSM Unlocked - Good,$239.98,20220220
81202,Apple iPhone 13 Pro Max - 512GB - Sierra Blue (AT&T) LOCKED,$450.00,20220220
81203,Apple iPhone 12 mini (5G) Factory Unlocked GSM+CDMA 256GB 128GB |64GB Excellent,$439.88 to $449.88,20220220
81206,Apple iPhone 13 Pro Max - 128GB - Graphite (AT&T),$900.00,20220220
81210,IPhone SE 2020 128GB Red with all original accessories and box,$50.00,20220220
81211,Apple iPhone 11 64GB 128GB 256GB AT&T Sprint T-Mobile Unlocked Verizon Good,$337.99 to $434.99,20220220
81221,Apple iPhone XR 64GB Factory Unlocked Smartphone 4G LTE iOS Smartphone -,$279.99,20220220
81226,Apple iPhone 12 Pro 128/256/512GB AT&T Sprint TMobile Unlocked Verizon Very Good,$649.99 to $789.99,20220220
81231,Apple iPhone 11 Pro Max - 64GB - Midnight Green A2161 (CDMA + GSM),$519.00,20220220
81242,Apple iPhone 8 Plus 64GB Fully Unlocked Verizon T-Mobile AT&T Good Condition,$209.99 to $239.99,20220220
81243,Apple iPhone XS Max - 512GB - FACTORY UNLOCKED -  A1921 - Space Gray - Good,$387.99,20220220
83315,Apple iPhone X - 64GB - Space Gray- T-Mobile 4G Smartphone A1865 Very Good,$259.99,20220220
83318,Apple iPhone 11 Pro Max - 64GB - Space Gray (Unlocked) A2161 (CDMA + GSM),$550.00,20220220
83319,Apple iPhone XR - 64GB - Blue (AT&T) A1984 (CDMA + GSM),$200.00,20220220
83340,Apple iPhone X  256GB  A1865  (Unlocked),$204.50,20220220
83346,Apple iPhone 11 - 64 / 128 / 256 - Factory Unlocked - Smartphone - Very Good,$374.99 to $444.99,20220220
83347,Apple iPhone XR - 64GB - Black IC LOCKED FOR PARTS,$130.00,20220220
83350,Apple iPhone 11 Pro - 64GB - All Colors (Unlocked) A2160 - Very Good Condition ,$467.99 to $494.99,20220220
83351,Apple iPhone 8 64GB / 256GB Factory Unlocked Smartphone - Very Good,$159.99 to $189.99,20220220
83352,"Brand new apple Iphone 12 pro max 512gb unlocked VERIZON ""PACIFIC BLUE""",$980.00,20220220
83353,Apple iPhone 7 - 128GB - Black - Unlocked - Smartphone - Very Good,$119.99,20220220
83354,Apple iPhone 13 Pro Max - 256GB - Sierra Blue (Unlocked),"$1,373.07",20220220
83355,Apple iPhone 11 - 64GB - Black (AT&T) A2111,$330.00,20220220
83359,Apple iPhone XS Max 256gb Gold A1921 (Unlocked) Reduced Price NW2850,$314.95,20220220
85432,Apple iPhone 7 Plus - 32GB - Black (Unlocked) A1661 (CDMA + GSM),$30.00,20220220
85434,Apple iPhone 12 Pro 128GB Gold T-Mobile Good Condition,$626.99,20220220
85435,Apple iPhone SE 2nd Gen. - 64GB - Black (Boost Mobile) A2275 (CDMA + GSM),$160.00,20220220
85451,IPHONE SE 2ND GEN 2020 WHITE UNLOCKED Any Carrier 64GB Great Condition,$50.00,20220220
85458,Apple iPhone X - 64GB - Space Gray (AT&T) A1901 (GSM),$190.00,20220220
85462,Apple iPhone X - 256GB - Space Gray (Unlocked) A1865 (CDMA + GSM),$289.99,20220220
85466,Apple iPhone 12 Pro Max 128GB  Pacific Blue (Blacklisted ) IC LOCKED FOR PARTS,$190.00,20220220
85468,Apple iPhone 7 Plus - 128GB - Factory Unlocked - Very Good Condition ,$209.99,20220220
85473,Apple iPhone 7 Plus - 128GB - Silver (Unlocked) A1661 (CDMA + GSM) PLEASE READ,$77.00,20220220
85475,"New Sealed Apple iPhone SE (2nd Gen, 2020) 64GB (Factory Unlocked) All Colors",$351.99,20220220
85476,Apple iPhone 8 Plus 64GB 256GB Factory Unlocked Smartphone A1864 Brand New US,$359.99 to $435.99,20220220
87639,Apple iPhone 13 Pro Max 256GB -Blue A2483 (T-Mobile)  WARRANTY,"$1,100.00",20220220
87643,Gold Apple iPhone SE (1st Gen) CDMA+GSM Unlocked 16GB model A1662            m8r,$58.88,20220220
87651,Gray Apple iPhone SE (1st Gen) CDMA+GSM Unlocked 64GB model A1662            m7r,$65.99,20220220
87667,Apple iPhone 11 Pro Max 64GB Midnight Green Unlocked Good Condition,$515.00,20220220
87676,Apple iPhone 11 - 64GB - Black (Unlocked) READ DESCRIPTION,$320.00,20220220
87678,Apple iPhone 7 - 32GB - All Colors - Unlocked - Very Good Condition ,$124.99 to $149.99,20220220
87684,Apple iphone 8 black unlocked,$100.00,20220220
89864,APPLE IPHONE 8 PLUS/64GB/TMOBILE/SILVER/FAIR CONDITION + FREE SHIP,$180.90,20220220
89876,Apple iPhone XR 64GB Factory Unlocked - Smartphone AT&T Verizon - Very Good,$259.99,20220220
89883,"Apple iPhone SE (2020) 64GB (Unlocked) 4.7"" Black",$219.99,20220220
89888,Apple iPhone X - 256GB - GSM Unlocked - Very Good Condition,$264.95,20220220
89889,Apple iPhone XR - 64GB - Coral Sprint  (Unlocked) W/Original Box. Excellent Cond,$300.00,20220220
89890,Apple iPhone 11 Verizon AT&T T-Mobile GSM Factory Unlocked  Cell Phone Very Good,$349.95 to $409.95,20220220
89895,"Apple iPhone SE (2020) 64GB (Unlocked) 4.7"" Black A2275",$189.99,20220220
