,Product,Price,Date
0,Apple iPhone 8 64GB GSM Factory Unlocked GRAY & SILVER (GOOD CONDITION),$179.99,20220112
1,Apple iPhone 8 64GB 256GB Unlocked Straight talk T-mobile AT&T Verizon Metro (N),$209.00 to $269.00,20220112
2,Apple iPhone 11 Pro - 256GB - All Colors (Unlocked) A2160 - Good Condition ,$548.99,20220112
3,Apple iPhone XR Black 128GB A1984 LTE GSM CDMA Verizon Unlocked - Very Good,$336.99,20220112
4,Apple iPhone XR 64GB Factory Unlocked Smartphone 4G LTE iOS Smartphone - Very,$309.99,20220112
5,Apple iphone 7/7 plus 32GB/128GB Black Gold Unlocked Verizon Tmobile Smartphone,$93.00 to $247.00,20220112
6,Apple iPhone 11 64GB Factory Unlocked 4G LTE Smartphone - Good,$399.99,20220112
7,Apple iPhone 12 Mini 5G 64GB Factory Unlocked TMobile Metro Ultra Mint EXCELLENT,$439.00 to $459.00,20220112
8,Apple iPhone 12 Pro Max - 256GB - Pacific Blue (Unlocked),$574.00,20220112
9,Apple iPhone X - 64GB - Space Gray  A1865 GSM & CDMA UNLOCKED ~MRF~ VERY GOOD!,$274.95,20220112
10,Apple iPhone 8 64GB Factory Unlocked Phone - Very Good,$179.95,20220112
11,Apple iPhone X 64GB Factory Unlocked Phone - Very Good,$307.95,20220112
12,Apple iPhone 8 64GB 256GB Verizon T-Mobile AT&T Unlocked Good Condition,$149.99 to $179.99,20220112
13,"Apple iPhone 7+ Plus - 32GB 128GB GSM ""Unlocked""  ""ALL COLORS"" (GOOD CONDITION)",$188.00 to $208.00,20220112
14,Apple iPhone 11 Pro - 256GB - All Colors (Unlocked) A2160 - Very Good Condition ,$575.99 to $593.99,20220112
15,Apple iPhone 8 Plus - 64GB - Factory Unlocked - Good Condition,$249.00,20220112
16,🔥Apple iPhone SE [1st Gen] 32 / 64 / 128GB Unlocked Smartphone - NEW SEALED🔥,$153.99 to $209.99,20220112
17,Apple iPhone SE 32GB Space Gray Locked Straight Talk & Tracfone A1662 CDMA + GSM,$78.00,20220112
18,Apple iPhone 11 Pro Max A2161 ATT TMob Sprint Verizon Factory Unlocked Very Good,$659.00 to $759.00,20220112
19,Apple iPhone 7 32GB 128GB 256GB Factory Unlocked Excellent Condition,$119.99,20220112
20,Apple iPhone 11 64GB Unlocked Smartphone - Very Good,$417.95,20220112
21,Apple iPhone 8 Plus 64GB Factory Unlocked Smartphone - Good,$234.99,20220112
22,Apple iPhone XR 64GB Factory Unlocked Smartphone 4G LTE iOS Smartphone - Good,$299.99,20220112
23,Apple iPhone XR 128GB Factory Unlocked 4G LTE Smartphone - Good,$314.99,20220112
24,Apple iPhone 8 - 64GB - Gold (Unlocked) A1863 (CDMA + GSM),$149.00,20220112
25,Apple iPhone 11 Pro Max 64GB 256GB 512GB Verizon T-Mobile Good Condition,$549.99 to $679.99,20220112
26,Apple iPhone XS Max - 64GB - Gold (Unlocked) A1921 (CDMA + GSM),$343.00,20220112
27,"Apple iPhone 7 32GB- Gold,Black,Silver Verizon at&t Unlocked Tmobile Smartphone ",$90.00 to $141.00,20220112
28,Apple iPhone 11 - 128GB - All Colors - Fully Unlocked - Very Good Condition ,$476.99 to $485.99,20220112
29,Apple iPhone 11 128GB Factory Unlocked 4G LTE Smartphone - Very Good,$459.99,20220112
30,Apple iPhone 11 - 64GB - Black (Verizon),$399.00,20220112
31,Unlocked Verizon Apple iPhone 8 A1863 Gray 64GB iOS Smartphone Please Read,$149.99,20220112
32,iPhone 11 Pro Max 256GBUnlocked,$517.00,20220112
33,Apple iPhone XS 64GB Factory Unlocked 4G LTE iOS Smartphone - Very Good,$309.99,20220112
34,Apple iPhone 11 Pro Max 64GB Factory Unlocked 4G LTE Smartphone - Very Good,$599.99,20220112
35,Apple iPhone 7 Plus 128GB Factory Unlocked 4G LTE iOS WiFi Smartphone - Good,$197.95,20220112
36,Apple iPhone 8 64GB 256GB GSM Factory Unlocked Verizon AT&T T-Mobile Very Good,$213.00,20220112
37,Apple iPhone SE 2020 - 64GB - Factory Unlocked - Very Good Condition,$249.99,20220112
38,Apple iPhone 8 Plus - 64GB - Space Gray (Unlocked) A1897 (GSM),$125.00,20220112
39,Apple iPhone XS Max - 64gb - Space Gray Unlocked - Great Condition -SHIPS NOW!!!,$399.00,20220112
40,Apple iPhone XR 128GB Factory Unlocked 4G LTE Smartphone - Excellent,$339.99,20220112
41,Apple iPhone 12 Pro Max - 256GB - Silver (Unlocked)  2 CASES INCLUDED,$995.00,20220112
42,Apple iPhone 8 64GB 128GB 256GB Factory Unlocked Excellent Condition,$179.99,20220112
43,Apple iPhone SE 1 Gen 16/32/64/128GB - Fully Unlocked - Sealed in Original Box,$121.99 to $221.99,20220112
44,Apple iPhone 11 Pro Max - 256GB - Silver (AT&T) A2161 (CDMA + GSM),$360.00,20220112
2031,Apple iPhone XR Black 128GB LTE GSM CDMA UMTS,$259.99,20220112
2041,Apple iPhone 11 Pro Max - 256GB - All Colors (Unlocked) - Very Good Condition ,$683.99 to $701.99,20220112
2047,Apple iPhone 12 -64GB- Black (Boost),$500.00,20220112
2048,Open Box - Apple iPhone 12 - 64GB - Blue ( Factory Unlocked ) A2172 GSM & CDMA,$669.69,20220112
2049,Apple iPhone 11 Pro Max - 256GB - Midnight Green (Unlocked) A2161 (CDMA + GSM),$192.50,20220112
2051,Apple iPhone 8 64GB 256GB - Fully Unlocked - New Unused & Sealed in Orginal Box ,$289.99 to $349.99,20220112
2052,Apple iPhone XR - 64GB - All Colors - Fully Unlocked - Very Good Condition ,$350.99 to $359.99,20220112
2059,Apple iPhone XS Max - 64GB - All Colors - Fully Unlocked - Very Good Condition,$377.99,20220112
2060,Apple iPhone 12 Mini Factory Unlocked 64GB 256GB - Very Good Condition,$479.95 to $539.95,20220112
2062,Apple iPhone 8 - 64GB - All Colors - Unlocked - Very Good Condition ,$215.99,20220112
2063,Apple iPhone X 64GB Factory Unlocked AT&T T-Mobile Verizon - Very Good,$279.99,20220112
2064,Apple iPhone 7 Plus - Jet Black A1784 See Description,$3.25,20220112
2065,Apple iPhone 12 Pro A2341 128GB Blue! Clean ESN! Factory Unlocked phone!,$808.74,20220112
2066,"Apple iPhone 7+ Plus 32GB 128GB 256GB GSM ""Factory Unlocked Phone Good Condition",$184.95 to $219.95,20220112
2067,"Apple iPhone 7 32GB 128GB 256GB GSM ""Factory Unlocked"" All Colors Good Condition",$129.95,20220112
2068,Apple iPhone 11 64GB 128GB 256GB Verizon T-Mobile AT&T Good Condition,$369.99 to $519.99,20220112
2069,Apple iPhone 3GS (AT&T) 8GB Black In Box 1st Appearance - GSM 3G - Model A1303,$35.99,20220112
4058,Apple iPhone 11 Pro - 256GB - Gold (Unlocked) A2160 (CDMA + GSM),$450.00,20220112
4069,APPLE IPHONE SE 1st generation 64GB FACTORY UNLOCKED Space Gray,$85.00,20220112
4074,Apple iPhone XR 128GB Factory Unlocked 4G LTE Smartphone - Very Good,$324.99,20220112
4075,Apple iPhone XR 64GB Factory Unlocked Smartphone - Very Good,$309.95,20220112
4076,Apple iPhone 7 - 32GB - Black (TracFone/Total Wireless) A1660 (CDMA + GSM),$79.00,20220112
4080,Apple iPhone 11 (PRODUCT)RED - 128GB (Unlocked) A2111 (CDMA + GSM),$399.00,20220112
4081,Apple iPhone XR 128GB Fully Unlocked (GSM+CDMA) Coral NO FACE ID,$310.00,20220112
4082,Apple iPhone SE (1st Generation) (2016) - 64GB - Space Gray A1662 Used,$56.00,20220112
4085,Open Box Apple iPhone 12 Pro Max - 128GB - Pacific Blue (Unlocked) 😃,"$1,069.42",20220112
4086,SEALED Apple iPhone 6 Plus 16GB Gold (Unlocked) A1522 (GSM) MGC12LL/A - NEW,$164.97,20220112
4089,Apple iPhone 7 (PRODUCT) RED - 128GB - AT&T UNLOCKED ,$175.00,20220112
4090,Apple iPhone 12 Pro Max - 512GB - Gold (Unlocked),$850.00,20220112
4091,Apple iPhone 5c - 8GB - Pink (AT&T) A1532,$29.99,20220112
4094,Apple iPhone 7 Plus - Unlocked - 32GB - Black - Smartphone - Very Good,$189.99,20220112
4095,Apple iPhone XR - 64GB - White (Unlocked) Used,$300.00,20220112
6168,Apple iPhone 11 128 GB Black Black   ,$450.00,20220112
6171,Apple iPhone 8 - 64GB - Space Gray (AT&T) A1905 (GSM),$69.00,20220112
6173,Apple iPhone X 256GB Unlocked Smartphone - Excellent condition,$188.00,20220112
6175,Apple iPhone 11 - 64GB White Unlocked Verizon    Excellent Condition,$415.00,20220112
6176,Apple Iphone 13 128GB unlocked,$764.00,20220112
6178,Apple iPhone 8 64GB Unlocked Smartphone - (A1863),$50.00,20220112
6186,Apple iPhone XR 64GB Black Verizon Unlocked Very Good Condition,$299.99,20220112
6188,IPHONE XR (AT&T) Read,$200.00,20220112
6191,Apple iPhone 6s - 128GB - Gold (Unlocked) A1633 (CDMA + GSM),$50.00,20220112
6194,"Apple iPhone 11 Pro Max 256GB GOLD T-MOBILE, METRO PCS, SIMPLE MOBILE",$689.00,20220112
6198,"Apple iPhone 12, Red, 64GB, T-Mobile, A2172 *Blacklisted *Read Descrip.",$469.99,20220112
6201,Apple iPhone 12 mini 128GB Unlocked  Excellent Condition,$549.00,20220112
6202,Apple iPhone XR 64GB Factory Unlocked Smartphone 4G LTE iOS - Very Good ,$299.99,20220112
6206,Apple iPhone XR - 64GB - Black (Unlocked) A1984 (CDMA + GSM) Smartphone (R73),$0.01,20220112
6207,Apple iPhone 8 Plus - 64GB - Space Gray (Unlocked) A1897 (GSM) Smartphone (AK46),$0.01,20220112
6210,Apple iPhone 7 - 128GB - Black (Unlocked) A1778 (GSM),$63.00,20220112
6212,Apple iPhone XS 256GB Factory Unlocked 4G LTE iOS Smartphone - Very Good,$329.99,20220112
8380,Apple iPhone 8 64GB 256GB Unlocked Straight talk T-mobile AT&T Verizon EXCELLENT,$199.00 to $259.00,20220112
8382,Apple iPhone 11 Pro Max 256 gb silver,$0.99,20220112
8383,Apple iPhone 11 Pro 64GB Gold Verizon Unlocked Please Read,$300.00,20220112
8385,"iPhone 7 Plus (128 GB, Rose Gold, GSM Unlocked)",$179.00,20220112
8387,Apple iPhone XS Max - 512GB - Gold (Unlocked) A1921 (CDMA + GSM),$497.00,20220112
8389,Apple iPhone 11 - 128GB - All Colors - Fully Unlocked (CDMA+GSM)- Good Condition,$449.99 to $476.99,20220112
8392,Apple iPhone 13 Pro Max - 256GB - Graphite (Unlocked),$650.00,20220112
8394,"Apple iPhone 11 (64GB, Black, Unlocked)",$399.00,20220112
8397,Apple iPhone 12 Pro 128GB Ocean Blue Smartphone,$424.00,20220112
8398,Apple iPhone 12 Pro - 128GB - Graphite - UNLOCKED + WARRANTY,$814.97,20220112
8400,iphone x unlocked,$270.00,20220112
8404,Apple iPhone 12 - 64GB - Green (SPECTRUM),$490.00,20220112
8405,Apple iPhone XR - 64GB - Coral (Cricket) A1984 (CDMA + GSM)-EXCELLENT-NO FACE ID,$99.99,20220112
8406,Apple iPhone 11 - 128GB - Black (Unlocked) A2111 (CDMA + GSM),$414.00,20220112
8409,Apple iPhone 13 - 256GB - Blue (Unlocked),$250.00,20220112
8411,Apple iPhone 11 64GB - Black - A2111 - T-Mobile *OPEN BOX *READ Description,$379.99,20220112
8414,Apple - iPhone 13 mini 5G 256GB - Blue (T-Mobile Locked),$699.00,20220112
8416,Apple iPhone 6 - 16GB - Space Gray (AT&T) A1549 (GSM),$50.00,20220112
8417,Apple iPhone 8 - 64GB 256GB GSM Factory Unlocked  AT&T T-Mobile Very Good,$179.95 to $189.95,20220112
8418,Apple iPhone 13 mini - 128GB - Blue (Unlocked) - Only used 2 months!,$689.95,20220112
8419,Apple iPhone 12 Pro Max - Excellent Condition - 128GB - Silver (AT&T),$899.00,20220112
10687,APPLE IPHONE 7 *ALL COLORS* FACTORY UNLOCKED 32GB (VERY GOOD CONDITION),$105.00,20220112
10690,Apple iPhone 12 Pro - 128GB - Graphite (Unlocked),$700.00,20220112
10691,Apple iPhone 13 Pro Max - 256GB - Graphite (Verizon),"$1,050.00",20220112
10692,Apple iPhone 11 Pro Max A2161 ATT T-Mobile Verizon Factory Unlocked - VERY GOOD,$659.00 to $689.00,20220112
10694,Apple iPhone 6s Factory Unlocked Verizon AT&T T-Mobile Smartphone GSM 4G LTE,$119.99 to $134.99,20220112
10696,Apple iPhone SE 2nd Gen. - 64GB - Black (Unlocked),$219.99,20220112
10697,Apple iPhone XS 256GB - All Colors - Fully Unlocked (CDMA+GSM) - Good Condition,$341.99,20220112
10698,Apple iPhone 12 - 128GB - Pacific Blue (T-Mobile),$550.00,20220112
10700,Apple iPhone XR 128GB Black Unlocked No Reserve Free Shipping Great Condition,$200.00,20220112
10707,Apple iPhone 11 - 256GB - All Colors - Fully Unlocked - Very Good Condition ,$485.99 to $512.99,20220112
10710,Apple iPhone XS - 64GB - Space Gray (Unlocked) With Original Box and Contents!,$39.95,20220112
10714,New Apple iPhone 13 - 128GB - Red (Factory Unlocked),$899.00,20220112
10716,Apple iPhone 8 - 64GB - Factory Unlocked - Very Good Condition,$178.99,20220112
10717,Apple iPhone X 64GB/256GB Gray Silver Unlocked Verizon at&t Tmobile Smartphone ,$241.00 to $366.00,20220112
10718,Apple iPhone 11 - 64GB - Purple (Unlocked) A2111 (CDMA + GSM),$450.00,20220112
10724,Apple iPhone 12 - 64GB - Green (Unlocked) INCLUDES ORIGINAL PACKAGING WARRANTY,$0.01,20220112
10725,Apple iPhone 11 64GB PRODUCT(Red) - (T-Mobile) MWJG2LL/A iOS Smartphone,$32.00,20220112
12892,Apple iPhone 12 Pro - 256GB - Graphite (Unlocked) Very Good Slightly Used,$519.00,20220112
12896,Apple iPhone X 64GB GSM Factory Unlocked A1901 Smartphone 4G LTE iOS - Very Good,$289.95,20220112
12898,Apple iPhone 11 - 64GB - Green (Sprint) A2111 (CDMA + GSM),$250.00,20220112
12899,Apple iPhone 12 Mini A2176  64GB CDMA+GSM (Xfinity) Black,$369.00,20220112
12900,Apple iPhone XR - 64GB IC LOCKED (BLACK) Parts Only ,$88.95,20220112
12903,Apple iPhone 7 - 32GB - Factory Unlocked - Good Condition,$99.99,20220112
12907,IMPERFECT - Apple iPhone 6 - 64GB - Space Gray (Unlocked) A1549 (GSM)SOFT HB,$45.99,20220112
12915,Apple iPhone 8 Plus - 64GB - Rose Gold (Verizon) A1864 (CDMA + GSM),$245.00,20220112
12919,Apple iPhone X - 64GB - All Colors - Fully Unlocked (CDMA+GSM) - Good Condition,$305.99,20220112
12924,Apple iPhone 13 - 128GB - Pink (Unlocked),$825.00,20220112
12925,Apple iPhone XS - 256GB - Space Gray (AT&T) ,$164.00,20220112
12927,Apple iPhone 12 Pro A2341 - 128GB - All Colors (Unlocked) - Very Good Condition ,$818.99,20220112
12930,Apple iPhone X 256GB Silver White Unlocked Very Good Condition (lcd Defective ),$200.00,20220112
12931,Apple iPhone 11 Pro Max - 256GB - Space Gray (Unlocked) - Free 2-Day Shipping,$675.00,20220112
12932,Apple iPhone SE 2020 2nd Gen Unlocked  A2275 Black White Red 64GB 128GB 256GB,$279.00 to $369.00,20220112
12933,Apple iPhone 11 Pro Max - 256GB - Gold (AT&T) A2161 (CDMA + GSM),$78.00,20220112
12934,Apple iPhone 8 Plus 64GB 128GB 256GB Factory Unlocked Excellent Condition,$259.99,20220112
12935,White Apple iPhone 4 8GB CDMA 3G Model A1349 *Read Description*              t5u,$12.99,20220112
15196,Iphone 6 64gb T-Mobile,$100.00,20220112
15201,APPLE IPHONE 6 128GB GRAY - A1549 - FACTORY UNLOCKED - WORKS GREAT - LOOK'S GOOD,$2.00,20220112
15204,Apple iPhone 12 mini - 256GB - Green (Unlocked) New Sealed,$549.99,20220112
15210,Apple iPhone 7 Plus - 128GB - Rose Gold Unlocked With Original Box - Mint,$99.00,20220112
15211,Apple iPhone 11 Pro - 64GB - Space Gray (Unlocked) A2160 (CDMA + GSM),$500.00,20220112
15216,"iPhone 7 Plus (A1661) Black, 32 GB Unlocked (AT&T, T-Mobile)",$99.00,20220112
15222,Apple iPhone 7 - 32GB - All Colors - Unlocked - Good Condition ,$139.99 to $174.99,20220112
15225,Apple iPhone 8 Plus 64GB Gold Unlocked Very Good Condition,$240.00,20220112
15234,Apple iPhone 11 Pro - 64GB - Space Gray (Unlocked) A2160 - Excellent Condition ,$100.00,20220112
15236,Excellent Condition Apple iPhone 5s Unlocked 16GB Model Verizon At&t Tmobile,$49.99,20220112
15237,Apple iPhone 8 Plus 256GB Unlocked Smartphone - Very Good,$289.95,20220112
15239,UNLOCKED EXCELLENT Apple iPhone 4S 16GB Verizon A&t T-Mobile MetroPCS TracFone,$34.49,20220112
17498,"Apple iPhone 6s Plus, Fully Unlocked | 32 GB, Gray, 5.5 in | A1687 | Good",$118.02,20220112
17503,Apple iPhone 8 Plus 64GB Factory Unlocked Smartphone - Very Good,$249.99,20220112
17504,Apple iPhone 7 - 32GB - Black (Verizon) A1660 (CDMA + GSM),$85.00,20220112
17505,APPLE IPHONE 6S PLUS - 32GB - A1634 - GRAY - TRACFONE - CLEAN IMEI - LOOKS GOOD,$0.99,20220112
17516,Apple iPhone 6s - 16GB - Space Gray (Unlocked) A1633 (CDMA   GSM),$69.99,20220112
17520,Apple iPhone 8 - 64GB - Space Gray A1905 GSM UNLOCKED ~MRF~ VERY GOOD!,$169.99,20220112
17522,Apple iPhone SE 2nd Gen 64GB - Black - Unlocked - A2275 *NEAR MINT *READ Dscrptn,$249.99,20220112
17523,Apple iPhone X - 64GB - Silver  A1865 GSM & CDMA UNLOCKED ~MRF~ VERY GOOD!,$269.99,20220112
17525,Apple iPhone SE 2nd Gen 2020 128GB Black (Unlocked) Only Wireless Charges,$249.99,20220112
17526,NEW Apple iPhone 8 - 64GB (GSM + CDMA Unlocked) Factory Unlocked Any Carrier,$199.95,20220112
17529,Apple iPhone 11 Pro - 256GB - Midnight Green (Unlocked) A2160 (CDMA + GSM),$625.00,20220112
17531,AT&T unlocked Apple iPhone 8 Plus MQ8T2LL/A 64GB 5.5 in (Space Gray),$73.00,20220112
17532,Apple iPhone 12 Pro - 128GB - Pacific Blue (Unlocked),$750.00,20220112
17534,Apple iPhone X - 256GB - Factory Unlocked - Very Good Condition,$304.99,20220112
17536,Apple iPhone 12 Pro A2341 512GB Gold! Free Fast Delivery! Clean ESN! Unlocked!,$850.75,20220112
17538,iphone 12 pro max 128gb,$700.00,20220112
17539,Apple iPhone SE 2020 GEN 2 Black 64GB Carrier locked to METROPCS ONLY,$160.00,20220112
17540,Apple iPhone 7 Plus - 32GB - Gold (Unlocked) A1661,$159.00,20220112
17541,Apple iPhone 7 Plus Additional I Phone 5 2 For 1. As is. Verizon See details.,$45.00,20220112
19613,Apple iPhone 5 - 16gb - Silver - *GOOD CONDITION/ORIGINAL BOX* (GSM + CDMA) Read,$52.99,20220112
19619,Unlocked Apple iPhone 6s 32GB Space Gray A1633,$0.99,20220112
19622,Apple iPhone 8 - 64GB - Silver (Verizon) A1863 (CDMA + GSM),$150.00,20220112
19623,Apple iPhone 7 (Unlocked) 32GB Black MN8G2LL/A,$1.00,20220112
19627,Apple iPhone 5 16gb - Black - *GOOD CONDITION/ORIGINAL BOX*  *CHRISTMAS SPECIAL*,$46.99,20220112
19633,"iphone 8. plus 64 GB, WHITE COLOR, UNLOCKED",$189.99,20220112
19636,Apple iPhone 7 - 32GB - Black A1660 (CDMA + GSM)  - Extras,$66.00,20220112
19638,Apple iPhone 5 16GB Black (Verizon) A1429 GSM  Used.Fair Condition,$20.00,20220112
19644,Apple iPhone 3Gs (AT&T) Smartphone 8GB Black - GSM 3G - Model A1303,$17.99,20220112
19645,Apple iPhone X - 64GB - Space Gray  A1901 GSM UNLOCKED ~MRF~ VERY GOOD!,$273.99,20220112
19646,Apple iPhone SE 2020 - 64GB - Black (Unlocked) A2275 Excellent Condition,$255.00,20220112
19648,Apple iPhone SE 2nd Gen 64GB 128GB 256GB Fully Unlocked Good Condition,$239.99 to $329.99,20220112
19650,Apple iPhone 5C - 16gb - White - *GREAT CONDITION* - GSM (AT&T),$42.99,20220112
19651,Apple iPhone 8 - 64GB - Fully Unlocked (CDMA+GSM) - Very Good Condition,$164.99,20220112
19653,Apple iPhone 8 - 64GB - Silver (Unlocked) A1905 (GSM),$94.00,20220112
19655,Apple iPhone 12 Pro Max - 512GB - Pacific Blue (Unlocked),$899.00,20220112
19656,Apple iPhone 7 - 128GB - Black (Verizon) A1660 (CDMA + GSM),$69.00,20220112
19657,Apple iPhone XR (PRODUCT)RED 64GB Unlocked,$255.00,20220112
21736, Apple iPhone SE 2nd Gen. - 64GB - Black (Unlocked) A2275,$199.00,20220112
21737,Apple iPhone 11 64GB Purple AT&T Very Good Condition,$211.00,20220112
21739,"APPLE IPHONE 7, 32GB, BLACK AT&T UNLOCKED ",$109.99,20220112
21744,Lot of (5) Apple iPhones XR - 64GB -Black (Verizon) (CDMA + GSM),$600.00,20220112
21747,Apple iPhone 7 Plus 32GB Unlocked Smartphone - Very Good,$179.95,20220112
21749,Apple iPhone 13 mini - 128GB - Midnight (Unlocked) With Apple Accessories MINT!,$679.00,20220112
21751,Apple iPhone 12 Mini Factory Unlocked 64GB Smartphone 5G - Fair Condition,$409.95,20220112
21753,Apple iPhone 7 32GB Matte Black Verizon Unlocked Good Condition,$119.99,20220112
21754,Apple iPhone XR - 64GB - white (Unlocked) ,$288.00,20220112
21755,Apple iPhone XR - 64GB - White (AT&T) *READ Description* !OFFERS OPEN!,$191.69,20220112
21762,"Apple iPhone SE 1st Gen 32GB, Space Gray, Unlocked, Used ",$85.00,20220112
21763,Apple iPhone 8 - 64GB - Space Gray (Verizon) A1863 (CDMA + GSM),$138.00,20220112
21766,Apple iPhone 6S - 16GB - rose gold (Unlocked),$50.00,20220112
21768,Apple iPhone X - 64GB - Space Gray (Unlocked) A1901 (GSM),$265.00,20220112
21771,Apple iPhone XS Max - 64GB - Space Gray GSM & CDMA UNLOCKED -A1921 - ~VERY GOOD!,$364.99,20220112
21772,Apple iPhone 13 mini - 512GB - Midnight (AT&T),$600.00,20220112
23846,Apple iPhone X 256GB Space Gray Unlocked Very Good Condition,$320.00,20220112
23848,Apple iPhone 12 Pro - 512GB - Pacific Blue (Unlocked),$895.00,20220112
23854,Apple iPhone 7 32GB T-Mobile / Metro PCS - 4G Smartphone Black - GOOD,$99.99,20220112
23855,Apple iPhone X 64GB Space Gray Unlocked Good Condition,$250.00,20220112
23856,Apple iPhone 8 Plus - 256GB - All Colors - Fully Unlocked - Good Condition,$238.00,20220112
23862,Apple iPhone 11 Pro - 64GB - Silver (AT&T) A2160 (CDMA + GSM),$449.99,20220112
23867,Apple iPhone SE [1st Gen] 32 / 64 / 128GB Unlocked Smartphone - NEW SEALED,$153.99 to $209.99,20220112
23870,Used Apple iPhone XS - 64GB - GOLD - Unlocked - Excellent Condition CDMA + GSM,$50.00,20220112
23877,Apple iPhone 12 Black 64GB (AT&T & Cricket) A2172 (CDMA + GSM) Factory Sealed,$20.50,20220112
23882,Apple iPhone 11 64GB Factory Unlocked 4G LTE Smartphone - rough,$380.00,20220112
23883,Apple iPhone 12 Pro - 256GB - Graphite (Unlocked),$850.00,20220112
23884,Apple iPhone SE - 128GB - Space Gray (Unlocked) A1662- With Extras..........L@@K,$99.00,20220112
23885,Apple iPhone 12 - 128GB - Black (AT&T). Mint Condition. ,$550.00,20220112
