,Product,Price,Date
0,Apple iPhone 7 32GB Black Unlocked A1660 CDMA and GSM,$103.89,20210217
1,"Apple iPhone 11 - 128GB 64GB - GSM+CDMA Factory Unlocked ""Excellent' ",$254.00 to $419.00,20210217
2,Apple iPhone 8 64GB 128GB 256GB Unlocked ATT T-Mobile Verizon Good Condition,$118.99 to $139.00,20210217
3,Apple iPhone 8 | 8 Plus 64GB 128GB 256GB GSM Unlocked ATT T-Mobile Metro Cricket,$129.95 to $254.95,20210217
4,Apple iPhone X 64GB Factory Unlocked Phone - Very Good,$224.95,20210217
5,Apple iPhone 11 64GB Factory Unlocked 4G LTE Smartphone - Very Good,$319.99,20210217
6,Apple iPhone X 256GB Unlocked Smartphone - Very Good,$239.95,20210217
7,Apple iPhone 12 128GB Unlocked Good Condition (Free Ship),$499.99,20210217
8,Apple iPhone 11 64GB Factory Unlocked 4G LTE Smartphone - Good,$279.99,20210217
9,Apple iPhone 11 64GB Unlocked Smartphone - Very Good,$339.95,20210217
10,Apple iPhone 8 Plus 64GB Unlocked Smartphone - Very Good,$204.95,20210217
11,Apple iPhone XR 64GB Factory Unlocked Smartphone - Very Good,$239.95,20210217
12,Apple iPhone 8 64GB GSM Factory Unlocked Smartphone-Good,$134.99,20210217
13,"Apple iPhone 7 Unlocked - All Colors - 32GB, 128GB & 256GB - Very Good Condition",$119.99 to $139.99,20210217
14,Apple iPhone 8 Plus 256gb Unlocked Straight talk T-Mobile AT&T Verizon EXCELLENT,$229.00 to $269.00,20210217
15,Apple iPhone XS 64GB Unlocked Smartphone - Very Good,$234.95,20210217
16,Apple iPhone 8 64GB Factory Unlocked Phone - Very Good,$154.95,20210217
17,Apple iPhone XS Max 64GB 256GB 512GB Unlocked Verizon AT&T TMobile Very Good,$299.00 to $369.00,20210217
18,Apple iPhone 11 Pro 256GB Unlocked AT&T T-Mobile Verizon Very Good Condition,$484.95,20210217
19,Apple iPhone 11 Pro Max 256GB Unlocked Smartphone - Very Good,$574.95,20210217
20,Apple iPhone 8 Plus 64GB Unlocked Smartphone - Space Gray - Good,$179.99,20210217
21,Apple iPhone 13 Pro Max - 128gb - Factory Sealed - Factory Warranty - Unlocked!,"$1,109.00",20210217
22,Apple iPhone XR - 64GB - Factory Unlocked - Good Condition,$218.99,20210217
23,Apple iPhone 11 128GB Unlocked Smartphone - Very Good,$369.95,20210217
24,Apple iPhone 12 Pro Max - 256GB Unlocked (GSM and CDMA)  - Excellent,$759.99,20210217
25,Apple iPhone 8 64GB - 128GB - 256GB - All Colors - Fully Unlocked - Good,$119.00 to $179.00,20210217
26,Apple iPhone 8 Plus 256GB Unlocked Smartphone - Very Good,$229.95,20210217
27,Apple iPhone X - 256GB - Space gray - Unlocked - NO FACE ID,$180.00,20210217
28,Apple iPhone 11 - 64GB - Black - Carrier Unlocked - NO FACE ID,$255.00,20210217
29,Apple iPhone 11 - 128GB/64GB - Factory Unlocked - Very Good Condition -ALL Color,$270.00 to $419.00,20210217
30,Apple iPhone SE 1St Gen Fully Unlocked (32 & 64GB) (VERY GOOD),$82.99,20210217
31,Apple iPhone XR - 64GB -Black (Unlocked) A1984 (CDMA + GSM)~SRF~ -VERY GOOD,$224.99,20210217
32,Apple iPhone XR White 64GB A1984 LTE GSM CDMA Verizon Unlocked,$204.99,20210217
33,Apple iPhone 11 128GB Factory Unlocked 4G LTE Smartphone - Very Good,$379.99,20210217
34,Apple iPhone 12 mini 64GB Unlocked AT&T T-Mobile Verizon Very Good Condition,$369.95,20210217
35,Apple iPhone XR - 64GB - All Colors - Factory Unlocked - Very Good,$239.00,20210217
36,Apple iPhone XS Max 64GB 256GB 512GB Unlocked Verizon AT&T TMobile Excellent,$309.00 to $419.00,20210217
37,Apple iPhone 8 64GB GSM Factory Unlocked GRAY & SILVER (GOOD CONDITION),$138.00,20210217
38,Apple iPhone 6s  16/32/64 GB - All Colors - Fully Unlocked - Very Good Condition,$99.99 to $109.99,20210217
39,Apple iPhone X 64/256GB Fully Unlocked (GSM+CDMA) AT&T T-Mobile Verizon,$234.99 to $269.99,20210217
40,Apple iPhone 7 Plus 32GB Unlocked Smartphone - Very Good,$154.95,20210217
41,"Apple iPhone 7+ Plus 32GB 128GB 256GB GSM ""Factory Unlocked Phone Good Condition",$129.95 to $169.95,20210217
42,Apple iPhone XR Black 128GB A1984 LTE GSM CDMA Verizon Unlocked - Good,$232.99,20210217
43,Apple iPhone 8 64GB 256GB Verizon T-Mobile AT&T Unlocked Good Condition,$119.99 to $199.99,20210217
44,Apple iPhone 12 64GB Factory Unlocked AT&T T-Mobile Verizon Very Good Condition,$454.95,20210217
45,Apple iPhone X 256GB Factory Unlocked AT&T T-Mobile Verizon Very Good Condition,$239.95,20210217
46,Apple iPhone SE 2nd Gen 64GB Unlocked AT&T T-Mobile Verizon Very Good Condition,$169.95,20210217
8843,Apple iPhone 11 - 64GB - Factory Unlocked - Good Condition,$309.99,20210217
8846,Apple iPhone 13 Pro Max - 256gb - Factory Sealed - Factory Warranty - Unlocked!,"$1,189.00",20210217
8849,APPLE IPHONE 7 *ALL COLORS* FACTORY UNLOCKED 32GB (VERY GOOD CONDITION),$105.99,20210217
8854,Apple iPhone XS 64GB Factory Unlocked 4G LTE iOS Smartphone - Very Good,$224.99,20210217
8856,Apple iPhone 7 Plus 128GB Unlocked Smartphone - Very Good,$169.95,20210217
8859,Apple iPhone 12 128GB Unlocked Smartphone - Very Good,$479.95,20210217
8861,Apple iPhone 7 128GB Unlocked Smartphone - Very Good,$114.95,20210217
8865,Apple iPhone 8 64GB Factory Unlocked Verizon AT&T T-Mobile Sprint Good,$159.00,20210217
8866,Apple iPhone 8 64GB 256GB Unlocked Open Box New Other,$159.89 to $179.89,20210217
8868,Apple iPhone 11 128GB Factory Unlocked AT&T T-Mobile Verizon Very Good Condition,$364.95,20210217
8870,iPhone SE - Unlocked (GSM) - 32GB - Gray - Brand New,$119.00,20210217
8871,Apple iPhone 8 - 64GB 128GB 256GB - All Colors - Good Condition,$129.00 to $130.00,20210217
8872,Apple Iphone 11 - 64GB - 4GB RAM - Factory Unlocked - All Colors - Very Good,$314.99,20210217
8873,Apple iPhone 7 - 32GB - Gold (Unlocked) A1660 (CDMA + GSM),$103.89,20210217
8874,Apple iPhone 5S (A1533) -16GB /32GB /64Gb (GSM Unlocked) Smartphone 2B2,$49.99,20210217
8878,Apple iPhone 7 Plus - Factory Unlocked - 32GB - Black - Smartphone - Good,$119.99,20210217
8880,Apple iPhone X 64GB Unlocked 4G LTE iOS WiFi 12MP Camera Smartphone - Good,$214.95,20210217
8881,Apple iPhone 11 Pro Max 256GB Unlocked AT&T T-Mobile Verizon Very Good Condition,$544.95,20210217
8882,Apple iPhone SE 2nd Gen 2020 64GB 128GB 256GB Fully Unlocked SmartPhone,$148.99 to $209.99,20210217
24302,Apple iPhone 8 Plus 64GB 128GB 256GB Unlocked ATT T-Mobile Verizon GoodCondition,$169.00,20210217
24327,Apple iPhone 11 - 128GB - Black. Unlocked A2111 (CDMA + GSM) Good Condition,$260.00 to $414.00,20210217
24336,"Apple iPhone 6s 16GB, 64GB, 128GB, Verizon at&t LTE CDMA/GSM Unlocked Smartphone",$60.82 to $126.00,20210217
24343,Apple iPhone 13 128GB - (Unlocked) - Red Starlight Green Pink Blue - EXCELLENT,$664.99,20210217
24344,Apple iPhone XS 64GB Factory Unlocked AT&T T-Mobile Verizon Very Good Condition,$209.95,20210217
28739,Apple iPhone 13 Pro Max | 256GB Graphite | T-Mobile + Metro + Mint | Excellent,$924.99,20210217
28751,Apple iPhone XS - 64GB - Fully Unlocked - Space Gray - Gold - Silver. Excellent,$234.99,20210217
28752,Apple iPhone 7 32GB Unlocked Smartphone - Very Good,$104.95,20210217
28753,Apple iPhone X - 256GB  Silver Factory Fully Unlocked A1865 CDMA + GSM EXCELLENT,$279.00,20210217
28757,Apple iPhone XS Max 256GB Unlocked AT&T T-Mobile Verizon Very Good Condition,$304.95,20210217
28759,Apple iPhone 7 Plus - 32GB - Factory Unlocked - Smartphone - Good,$119.99,20210217
28761,Apple iPhone 11 64GB Factory Unlocked AT&T T-Mobile Verizon Very Good Condition,$314.95,20210217
30833,Apple iPhone 8 64GB Fully Unlocked Verizon Sprint AT&T T-Mobile,$224.00,20210217
30834,Apple iPhone 11 Smartphone 64GB 128GB AT&T Sprint T-Mobile Verizon or Unlocked,$469.00 to $589.00,20210217
30835,Apple iPhone XR 64GB Factory Unlocked Smartphone 4G LTE iOS Smartphone,$349.99,20210217
30836,Apple iPhone 7 Plus Smartphone AT&T Sprint T-Mobile Verizon or Unlocked 4G LTE,$165.00 to $269.00,20210217
30837,Apple iPhone 8 64GB Fully Unlocked Verizon Sprint AT&T T-Mobile - CDMA GSM,$235.00 to $244.99,20210217
30838,Apple iPhone 11 Black 64GB A2111 LTE GSM CDMA Verizon Unlocked - Really Good,$473.99,20210217
30839,Apple iPhone 8 Plus 64GB Factory Unlocked Smartphone,$299.99,20210217
30840,Apple iPhone 8 Plus Factory Unlocked 4G LTE Smartphone - Used,$299.99,20210217
30841,Unlocked Apple iPhone 11 🍎 64GB 128GB 256GB Verizon T-Mobile AT&T 📱 Smartphone,$499.99 to $654.99,20210217
30842,Apple iPhone X Smartphone 64GB 256GB AT&T Sprint T-Mobile Verizon or Unlocked,$289.00 to $389.00,20210217
30843,Apple iPhone 8 64GB Factory Unlocked Smartphone Verizon AT&T T-Mobile Sprint,$219.99,20210217
30844,Apple iPhone XR Smartphone 64GB 128GB AT&T Sprint T-Mobile Verizon or Unlocked,$275.00 to $389.00,20210217
30845,Apple iPhone 11 Pro Smartphone AT&T Sprint T-Mobile Verizon or Unlocked LTE,$579.00 to $729.00,20210217
30846,Apple iPhone XR 128GB Verizon T-Mobile AT&T Unlocked Smartphone,$349.99 to $379.99,20210217
30847,Apple iPhone SE Smartphone 16GB 32GB 64GB 128GB Verizon Unlocked T-Mobile AT&T,$64.00 to $135.00,20210217
30848,Apple iPhone X 64GB Fully Unlocked (GSM+CDMA) Space Gray NO FACE ID ,$279.99,20210217
30849,Apple iPhone X | 64GB 256GB | Unlocked Verizon AT&T T-Mobile Sprint | CDMA/GSM,$334.98 to $459.98,20210217
30850,Apple iPhone 8 64GB Factory Unlocked Smartphone,$209.99 to $219.99,20210217
30851,Apple iPhone 8 Plus 64GB Unlocked Smartphone,$304.95,20210217
30852,IPHONE 11 GREEN 128GB VZ,$484.99,20210217
30853,Apple iPhone XS Max - 64GB 256GB 512GB - Unlocked AT&T Verizon T-Mobile Sprint,$479.99 to $679.99,20210217
30854,Apple iPhone 8 Smartphone AT&T Sprint T-Mobile Verizon or Unlocked 4G LTE iOS,$189.00 to $239.00,20210217
30855,"Apple iPhone 7 128GB - Gold,Black,Silver,Rose Gold,Red- Unlocked Smartphone",$103.00 to $233.00,20210217
30856,SR Apple iPhone XS 64 GB 256 GB 512 GB GSM+CDMA UNLOCKED NO FACE ID,$314.99,20210217
30857,Apple iPhone 12 - 64gb - Unlocked - Factory Sealed - Factory Warranty,$895.00,20210217
30858,Apple iPhone XS Max Smartphone AT&T Sprint T-Mobile Verizon or Unlocked 4G LTE,$419.00 to $519.00,20210217
30859,Apple iPhone 7 Smartphone AT&T Sprint T-Mobile Verizon or Unlocked 4G LTE,$114.00 to $174.00,20210217
30860,Apple iPhone 11 Pro Max Smartphone AT&T Sprint T-Mobile Verizon or Unlocked LTE,$739.00 to $819.00,20210217
30861,Apple iPhone SE 2nd Gen Smartphone AT&T Sprint T-Mobile Verizon or Unlocked,$249.00 to $359.00,20210217
30862,"Apple iPhone 11 Pro Max - 64GB 256GB 512GB, All Colors - Unlocked/Network Locked","$779.99 to $1,154.99",20210217
30863,"Apple iPhone X - 64GB, 256GB CDMA/GSM Unlocked, Verizon, AT&T, T-Mobile, Sprint",$359.99 to $489.99,20210217
30864,"Apple iPhone 6 16GB- 64GB- 128GB, Fully Unlocked, Excellent Condition",$90.00 to $168.00,20210217
30865,Apple iphone 7/7 plus 32GB/128GB Unlocked Verizon at&t Smartphone,$138.00 to $368.00,20210217
30866,Apple  iPhone 7 - 32GB - Black - (GSM) Unlocked - 🍎,$149.99,20210217
30867,"Apple iPhone X 64GB 256GB, Space Gray Silver, CDMA + GSM Unlocked IOS Smartphone",$359.99 to $379.99,20210217
30868,Apple iPhone 7 Smartphone 32GB AT&T Sprint T-Mobile Verizon or Unlocked,$119.00 to $189.00,20210217
30869,Apple iPhone XR Smartphone | 64GB 128GB | Unlocked Verizon AT&T Sprint T-Mobile,$354.98 to $479.98,20210217
30870,Apple iPhone 11 - 64GB 128GB 256GB - All Colors - Fully Unlocked (CDMA + GSM) ,$584.99 to $799.99,20210217
30871,Apple iPhone 7 Smartphone Black Rose Gold Silver 32GB 128GB 256GB GSM Unlocked,$124.00 to $174.00,20210217
30872,Apple iPhone X 256GB Fully Unlocked (GSM+CDMA) Space Gray NO FACE ID ,$299.99,20210217
30873,Apple iPhone XR 64GB Fully Unlocked (GSM+CDMA) AT&T T-Mobile Verizon Red,$379.00,20210217
30874,Apple iPhone 6S 16GB Unlocked Smartphone,$114.95,20210217
30875,Apple iPhone XS Smartphone AT&T Sprint T-Mobile Verizon or Unlocked 4G LTE,$299.00 to $419.00,20210217
32682,Apple iPhone 8 - 64GB/256GB - Gold/Grey/ Silver - UNLOCKED - Various Grades,"THB7,384.74 to THB11,897.88",20210217
32683,NEW SEALED - Apple iPhone SE 32GB Space Gray WORLDWIDE GSM FACTORY UNLOCKED,"THB9,004.11",20210217
32684,Apple iPhone X (iPhone 10) 64GB 256GB All Colours Unlocked SIM Free Smartphone,"THB13,539.03 to THB16,821.32",20210217
32685,Apple iPhone 8 64GB Factory Unlocked Smartphone A1863(CDMA + GSM) Fair Condition,"THB7,473.66",20210217
32686,Apple iPhone 12 64/128/256GB White Black Blue White Green Red GSM CDMA Unlocked,"THB29,984.69 to THB36,017.65",20210217
32687,APPLE iPHONE 6S 16GB / 64GB / 128GB - Unlocked - Smartphone Mobile Phone ,"THB3,487.43 to THB5,538.86",20210217
32688,iPhone X 64gb space grey - cracked screen ,"THB2,617.18",20210217
32689,Factory Unlocked Apple iPHONE 7 PLUS 128GB AT&T T-mobile Verizon Sprint w/ Box,"THB10,505.15 to THB12,906.32",20210217
32690,Iphone 7,"THB3,151.54",20210217
32691,Apple iPhone 11 - 64GB - Purple (Unlocked) A2221 (CDMA + GSM),"THB15,540.93",20210217
32692,Apple iPhone X - 64GB - Silver (Unlocked) A1865 (CDMA + GSM) (AU Stock),"THB10,422.38",20210217
32693,Apple iPhone 8 Plus 64GB 256GB A1864 GSM Unlocked Smartphone All Colors,"THB19,686.49 to THB23,160.62",20210217
32694,Apple iPhone XS Max - 64GB 256GB 512GB-Unlocked Refurbished Smartphone All Grade,"THB16,000.75 to THB18,011.15",20210217
32695,As New Apple iPhone X 10 64GB / 256GB Space Grey / Silver Unlocked [AU Seller],"THB5,535.44 to THB15,865.18",20210217
32696,Apple iPhone SE 2nd Gen. - 64GB - Black (AT&T) A2275 (CDMA + GSM),"THB9,004.11",20210217
32697,New Sealed Apple iPhone SE 2nd Gen 64GB Black Factory Unlocked A2275 CDMA + GSM,"THB11,255.52",20210217
32698,APPLE iPHONE SE 1st Gen - 16GB / 64GB / 128GB -  Unlocked - Smartphone Mobile ,"THB2,420.69 to THB6,113.26",20210217
32699,iPhone 8 Unlocked 64GB / 256GB Smartphone Gold/Grey/Silver/Red -12Month Warranty,"THB6,154.29 to THB9,436.58",20210217
32700,Apple iPhone 11 Pro Max - 256GB- Midnight Green (AT&T)  (CDMA + GSM),"THB24,011.47",20210217
32701,Apple iPhone 7 - 32GB - Rose Gold (Unlocked) -100%  Excellent Condition!,THB348.74,20210217
32702,Apple iPhone 8 - 64GB - Gold (Unlocked),"THB4,061.83",20210217
32703,Apple iPhone 11 Pro Max - 64GB - Midnight Green (Unlocked) A2161 (CDMA + GSM),"THB21,910.74",20210217
32704,Apple iPhone XS - 256GB - Silver (Unlocked) A1920 (CDMA + GSM),"THB9,904.85",20210217
32705,NEW Apple iPhone 8 All Conditions & Colours SIM-Free Smartphone With Accessories,"THB11,693.15 to THB13,744.58",20210217
32706,Apple iPhone 7 Plus - 32GB - Silver (Unlocked) A1661 (CDMA   GSM),"THB6,753.31",20210217
32707,Apple iPhone 7 Plus - 128GB - Black- (Unlocked),"THB10,216.12",20210217
32708,Grade A++ Apple iPhone SE 2nd Gen. - 64GB - Black (Unlocked) A2296 Ref: 4756,"THB13,128.74",20210217
32709,APPLE iPHONE 6 16GB / 32GB / 64GB / 128GB - Unlocked -  Smartphone Mobile Phone ,"THB3,487.43 to THB5,538.86",20210217
32710,Apple iphone x - 64 gb-black (désimlocké),"THB12,119.08",20210217
32711,Apple iPhone X - 256GB - Space Grey (Unlocked) A1901 (GSM),"THB12,308.58",20210217
32712,iPhone 6 A1586 with Cracked Screen,"THB1,025.72",20210217
32713,iPhone 7 (Unlocked) 32GB - Black,"THB14,977.34",20210217
32714,IPhone 8 256 GB,"THB6,164.21",20210217
32715,Apple iPhone 8 Plus - 64GB - Space Gray (Straight Talk) A1864 (CDMA + GSM),"THB3,871.90",20210217
32716,Apple iPhone 6s - VARIOUS NETWORKS - 16/32/64/128GB - ALL COLOURS - Smartphone,"THB3,608.47 to THB8,121.61",20210217
32717,Apple iPhone XR White- 64GB (UNLOCKED),"THB12,472.70",20210217
32718,APPLE iPHONE 5S 16GB / 32GB / 64GB - Unlocked - Black / White Smartphone Mobile,"THB2,338.63",20210217
32719,Apple lphone 12 pro max - 256gb (unlocked) brand new sealed worldwide,"THB37,789.51",20210217
32720,Apple iPhone 7 Plus - 32GB - Rose Gold (EE) A1784 (GSM),"THB2,543.77",20210217
32721,Apple iPhone 8 - 64GB - Silver (Unlocked) A1863 (CDMA + GSM) (AU Stock),THB23.16,20210217
32722,Apple iPhone X - 256gb-Black,"THB12,853.57",20210217
32723,Apple iPhone 7 - Unlocked - 32gb - Gold,"THB7,590.29",20210217
32724,Apple iPhone 6s Plus - 64GB - Silver (Unlocked) A1687 (CDMA + GSM) (AU Stock),"THB4,632.17",20210217
32725,Apple iPhone 11 Pro Max - 256GB - Space Gray (AT&T) A2161,"THB22,511.03",20210217
32726,Apple iPhone 8 Plus - 64GB - Gold (Unlocked),"THB7,795.02",20210217
32727,Apple iPhone 8 - 64GB - Rose Gold (Unlocked) Used (Small Scuffs Around Edge),"THB3,692.57",20210217
32728,Apple iPhone X - 256GB - Space Gray Unlocked (T-Mobile) A1901 (GSM),"THB6,002.94",20210217
34897,Apple iPhone X 256GB Fully Unlocked (GSM+CDMA) Silver NO FACE ID,$299.99,20210217
34910,Apple iPhone XR 64GB 128GB 256GB - Factory Unlocked AT&T Verizon T-Mobile,$319.99 to $439.99,20210217
34911,Apple iPhone 8 64GB 256GB Unlocked Verizon Sprint AT&T T-Mobile CDMA GSM,$214.99 to $319.99,20210217
34916,Apple iPhone X 64GB Fully Unlocked (GSM+CDMA) AT&T T-Mobile Verizon Silver,$379.00,20210217
34918,Apple iPhone 8 64GB Factory Unlocked Phone,$217.95,20210217
34919,Apple iPhone 6s Smartphone 16GB 64GB 128GB AT&T Verizon Unlocked T-Mobile Sprint,$106.00 to $129.00,20210217
34923,Apple iPhone SE 2020 2nd Gen. (PRODUCT)RED - 64GB (AT&T) A2275 (CDMA + GSM),$259.99,20210217
34926,Apple iPhone 6s Smartphone 16GB 32GB 64GB 128GB Factory Unlocked 4G LTE WiFi iOS,$109.00 to $129.00,20210217
34928,Apple iPhone X 64GB Factory Unlocked Phone,$344.95,20210217
34932,Apple iPhone 6s Plus Smartphone AT&T Sprint T-Mobile Verizon or Unlocked 4G,$149.00,20210217
36656,Apple iPhone 11 Black 64GB A2111 LTE GSM CDMA Verizon Unlocked - Excellent,$488.99,20210217
36694,Apple iPhone SE Smartphone - 32GB - (FACTORY UNLOCKED) *FAST SHIPPING* (1st Gen),$69.99 to $99.99,20210217
36696,"Apple iPhone 7 32GB ""Factory Unlocked"" 4G LTE iOS WiFi Smartphone",$149.95,20210217
38511,Apple iPhone 8 Plus Smartphone AT&T Sprint T-Mobile Verizon or Unlocked 4G LTE,$220.00 to $349.00,20210217
38516,iPhone 6s/6s plus 16GB/64GB/128GB Unlocked Verizon at&t Tmobile smartphone LTE ,$78.00 to $213.00,20210217
38520,Apple iPhone 6 Smartphone 16 64 128 GB AT&T Sprint T-Mobile Verizon or Unlocked,$77.00 to $109.00,20210217
38522,Apple iPhone 6 Plus Smartphone GSM Unlocked 16GB 64GB 128GB 4G LTE iOS WiFi,$129.00 to $169.00,20210217
38523,Apple iPhone 7 Plus Smartphone 32GB 128GB 256GB Factory Unlocked 4G LTE WiFi iOS,$214.00 to $269.00,20210217
38524,Apple iPhone 7 Smartphone 32GB 128GB 256GB Factory Unlocked 4G LTE WiFi iOS,$124.00 to $174.00,20210217
38526,Apple iPhone 6s Smartphone GSM Unlocked 16GB 64GB 128GB 4G LTE WiFi iOS,$84.00 to $129.00,20210217
38527,Apple iPhone 8 64GB Unlocked - Space Gray,$94.33,20210217
38528,Apple iPhone XS 64GB Gray A1920 AT&T T-Mobile Sprint Verizon GSM + CDMA Unlocked,$359.00 to $429.00,20210217
38529,Apple iPhone 12 blue - 64GB (Unlocked),$864.68,20210217
38530,Apple iPhone 7 - 32GB - GOLD Unlocked ,$137.56,20210217
38531,Apple iPhone 6 - 64GB - Space Gray (Unlocked) A1649 (CDMA + GSM) (CA),$102.18,20210217
38532,Apple iPhone 7 - 128GB - White (Unlocked) A1778 (GSM) (Silver/Gold/Rose  Gold),$180.79,20210217
38534,Apple iPhone 7 Plus Smartphone 32/128GB AT&T Sprint T-Mobile Verizon or Unlocked,$219.00 to $329.00,20210217
38535,Apple iPhone X - 64GB - Silver (Unlocked) A1901 (GSM) (CA),$314.43,20210217
38536,apple iphone x - 64gb - space gray unlocked,$314.43,20210217
38539,Apple iPhone SE 2nd Gen 2020 Fully Unlocked GSM/CDMA SmartPhone 64GB 128GB 256GB,$309.95 to $338.95,20210217
38540,iPhone SE 16/32/64/128GB Apple Grey Pink Gold Silver Unlocked Smartphone 1st-Gen,$115.99 to $235.99,20210217
38541,Apple iPhone 11 - 64GB - Black (Unlocked) A2111 (CDMA + GSM) (CA),$314.00,20210217
38542,Used APPLE iPhone 8 - 64GB Space Gray A1863 VERIZON ,$179.94,20210217
38543,Apple iPhone 7 PLUS 128GB Verizon Unlocked at&t tmobile SmartPhone,$174.00 to $334.00,20210217
38545,Apple iPhone XR 64GB 4G LTE (T-Mobile/Metro/Ultra/Mint) Phone + 1-Year Warranty,$289.99 to $349.99,20210217
38546,As New Apple iPhone X 10 64GB / 256GB Space Grey / Silver Unlocked [AU Seller ] ,$185.19 to $530.77,20210217
38547,Apple iPhone XR 64GB Fully Unlocked (GSM+CDMA) AT&T T-Mobile Verizon Black,$378.00,20210217
38548,Apple iPhone 11 64GB Green Verizon T-Mobile AT&T Metro Fully Unlocked Smartphone,$142.50,20210217
40537,SR Apple iPhone X 64 GB Space Gray  GSM Unlocked,$323.99,20210217
40540,"Apple iPhone 7 Fully Unlocked 32GB, 128GB, 256GB, 4G LTE CDMA + GSM Smartphone",$149.99 to $179.99,20210217
40547,Apple iPhone 8 Plus 64GB 256GB - Factory Unlocked AT&T Verizon T-Mobile,$269.99 to $369.99,20210217
40554,Apple iPhone 6s 16GB 32GB 64GB 128GB Unlocked Verizon AT&T T-Mobile Smartphone,$89.00 to $169.00,20210217
40559,Apple iPhone 6 Smartphone 16GB 32GB 64GB 128GB Factory Unlocked 4G LTE WiFi iOS,$99.00 to $109.00,20210217
40563,Apple iPhone 11 GSM+CDMA Factory Unlocked Verizon T-Mobile AT&T Sprint,$579.88,20210217
40565,Apple iPhone 6S Plus 16GB Unlocked Smartphone,$139.95,20210217
40567,Apple iPhone SE 2nd Gen (2020) 🍎 64GB 128GB 256GB 📱 Fully Unlocked Smartphone,$329.99 to $424.99,20210217
40568,"OB Apple iPhone XS 64/256/512 GB Space Gray, Gold, Silver GSM+CDMA Unlocked",$479.99,20210217
40569,Apple iPhone X Smartphone AT&T T-Mobile Sprint Verizon or Unlocked 64GB or 256GB,$351.00 to $384.00,20210217
42234,IPHONE 11 PURPLE 64GB VZ,$488.99,20210217
42250,Apple iPhone XS 64GB Unlocked Smartphone,$359.95,20210217
42251,Apple iPhone 8 Plus 64gb 256gb Unlocked Straight talk Tmobile AT&T Verizon Boost,$289.00 to $399.00,20210217
44060,Apple iPhone 8 64GB 1905 GSM Unlocked Smartphone,$199.99,20210217
44063,SR Apple iPhone X  64 GB 256 GB Silver & Space Gray GSM Unlocked- NO FACE ID,$273.99,20210217
44069,Apple iPhone XS Max Space Gray 256GB A1921 LTE GSM CDMA Verizon Unlocked - Good,$485.99,20210217
44083,Apple iPhone X 64GB Fully Unlocked (GSM+CDMA) Silver NO FACE ID,$279.99,20210217
44088,Apple iPhone 8 64GB - 128GB - 256GB - Unlocked Verizon AT&T T-Mobile Sprint,$209.00,20210217
44089,Apple iPhone 7 Plus 128GB Unlocked Smartphone,$244.95,20210217
44091,Apple iPhone SE (2nd Generation) MX9N2LL/A 64GB Black Smartphone 4G LTE AT&T,$299.00,20210217
44096,Apple iPhone X Unlocked Smartphone 📱 64GB 256GB Verizon T-Mobile AT&T GSM CDMA,$299.99 to $388.99,20210217
44098,Apple iPhone XS 64GB Factory Unlocked 4G LTE iOS Smartphone,$369.99,20210217
45913,Apple iPhone X Unlocked Smartphone 📱 64 GB 256 GB Unlocked Verizon TMobile ATT ,$297.99 to $399.99,20210217
45917,Apple iPhone 8 Plus 64 GB 256 GB Factory Unlocked Verizon T-Mobile ATT  📱  📱 ,$243.99 to $299.99,20210217
45921,Apple iPhone XR Smartphone | 128 GB | Unlocked Verizon AT&T Sprint T-Mobile,$319.99 to $359.99,20210217
45922,SR Apple iPhone XS 64 GB 256 GB 512 GB GSM+CDMA UNLOCKED- NO FACE ID,$304.99,20210217
45930,Apple iPhone 7 plus 32gb lock-free smartphone,$39.99,20210217
45937,Apple iPhone X 256GB Unlocked Smartphone,$347.95,20210217
45939,Apple iPhone 7 Plus - 32GB - Black (Unlocked) A1661 (CDMA + GSM),$204.99,20210217
45943,Apple iPhone XS Max 64GB Unlocked Smartphone,$454.95,20210217
45945,Unlocked Apple iPhone 11 Pro Max 🍎 64GB 256GB 512GB Verizon T-Mobile Smartphone,$709.99 to $909.99,20210217
47514,Apple iPhone X 64GB Factory Unlocked Smartphone,$319.99,20210217
47527,Apple iPhone XR 64GB Factory Unlocked Smartphone,$317.95,20210217
47531,Apple iPhone X 64256512GB A1865 Unlocked Brand New,$489.99 to $539.99,20210217
47541,"Apple iPhone 7 32GB, 128GB, 256GB CDMA/GSM Unlocked Verizon AT&T T-Mobile Sprint",$144.99 to $209.99,20210217
47544,Apple iPhone SE 2nd Gen. - 64GB - White (Spectrum) A2275 (CDMA + GSM),$186.00,20210217
50746,Apple iPhone XS Max 64GB 256GB 512GB Unlocked Smartphone,$399.99 to $599.99,20210217
52242,Apple iPhone X 64GB Factory GSM Unlocked Smartphone,$319.99,20210217
52265,Apple iPhone 8 64GB Fully Unlocked (GSM+CDMA) AT&T T-Mobile Verizon Black,$199.99,20210217
52267,Apple iPhone XR 64GB - 128GB - 256GB - All Colors - Fully Unlocked,$334.00 to $379.00,20210217
53688,Apple iPhone 12 Pro Max - 128gb - Unlocked - Factory Sealed - Factory Warranty,"$1,269.00",20210217
53702,Apple iPhone 8 64GB - 128GB - 256GB - All Colors - Fully Unlocked,$184.00,20210217
55131,Apple iPhone 11 GSM/CDMA Factory Unlocked  256GB |128GB | 64GB,$564.77 to $569.77,20210217
56650,Apple iPhone XR 64GB 128GB 256GB AT&T T-Mobile Verizon Unlocked 4G Smartphone,$284.99 to $379.99,20210217
56656,Apple iPhone 12 Pro Max - 256gb - Unlocked - Factory Sealed - Factory Warranty,"$1,319.00",20210217
56661,iphone 12 pro max 256gb pacific blue unlocked,"$1,200.00",20210217
56672,"Apple iPhone 8 Plus 5.5"" 64GB 256GB 4G Unlocked AT&T T-Mobile Verizon Sprint GSM",$289.99 to $369.99,20210217
56676,Apple iPhone XS Max - 64GB - Gold (Verizon) A1921 (CDMA + GSM),$350.00,20210217
56678,Apple iPhone XS Max A2104 512GB Dual sim (2 Nano-Physical SIM) - Silver,$600.00,20210217
56679,Apple iPhone XS 256GB Unlocked Smartphone,$394.95,20210217
56682,Apple iPhone 11 128GB Black Verizon T-Mobile AT&T Fully Unlocked Smartphone,$599.99,20210217
60112,Apple iPhone 8 Factory Unlocked 4G LTE Smartphone - Used,$179.99,20210217
61795,Apple iPhone 8 64GB Factory Unlocked Smartphone - Grade A,$199.99,20210217
61796,"SR Apple iPhone X 256 GB  Space Gray, Silver GSM Unlocked",$328.99,20210217
61809,Apple iPhone XR 64GB Factory Unlocked Smartphone 4G LTE iOS Smartphone - Grade A,$329.99,20210217
63481,Apple iPhone X 256GB Fully Unlocked (GSM+CDMA) AT&T T-Mobile Verizon Silver,$365.99,20210217
63485,Apple iPhone 6s - 16GB 32GB 64GB 128GB - Unlocked AT&T Verizon T-Mobile Sprint,$109.99 to $149.99,20210217
63492,Apple iPhone SE 2nd Gen Smartphone 64GB 128GB Cricket Metro TracFone Xfinity,$180.00 to $255.00,20210217
65330,Apple iPhone 8 64GB A1863 Factory Unlocked Smartphone,$169.99,20210217
66999,Apple iPhone XR - 64GB 128GB 256GB - GSM+CDMA Unlocked Smartphone Various Colors,$324.99 to $489.99,20210217
67007,Apple iPhone XR - 64GB - 128GB - GSM Smartphone AT&T or Unlocked,$269.99 to $334.99,20210217
67009,Open Box Apple iPhone X 256GB - Space Gray - GSM Unlocked,$364.99,20210217
67013,"SR Apple iPhone XS 64/256/512 GB Gold,Gray Verizon Sprint AT&T T-Mobile UNLOCKED",$337.95 to $458.99,20210217
68781,Apple iPhone XR 64GB - Factory Unlocked AT&T T-Mobile,$314.99,20210217
68782,Apple iPhone 8 64GB Factory Unlocked Verizon AT&T T-Mobile Sprint,$184.99,20210217
70384,Apple iPhone XS Max 256GB Unlocked Smartphone,$499.95,20210217
71954,Apple iPhone X - 64GB - 256GB - Smartphone - AT&T or Unlocked ,$304.99 to $314.99,20210217
71965,Apple iPhone XS - 64GB - 256GB Smartphone - AT&T or Unlocked,$269.99 to $334.99,20210217
75491,Apple iPhone SE 64GB  2nd Generation 2020 - Black AT&T A2275,$269.99,20210217
75510,Apple iPhone 8 64/128/256GB A1863 AT&T T-Mobile Verizon Unlocked Brand New,$274.99,20210217
75512,Apple iPhone XS Max - 64GB 256GB 512GB - Unlocked/ Verizon/ AT&T/T-Mobile/Sprint,$359.99 to $703.99,20210217
77102,Apple iPhone XS MAX - 64GB - 256GB LTE GSM Smartphone - UNLOCKED or AT&T,$369.99 to $459.99,20210217
77114,Apple iPhone SE - 32GB - Silver Verizon A1662 (CDMA GSM),$120.00,20210217
77117,Apple iPhone 6s Plus Smartphone GSM Unlocked 16GB 64GB 128GB 4G LTE iOS,$144.00 to $179.00,20210217
78955,NEW Apple iPhone SE 2nd Gen RED 64GB Boost Mobile Free 1st Month ,$199.99,20210217
78963,Apple iPhone 7 32GB GSM Unlocked (GSM) AT&T T-Mobile Matte Black,$62.00,20210217
78964,Apple iPhone 12 Pro Max - 512gb - Unlocked - Factory Sealed - Factory Warranty,"$1,509.00",20210217
80702,Apple iPhone XR 64GB All Colors Factory Unlocked Smartphone 4G LTE,$304.99,20210217
80722,Apple iPhone 7 Plus 128GB GSM Unlocked Smartphone ,$219.99,20210217
80727,Apple iPhone 7 Smartphone 32/128/256GB AT&T Sprint T-Mobile Verizon or Unlocked,$109.00 to $199.00,20210217
82631,Apple iPhone XR - 64GB - (GSM + CDMA) Unlocked Smartphone - AT&T T-Mobile Sprint,$328.99,20210217
82647,NEW*  Apple iPhone 11 Pro | 256GB Silver | Unlocked Verizon AT&T Metro Cricket,$799.99,20210217
84314,Apple iPhone XS Max 64GB 256GB 512GB Unlocked Verizon Sprint AT&T T-Mobile,$429.99 to $559.99,20210217
84342,VERY GOOD iPhone SE (1st Gen) A1662 (CDMA + GSM) 16GB Space Gray Unlocked,$66.80,20210217
84346,Apple iPhone 8 Plus 64GB Factory Unlocked Smartphone - Grade A,$289.99,20210217
86086,Apple iPhone Xs Smartphone 64/256/512GB AT&T Sprint T-Mobile Verizon or Unlocked,$284.00 to $354.00,20210217
86091,Apple iPhone XR 64GB Factory Unlocked Smartphone 4G LTE,$299.98,20210217
86099,Apple iPhone 8 Plus 64GB Factory GSM Unlocked Smartphone - MINT CONDITION ,$287.99,20210217
86105,Apple iPhone 8 64GB Factory Unlocked AT&T T-Mobile Gray Smartphone,$155.95,20210217
87781,Apple iPhone 7 Plus 32GB GSM Unlocked 4G LTE Smartphone,$179.99,20210217
91664,Apple iPhone 7 Plus - 128GB - Black (Factory Unlocked; GSM AT&T / T-Mobile),$229.99,20210217
93565,Apple iPhone XS 256GB Fully Unlocked Verizon Sprint AT&T T-Mobile,$419.99,20210217
93577,Apple iPhone XR 64GB iOS Smartphone A1984 - TracFone - PLEASE READ,$179.99 to $209.99,20210217
