Title,Price
Apple iPhone X | XR | XS | XS Max - 64GB 128GB 256GB - Verizon GSM Unlocked AT&T,$144.95 to $379.95
Apple iPhone X | XR | XS | XS Max - 64GB 128GB 256GB - Verizon GSM Unlocked AT&T,$164.95 to $369.95
Apple iPhone XR - 64GB 128GB - Unlocked Verizon AT&T T-Mobile Metro - Excellent!,$209.95 to $259.95
Apple iPhone XR 128GB Blue Unlocked Cracked Screen - Fully Functional!,$159.99
Apple iPhone XR - 64GB 128GB 256GB - All Colors - Very Good Condition,$191.00 to $233.00
NEW LISTINGApple iPhone XR - 64GB - Black (Tracfone) (Read Description) EA1031,$65.00
Apple iPhone X | XR | XS | XS Max - 64GB 128GB 256GB - Verizon GSM Unlocked AT&T,$179.95 to $384.95
Apple iPhone X | XR | XS | XS Max 64GB 128GB 256GB Unlocked Verizon AT&T - Good!,$174.95 to $329.95
Apple iPhone XR 128GB Unlocked Smartphone - Very Good,$219.95
Apple iPhone XR - 256GB - (PRODUCT)RED (Unlocked) A1984 (CDMA + GSM),$80.00
Apple iPhone XR Unlocked Various Colors 64GB 128GB 256GB Smartphone Used,$224.99 to $299.99
Apple iPhone XR 64GB Factory Unlocked Smartphone Very Good Condition,$162.00 to $264.00
Apple iPhone XR - 128GB - Factory Unlocked - Very Good Condition,$249.99
Apple iPhone XR - 64-128-256GB - Fully Unlocked - (CDMA+GSM) - GOOD condition,$189.99
Apple iPhone XR - 64GB - Black (Straight Talk) A1984 (CDMA + GSM),$150.00
Apple iPhone XR - 64-128-256GB - Fully Unlocked (CDMA+GSM) - EXCELLENT Condition,$209.99 to $214.99
Apple iPhone XR - 64GB - Black (Straight Talk/TraFone) Excellent Condition!,$78.00
Apple iPhone XR 64GB RED - Sprint - iCloud OFF - cracked PARTS ONLY,$89.00
NEW LISTINGApple iPhone XR 256GB Black Verizon No SIM with blue Speck C A S E,$189.00
Apple iPhone XR 64GB 128GB 256GB - All Color - Unlocked - Excellent Condition,$249.95 to $289.95
Apple iPhone XR 128GB Unlocked Excellent Condition,$175.00
Apple iPhone XR 64GB Black STRAIGHT TALK ONLY,$169.99
NEW LISTINGApple iPhone Xr - 128GB White - A1984 Unlocked - No Sim Restrictions,$245.00
Sealed & New Apple iPhone XR Unlocked 128/256GB Smartphone A1984 GSM/CDMA,$393.79 to $464.79
Apple iPhone XR - 64GB 128GB 256GB - Unlocked Verizon - Very Good Condition,$199.99 to $269.99
Apple iPhone XR A1984 Fully Unlocked 128GB Blue (Good),$249.99
Apple iPhone XR - 64GB - White (T-Mobile) A1984 (CDMA + GSM) Works - Read Desc.,$139.95
Apple iPhone XR - 128 GB - Unlocked SIM - A1984 - Black - Fully Working - Good!,$205.00
Apple iPhone XR 64GB 128GB 256GB 4G LTE 4.7 Verizon Unlocked T-Mobile AT&T Ultra,$249.99 to $299.99
Apple iPhone XR 64GB Coral Unlocked,$249.99
Apple iPhone XR 64GB Factory Unlocked Smartphone 4G LTE iOS Smartphone,$159.00 to $260.00
"Unused & Sealed in Box Apple iPhone XR 128/256GB Unlocked Black 6.1"" Smartphone",$393.66 to $460.66
Apple iPhone XR - 128GB - Verizon + GSM Unlocked T-Mobile AT&T 4G LTE- Open Box,$254.97
Apple iPhone XR 64/128/256GB A1984 AT&T T-Mobile Verizon Unlocked Open Box,$229.99
NEW OEM SEALED - Apple iPhone XR - 64GB - White (T-Mobile) A1984 (CDMA + GSM),$269.95
Sealed Box Apple iPhone XR Unlocked 128/256GB Smartphone Verizon AT&T T-Mobile,$395.79 to $466.79
Unopened Apple iPhone XR or 6S Fully Unlocked Smartphone - See Description,$169.66 to $465.66
Apple iPhone XR | All Colors | 64GB 128GB 256 | All Carriers | Visible Scratches,$187.99 to $212.99
Apple iPhone XR 128GB Blue Unlocked - Fair w/ Bad Face ID/LCD Damage,$235.99
Apple iPhone XR 64GB A1984 T-Mobile Only Apple iPhone XR Large Screen Used Good,$189.89
Apple iPhone XR 256GB Red - Unlocked AT&T T-Mobile Verizon 7562696,$195.00
Apple iPhone XR 64/128/256GB -Fully Unlocked -All colors- Used Good (NO FACE ID),$155.99 to $175.99
Apple iPhone XR - 256GB - (PRODUCT)RED (Unlocked) A1984 (CDMA + GSM),$264.00
Apple iPhone XR A1984 Fully Unlocked 256GB White (Fair),$259.99
Apple iPhone XR - 128GB - Verizon + GSM Unlocked T-Mobile AT&T 4G LTE- Used,$219.97
Apple iPhone XR (READ DESCRIPTION),$100.00
Apple iPhone XR - 64GB - Verizon + GSM Unlocked T-Mobile AT&T 4G LTE- Open Box,$244.97
Apple iPhone XR A1984 Fully Unlocked 128GB White (Fair),$239.99
Apple iPhone XR - 128GB - Blue Fully Unlocked- C Grade No True Tone,$199.00
Apple iPhone XR Choose your carrier or Unlocked! ALL COLORS! 256GB 128GB 64GB,$224.00 to $233.00
Apple iPhone XR 128GB Fully Unlocked Verizon T-Mobile AT&T (2018) - Excellent,$254.97
Apple iPhone XR 64GB Unlocked Verizon At&t Cricket Tracfone US Cellular LTE 4G,$159.00 to $238.00
Apple iPhone XR - 256GB - Black (Unlocked) A1984,$250.00
Apple iPhone XR 128GB Verizon Smartphone - Excellent,$274.95
Apple iPhone XR Black - 128GB (Unlocked) - Smartphone - GOOD Conditions,$220.00
Apple iPhone XR 64GB Factory Unlocked AT&T Verizon T-Mobile Good Condition,$157.00 to $246.00
Apple iPhone XR A1984 All GB's and Colors. Xfinity Mobile - Warranty - B Grade,$234.99
Sealed & New Apple iPhone XR 256GB Factory Unlocked Smartphone A1984 GSM/CDMA,$458.59 to $468.59
Apple iPhone XR - 64GB - White (T-Mobile) A1984 (CDMA + GSM) ***FOR PARTS ONLY**,$105.00
Apple iPhone XR - 64GB - Black (Straight Talk) (CDMA + GSM) + OG TWITTER LOGO,$175.00
Apple iPhone XR 64GB Factory Unlocked Smartphone 4G LTE iOS - Mint,$156.00 to $271.00
Apple iPhone XR 64GB Unlocked Verizon At&t Sprint Cricket All Colors GSM+CDMA,$156.00 to $244.00
Apple iPhone XR 64GB Unlocked Verizon AT&T T-Mobile GSM CDMA Smartphone A1984,$156.00 to $234.00
Apple iPhone XR A1984 Unlocked 128GB White Good,$269.99
Apple iPhone XR A1984 (Fully Unlocked) 128GB Black (Excellent),$252.99
Apple iPhone XR 256B LTE Smartphone A1984 - Very Good Condition - Choose Carrier,$234.99
Apple iPhone XR - 64GB - Black (TracFone) A1984 (CDMA + GSM) 10/10 Condition,$170.00
*OPEN BOX* Apple iPhone XR - 64GB - Black Straight Talk ONLY,$189.99
iphone xr 128gb unlocked,$285.00
NEW LISTINGSealed Box Apple iPhone XR Unlocked 256GB Smartphone AT&T Verizon T-Mobile,$460.66 to $465.66
Apple iPhone XR 64GB 128GB T-Mobile Unlocked Smartphone *NO FACE ID* | Very Good,$179.99 to $429.99
Apple iPhone XR 128GB Factory Unlocked GSM+CDMA AT&T T-Mobile Verizon ALL COLORS,$255.00 to $267.00
iPhone XR - 128GB - Blue (Unlocked),$275.63
Apple iPhone XR 64GB 128GB 256GB AT&T Sprint T-Mobile Unlocked Verizon Fair,$209.99 to $229.99
"Apple iPhone XR 64GB 128GB 256GB GSM Unlocked, Verizon Unlocked Good",$219.99 to $239.99
Apple iPhone XR 128GB Unlocked Smartphone - Excellent,$256.95
Apple iPhone XR 64GB Verizon GSM Unlocked T-Mobile AT&T 4G LTE - Good Condition,$209.97
Apple iPhone XR 64GB Factory Unlocked AT&T Verizon T-Mobile Mint Condition,$159.00 to $275.00
Apple iPhone XR - 128GB - Factory Unlocked - Pre-Owned Good Condition,$248.99
Apple iPhone XR 64GB Unlocked Verizon Metro T-Mobile Clean ESN IOS LTE WIFI,$158.00 to $274.00
Apple iPhone XR - 64GB - White (T-Mobile) A1984 (CDMA + GSM) Works - Read Desc.,$139.95
Apple iPhone XR - 64GB 128GB 256GB - Unlocked Verizon - Excellent Condition,$209.99 to $249.99
Apple iPhone XR ~NEW~ 128GB Factory Unlocked Black Blue White ~ Sealed Box,$393.66 to $397.66
Apple iPhone XR - 64GB - Verizon + GSM Unlocked T-Mobile AT&T 4G LTE- Used,$209.97
Apple iPhone XR - 64GB 128GB 256GB - Unlocked Verizon - Good Condition,$219.99 to $239.99
Sealed & New Apple iPhone XR 128GB Unlocked White Smartphone A1984 (CDMA + GSM),$389.79
New in Sealed Box Apple iPhone XR A1984 USA UNLOCKED Blue Smartphone 128/256GB,$398.79 to $466.79
Apple iPhone XR 64GB Unlocked AT&T T-Mobile Verizon Black Blue Free Return,$159.00 to $275.00
New Apple iPhone XR Factory Unlocked 128/256GB Smartphone A1984 Sealed Box,$395.79 to $466.79
Brand New Apple iPhone XR 128/256GB Unlocked Smartphone - Unused in Sealed Box,$395.79 to $466.79
Apple iPhone XR 64GB Verizon GSM Unlocked T-Mobile AT&T 4G LTE - Excellent,$244.97
Apple iPhone XR 64GB Coral Unlocked Very Good Condition,$209.99
New Apple iPhone XR Unlocked 128GB 256GB Smartphone AT&T T-Mobile Verizon,$395.79 to $466.79
UNOPENED Apple iPhone XR Unlocked 128GB White Smartphone AT&T T-mobile Verizon,$395.59
New Apple iPhone XR Unlocked 256GB Smartphone AT&T T-Mobile Verizon,$461.79 to $466.79
UNOPENED Apple iPhone XR Unlocked 128GB White Smartphone AT&T T-mobile Verizon,$393.59
New Apple iPhone XR 128GB Unlocked Smartphone A1984 (GSM+CDMA) AT&T T-Mobile,$393.66 to $397.66
Apple iPhone XR - 64GB - All Colors - (AT&T) - Smartphone - Good Condition,$158.00 to $247.00
Apple iPhone XR - 64GB - (Unlocked) A1984 (CDMA + GSM),$161.00 to $263.00
Apple iPhone XR - 128GB - Factory Unlocked - Pre-Owned Very Good Condition,$274.99
"New Apple iPhone XR 128GB Unlocked 6.1"" Red Smartphone US Stock - SEALED BOX",$397.66
Apple iPhone XR Red 64GB A1984 LTE GSM CDMA Verizon Unlocked - Very Good,$158.00 to $258.00
Apple iPhone XR 64gb Unlocked Verizon AT&T Tmobile Straight Talk Metro PCS 4G,$161.00 to $280.00
Mint Apple iPhone XR Black 64GB 100% Unlocked,$158.00 to $274.00
NEW Apple iPhone XR Fully Unlocked 128GB White Smartphone Sealed in Original Box,$393.66
Brand New Apple iPhone XR 128/256GB Unlocked Smartphone - Unused in Sealed Box,$395.79 to $466.79
Apple iPhone XR 64GB Verizon GSM Unlocked T-Mobile AT&T 4G LTE - Excellent,$244.97
New Apple iPhone XR Unlocked 128GB 256GB Smartphone AT&T T-Mobile Verizon,$395.79 to $466.79
UNOPENED Apple iPhone XR Unlocked 128GB White Smartphone AT&T T-mobile Verizon,$395.59
UNOPENED Apple iPhone XR Unlocked 128GB White Smartphone AT&T T-mobile Verizon,$393.59
New Unused Apple iPhone XR 128GB 256GB Unlocked Smartphone in Sealed Box,$395.59 to $468.59
"New Apple iPhone XR 128/256GB Fully Unlocked 6.1"" Smartphone in Sealed Box",$399.89 to $469.89
New Apple iPhone XR Unlocked 128/256GB Blue Smartphone AT&T T-Mobile Verizon,$398.79 to $466.79
NEW Apple iPhone XR 128GB Unlocked ALL COLORS T-Mobile Verizon AT&T Sprint,$395.79 to $466.79
NEW *UNOPENED* Apple iPhone XR 256GB Unlocked Smartphone ALL COLORS,$458.69 to $468.69
New Apple iPhone XR Unlocked 128GB 256GB White Smartphone AT&T T-Mobile Verizon,$395.79 to $466.79
New Apple iPhone XR Fully Unlocked - 128GB - Sealed in Original Box - Blue,$395.79
Sealed Apple iPhone XR Unlocked 128GB Smartphone White A1984 (CDMA+GSM),$395.79
Apple iPhone XR Factory Unlocked 128/256GB Smartphone ~ New in Sealed Box,$395.79 to $466.79
NEW LISTINGSealed Box Apple iPhone XR Unlocked 128GB Smartphone AT&T Verizon T-Mobile,$393.66 to $397.66
Apple iPhone XR 128GB Blue Unlocked Fair Condition,$209.99
New Apple iPhone XR - 128/256GB Black Unlocked A1984 (CDMA+GSM) 1 Year Warranty,$395.79 to $461.79
New & Sealed Apple iPhone XR Unlocked 128/256GB Smartphone 1 Year Warranty,$395.79 to $466.79
Apple iPhone XR 64GB Verizon GSM Unlocked T-Mobile AT&T 4G LTE - Very Good,$224.97
"New Apple iPhone XR 128/256GB Unlocked 6.1"" White Smartphone in Sealed Box",$389.89 to $469.89
New Apple iPhone XR 128/256GB Black Unlocked A1984 (CDMA+GSM) - 1 Year Warranty,$394.69 to $458.69
Apple iPhone XR 128/256GB Unlocked White Smartphone - Unused & Sealed in Box,$389.89 to $469.89
Apple iPhone XR 64GB Black Coral Unlocked Verizon T-Mobile Cricket Metro-pcs LTE,$160.00 to $251.00
"Fully Unlocked Apple iPhone XR 128GB 6.1"" Smartphone AT&T Straight Talk",$395.79 to $398.79
New in Sealed Box Apple iPhone XR 128GB Factory Unlocked Smartphone White,$395.79
"New Apple iPhone XR Factory Unlocked 128GB White 6.1"" Smartphone ~ Sealed Box",$399.89
New Apple iPhone XR 128/256GB Factory Unlocked T-Mobile AT&T Verizon Sprint,$395.79 to $466.79
Apple iPhone XR 64GB Unlocked Verizon At&t Cricket Straight Talk White Red Cora,$160.00 to $241.00
"Fully Unlocked Apple iPhone XR 128GB 256GB 6.1"" iOS Smartphone in Original Box",$395.79 to $466.79
NEW Apple iPhone XR 128GB White Factory Unlocked Smartphone - Original Sealed,$395.79
New Apple iPhone XR 128GB Factory Unlocked Smartphone T-Mobile AT&T Verizon,$397.88
"New Apple iPhone XR 128/256GB Unlocked 6.1"" Smartphone US Stock - SEALED BOX",$393.66 to $465.66
Apple iPhone XR Factory Unlocked 128/256GB Smartphone ~ New ~ Sealed Box,$398.79 to $466.79
Apple iPhone XR ~NEW~ 128/256GB Factory Unlocked Black Blue White ~ Sealed Box,$393.66 to $465.66
"New & Sealed Apple iPhone XR Unlocked 128GB White 6.1"" Smartphone GSM/CDMA",$395.59
"New & Sealed Apple iPhone XR Unlocked 256GB White 6.1"" Smartphone GSM/CDMA",$469.59
Sealed Apple iPhone XR Unlocked 128/256GB Black Smartphone AT&T Verizon T-Mobile,$393.66 to $460.66
"Apple iPhone XR 128GB Unlocked White 6.1"" Smartphone- New Unused & Sealed in Box",$399.89
Apple iPhone XR Factory Unlocked 128GB Blue Smartphone ~ New in Sealed Box,$398.79
NEW Apple iPhone XR 128GB White Factory Unlocked Smartphone - Original Sealed,$395.79
Apple iPhone XR Factory Unlocked 128/256GB Smartphone ~ New ~ Sealed Box,$398.79 to $466.79
Apple iPhone XR ~NEW~ 128/256GB Factory Unlocked Black Blue White ~ Sealed Box,$393.66 to $465.66
"New & Sealed Apple iPhone XR Unlocked 128GB White 6.1"" Smartphone GSM/CDMA",$395.59
"New & Sealed Apple iPhone XR Unlocked 256GB White 6.1"" Smartphone GSM/CDMA",$469.59
Sealed Apple iPhone XR Unlocked 128/256GB Black Smartphone AT&T Verizon T-Mobile,$393.66 to $460.66
"Apple iPhone XR 128GB Unlocked White 6.1"" Smartphone- New Unused & Sealed in Box",$399.89
Apple iPhone XR Factory Unlocked 128GB Blue Smartphone ~ New in Sealed Box,$398.79
New Apple iPhone XR 128GB Unlocked 4G LTE iOS 12MP Camera Smartphone - US Model,$398.69
Apple iPhone XR Blue - 64GB - (Unlocked) A1984 (CDMA + GSM) No Accessories,$159.00 to $275.00
Apple iPhone XR 128GB Factory Unlocked AT&T T-Mobile Verizon Smartphone White,$395.79
New Apple iPhone XR Factory Unlocked 128GB Blue Smartphone ~ Sealed Box,$419.88
New Sealed in Box Apple iPhone XR 128/256GB Unlocked Smartphone ALL COLORS,$394.69 to $468.69
Brand New Apple iPhone XR Unlocked 128/256GB AT&T T-Mobile Verizon - Sealed Box,$396.29 to $469.29
Apple iPhone XR - 64GB Unlocked Baby Blue T-Mobile/ Mint Mobile,$159.00 to $275.00
Fully Unlocked Apple iPhone XR Unlocked - 128GB - New & Unused in Sealed Box,$393.66
Apple iPhone XR 64GB All Colors Unlocked Verizon At&t Sprint - Very Good,$157.00 to $256.00
Brand New Apple iPhone XR 128/256GB Unlocked A1984 (CDMA+GSM) - Sealed Box,$396.29 to $469.29
NEW Apple iPhone XR Unlocked - 128/256GB - Sealed in Original Box - All Colors,$393.66 to $465.66
NEW LISTINGApple iPhone XR Unlocked 128GB White Smartphone ~ New & Sealed in Original Box,$395.59
New in Sealed Box Apple iPhone XR 128/256GB Factory Unlocked Smartphone White,$395.79 to $466.79
"Unused & Sealed in Box Apple iPhone XR 128GB Unlocked Blue 6.1"" Smartphone",$397.66
"NEW LISTINGUnused & Sealed in Box Apple iPhone XR 128/256GB Unlocked White 6.1"" Smartphone",$395.59 to $468.59
New Apple iPhone XR 128GB Unlocked White Smartphone Sealed in Original Box,$396.29
NEW LISTINGSealed Box Apple iPhone XR Unlocked 128GB Smartphone AT&T Verizon T-Mobile,$395.59 to $398.59
New in Box Apple iPhone XR - 128GB White - (Unlocked) A1984 (CDMA + GSM),$395.79
NEW Apple iPhone XR White Fully Unlocked - 128/256GB - Sealed in Original Box,$393.66 to $465.66
Apple iPhone XR 64GB Factory Unlocked Smartphone 4G LTE iOS - Good,$159.00 to $248.00
NEW LISTINGSealed Apple iPhone XR Unlocked 128/256GB Blue Smartphone AT&T Verizon T-Mobile,$398.59 to $468.59
NEW LISTING*NEW SEALED* Apple iPhone XR Unlocked UNLOCKED Smartphone 128GB US STOCK,$393.66 to $397.66
NEW Apple iPhone XR Unlocked 128GB Smartphone All Color - Sealed in Original Box,$395.79 to $398.79
Apple iPhone XR 64GB Unlocked Verizon Boost Sprint T-Mobile Clean IMEI,$158.00 to $274.00
Apple iPhone XR - 128GB - Factory Unlocked - Excellent Condition,$339.99
"NEW LISTINGNew Apple iPhone XR 128GB Factory Unlocked 6.1"" Red Smartphone - Original Sealed",$397.66
Sealed Box Apple iPhone XR Unlocked 128/256GB Smartphone AT&T T-Mobile Verizon,$393.79 to $464.79
Apple iPhone XR Unlocked 128GB iOS Smartphone ~ New & Sealed in Original Box,$393.66 to $397.66
Apple iPhone XR 64GB Unlocked Verizon At&t T-Mobile Straight Talk Cricket 4G LT,$159.00 to $275.00
Sealed & New Apple iPhone XR 256GB Unlocked White Smartphone A1984 (CDMA + GSM),$466.79
New in Box Apple iPhone XR - 128/256GB Black - (Unlocked) A1984 (CDMA + GSM),$395.79 to $461.79
Apple iPhone XR 64GB 4G LTE (Factory Unlocked) T-Mobile AT&T Verizon Used,$156.00 to $245.00
Apple iPhone XR 64GB Unlocked Verizon At&t Cricket GSM/CDMA Free Return,$159.00 to $248.00
NEW LISTINGNew in Sealed Box Apple iPhone XR 128GB Factory Unlocked Smartphone White,$393.66
Apple iPhone XR ~NEW~ 128/256GB Factory Unlocked White ~ Sealed Box,$393.66 to $465.66
NEW LISTINGNew & Sealed Apple iPhone XR 128GB Unlocked Blue Smartphone 1 Year Warranty,$397.66
New in Sealed Box Apple iPhone XR 128GB Fully Unlocked A1984(GSM + CDMA),$396.29 to $399.29
"New Apple iPhone XR 128/256GB Unlocked White 6.1"" Smartphone A1984(CDMA+GSM)",$398.79 to $466.79
New Apple iPhone XR 128GB Blue Unlocked A1984 (CDMA+GSM) with 1 Year Warranty,$398.79
Apple iPhone XR Unlocked 128GB 256GB Smartphone ~ Sealed Box ~ Worldwide Model,$395.79 to $466.79
NEW LISTING*NEW SEALED* Apple iPhone XR Unlocked UNLOCKED Smartphone 128GB US STOCK,$393.66 to $397.66
NEW Apple iPhone XR Unlocked 128GB Smartphone All Color - Sealed in Original Box,$395.79 to $398.79
Apple iPhone XR 64GB Unlocked Verizon Boost Sprint T-Mobile Clean IMEI,$158.00 to $274.00
NEW LISTINGNew in Sealed Box Apple iPhone XR 128GB Factory Unlocked Smartphone White,$393.66
Apple iPhone XR ~NEW~ 128/256GB Factory Unlocked White ~ Sealed Box,$393.66 to $465.66
NEW LISTINGNew & Sealed Apple iPhone XR 128GB Unlocked Blue Smartphone 1 Year Warranty,$397.66
New in Sealed Box Apple iPhone XR 128GB Fully Unlocked A1984(GSM + CDMA),$396.29 to $399.29
"New Apple iPhone XR 128/256GB Unlocked White 6.1"" Smartphone A1984(CDMA+GSM)",$398.79 to $466.79
New Apple iPhone XR 128GB Blue Unlocked A1984 (CDMA+GSM) with 1 Year Warranty,$398.79
Apple iPhone XR Unlocked 128GB 256GB Smartphone ~ Sealed Box ~ Worldwide Model,$395.79 to $466.79
"Brand New Apple iPhone XR 128/256GB White 6.1"" iOS Smartphone US STOCK",$393.66 to $465.66
Apple iPhone XR 64GB Factory Unlocked Smartphone 4G LTE iOS - Good Condition,$159.00 to $250.00
Apple iPhone XR - 64GB -Factory Unlocked A1984 Smartphone Colors - Mint,$157.00 to $272.00
Apple iPhone XR 64GB Unlocked Verizon Clean IMEI Smartphone 4G LTE,$159.00 to $275.00
Sealed Apple iPhone XR 128GB Unlocked iOS Smartphone AT&T T-Mobile Verizon,$395.79 to $398.79
(NEW & SEALED IN BOX) Apple iPhone XR Unlocked 128GB Smartphone White,$398.69
New Apple iPhone XR 128/256GB Unlocked Blue 4G LTE iOS Smartphone - US Model,$399.29 to $469.29
Apple iPhone XR Factory Unlocked 128GB Smartphone ~ New ~ Sealed Box,$395.79 to $398.79
New & Sealed Apple iPhone XR 128GB 256GB iOS Smartphone AT&T T-mobile Verizon,$396.29 to $469.29
New Apple iPhone XR 128GB White Unlocked A1984 (CDMA+GSM) with 1 Year Warranty,$395.79
New Apple iPhone XR 128/256GB Unlocked Blue 4G LTE iOS Smartphone - US Model,$398.69 to $468.69
"New Apple iPhone XR 256GB Fully Unlocked 6.1"" Smartphone in Sealed Box",$469.89
Apple iPhone XR ~NEW~ 256GB Factory Unlocked White ~ Sealed Box,$465.66
Sealed Apple iPhone XR Unlocked 128/256GB Blue Smartphone AT&T T-Mobile Verizon,$397.66 to $465.66
Apple iPhone XR 64GB Unlocked Verizon All Colors WIFI IOS 4G LTE,$160.00 to $261.00
"Apple iPhone XR 128/256GB Unlocked 6.1"" White Smartphone New Sealed Box",$394.69 to $468.69
New Apple iPhone XR 128/256GB Factory Unlocked Smartphone A1984 GSM/CDMA,$395.59 to $468.59
Apple iPhone XR 256GB Factory Unlocked Smartphone - White - Original Sealed,$468.79
ORIGINAL SEALED Apple iPhone XR 128/256GB Unlocked A1984 with 1 Year Warranty,$395.79 to $466.79
"Fully Unlocked Apple iPhone XR 128/256GB White 6.1"" Smartphone in Original Box",$396.29 to $469.29
Sealed & New Apple iPhone XR 128GB Unlocked White Smartphone A1984 (CDMA + GSM),$395.79
New Apple iPhone XR 128GB 256GB Unlocked Smartphone - Unused & Sealed in Box,$395.59 to $468.59
New & Sealed Apple iPhone XR 128GB Factory Unlocked Smartphone US Stock,$393.66 to $397.66
Sealed & New Apple iPhone XR 128GB Factory Unlocked Smartphone A1984 GSM/CDMA,$389.89
Apple iPhone XR 64GB Unlocked Verizon Tracfone T-Mobile GSM/CDMA Smartphone,$159.00 to $275.00
Apple iPhone XR Factory Unlocked 128GB 256GB White Smartphone ~ New ~ Sealed Box,$395.79 to $466.79
Apple iPhone XR ~NEW~ 256GB Factory Unlocked Black Blue White ~ Sealed Box,$460.66 to $465.66
New & Sealed Apple iPhone XR 128GB Fully Unlocked White AT&T Straight Talk,$395.79
"*NEW SEALED* Apple iPhone XR 6.1"" 128GB UNLOCKED Blue iOS Smartphone",$398.79
NEW Apple iPhone XR Unlocked - 128GB - White - Sealed in Original Box,$396.29
NEW Apple iPhone XR 128GB Fully Unlocked Blue Smartphone Verizon AT&T T-Mobile,$398.79
New Apple iPhone XR 256GB Unlocked White Smartphone Sealed in Original Box,$469.89
"New Apple iPhone XR 128GB Factory Unlocked 6.1"" Smartphone - Original Sealed",$393.66 to $397.66
Sealed Apple iPhone XR 128/256GB Unlocked A1984 Smartphone T-mobile AT&T Verizon,$394.69 to $468.69
Apple iPhone XR 64GB Black Verizon Unlocked Very Good Condition,$159.00 to $259.00
Sealed in Box Apple iPhone XR - 128/256GB - Black (Unlocked) A1984 (CDMA + GSM),$396.29 to $463.29
New Apple iPhone XR Factory Unlocked 128/256GB White Smartphone A1984(CDMA+GSM),$396.29 to $469.29
Apple iPhone XR 128GB Unlocked (CDMA+GSM) AT&T T-Mobile Verizon [NEW SEALED],$395.79 to $398.79
NEW Apple iPhone XR Unlocked - 128GB - White - Sealed in Original Box,$396.29
NEW Apple iPhone XR 128GB Fully Unlocked Blue Smartphone Verizon AT&T T-Mobile,$398.79
New Apple iPhone XR 256GB Unlocked White Smartphone Sealed in Original Box,$469.89
"New Apple iPhone XR 128GB Factory Unlocked 6.1"" Smartphone - Original Sealed",$393.66 to $397.66
Sealed Apple iPhone XR 128/256GB Unlocked A1984 Smartphone T-mobile AT&T Verizon,$394.69 to $468.69
Apple iPhone XR 64GB Black Verizon Unlocked Very Good Condition,$159.00 to $259.00
Sealed in Box Apple iPhone XR - 128/256GB - Black (Unlocked) A1984 (CDMA + GSM),$396.29 to $463.29
New Apple iPhone XR Factory Unlocked 128/256GB White Smartphone A1984(CDMA+GSM),$396.29 to $469.29
Apple iPhone XR 128GB Unlocked (CDMA+GSM) AT&T T-Mobile Verizon [NEW SEALED],$395.79 to $398.79
New Apple iPhone XR Factory Unlocked 128GB Black Blue Smartphone ~ Sealed Box,$397.88
Apple iPhone XR 64GB Unlocked/ Verizon Black 4G LTE Smartphone,$159.00 to $248.00
NEW & SEALED Apple iPhone XR Unlocked 128GB A1984 iOS Smartphone - White,$395.79
Sealed in Box Apple iPhone XR 128GB Unlocked Smartphone 1 Year Warranty,$394.69 to $398.69
Apple iPhone XR 256GB|128GB| GSM/ CDMA Factroy Unlocked - White - Brand New,$396.29 to $469.29
Apple iPhone XR Unlocked 128/256GB Smartphone AT&T T-Mobile Verizon [NEW SEALED],$395.79 to $466.79
New in Sealed Box Apple iPhone XR 128/256GB Fully Unlocked Mobile White A1984,$395.59 to $468.59
New Apple iPhone XR 128GB Unlocked Smartphone - Unused & Sealed in Box,$395.59 to $398.59
"Sealed in Original Box Apple iPhone XR Unlocked 128/256GB Blue 6.1"" Smartphone",$399.29 to $469.29
Sealed Apple iPhone XR 128/256GB Unlocked Blue Smartphone A1984(CDMA+GSM),$398.69 to $468.69
Brand New Apple iPhone XR Unlocked 128GB White AT&T T-Mobile Verizon - Sealed,$396.29
Apple iPhone XR 64GB Unlocked Verizon AT&T T-Mobile Spectrum Straight Talk 4G,$156.00 to $245.00
Sealed Apple iPhone XR Unlocked 128/256GB Smartphone Blue A1984 (CDMA+GSM),$399.29 to $469.29
NEW Unlocked Apple iPhone XR 128GB White Smartphone Verizon AT&T T-Mobile,$396.29
NEW Apple iPhone XR Blue 128GB (UNLOCKED) Verizon AT&T T-Mobile Sprint A1984,$397.88
Apple iPhone XR - 64GB - All Colors - Fully Unlocked - Very Good Condition,$158.00 to $258.00
Apple iPhone XR 64GB Unlocked Verizon At&t Metro PCS T-Mobile Mint Condition,$156.00 to $271.00
Apple iPhone XR 64GB Factory Unlocked Verizon At&t Cricket Metro Clean ESN,$159.00 to $248.00
New in Sealed Box Apple iPhone XR Unlocked 128/256GB White Smartphone US STOCK,$395.79 to $466.79
Brand New Apple iPhone XR 256GB Factory Unlocked Smartphone - Sealed,$469.89
Apple iPhone XR 64GB T-Mobile Unlocked Very Good Condition,$159.00 to $259.00
"New Sealed Apple iPhone XR 128GB Unlocked 6.1"" Smartphone AT&T T-mobile Verizon",$395.79 to $398.79
Sealed in Box Apple iPhone XR 128GB Unlocked A1984 AT&T T-mobile Verizon,$394.69 to $398.69
New Apple iPhone XR 128/256GB Factory Unlocked - BLACK A1984 (CDMA + GSM),$389.89 to $469.89
"New Apple iPhone XR 128/256GB Unlocked 6.1"" Red Smartphone - SEALED BOX",$399.89 to $469.89
Apple iPhone XR 64GB Factory Unlocked AT&T T-Mobile Verizon Very Good Condition,$159.00 to $275.00
Sealed & New Apple iPhone XR 128/256GB Unlocked Blue A1984 (CDMA + GSM),$397.88 to $467.88
"Apple iPhone XR Unlocked 128/256GB Black 6.1"" Smartphone ~ New ~ Sealed Box",$395.59 to $458.59
NEW UNLOCKED Apple iPhone XR 128/256GB Smartphone T-Mobile Verizon AT&T Sprint,$399.89 to $469.89
Sealed Box Apple iPhone XR Unlocked 128GB Blue Smartphone AT&T T-mobile Verizon,$399.29
New Unopened iPhone XR Unlocked 128/256GB Smartphone AT&T Verizon T-Mobile,$395.79 to $466.79
Sealed Box Apple iPhone XR Unlocked 128/256GB Blue Smartphone AT&T T-Mobile,$398.59 to $468.59
Apple iPhone XR 64GB Mint Condition Unlocked Verizon At&t T-Mobile Sprint 4G LT,$157.00 to $272.00
NEW & SEALED Apple iPhone XR Unlocked 128/256GB A1984 iOS Smartphone - WHITE,$398.79 to $466.79
Apple iPhone XR 64GB Factory Unlocked Smartphone - Very Good,$158.00 to $258.00
Apple iPhone XR - 64GB - (Unlocked) A1984 (CDMA + GSM),$158.00 to $237.00
New Apple iPhone XR 128/256GB Factory Unlocked - ALL COLORS A1984 (CDMA + GSM),$399.89 to $469.89
"New Apple iPhone XR 128GB Factory Unlocked 6.1"" Blue Smartphone in Sealed Box",$398.79
New Apple iPhone XR 256GB White Unlocked A1984 (CDMA+GSM) with 1 Year Warranty,$466.79
Apple iPhone XR 64GB Unlocked/ Verizon Black 4G LTE Smartphone,$159.00 to $248.00
NEW & SEALED Apple iPhone XR Unlocked 128GB A1984 iOS Smartphone - White,$395.79
Sealed in Box Apple iPhone XR 128GB Unlocked Smartphone 1 Year Warranty,$394.69 to $398.69
Apple iPhone XR 256GB|128GB| GSM/ CDMA Factroy Unlocked - White - Brand New,$396.29 to $469.29
Apple iPhone XR Unlocked 128/256GB Smartphone AT&T T-Mobile Verizon [NEW SEALED],$395.79 to $466.79
New in Sealed Box Apple iPhone XR 128/256GB Fully Unlocked Mobile White A1984,$395.59 to $468.59
New Apple iPhone XR 128GB Unlocked Smartphone - Unused & Sealed in Box,$395.59 to $398.59
"Sealed in Original Box Apple iPhone XR Unlocked 128/256GB Blue 6.1"" Smartphone",$399.29 to $469.29
Sealed Apple iPhone XR 128/256GB Unlocked Blue Smartphone A1984(CDMA+GSM),$398.69 to $468.69
Brand New Apple iPhone XR Unlocked 128GB White AT&T T-Mobile Verizon - Sealed,$396.29
Apple iPhone XR 64GB Unlocked Verizon AT&T T-Mobile Spectrum Straight Talk 4G,$156.00 to $245.00
Sealed Apple iPhone XR Unlocked 128/256GB Smartphone Blue A1984 (CDMA+GSM),$399.29 to $469.29
NEW Unlocked Apple iPhone XR 128GB White Smartphone Verizon AT&T T-Mobile,$396.29
NEW Apple iPhone XR Blue 128GB (UNLOCKED) Verizon AT&T T-Mobile Sprint A1984,$397.88
Apple iPhone XR 64GB Unlocked Verizon At&t Metro PCS T-Mobile Mint Condition,$156.00 to $271.00
New in Sealed Box Apple iPhone XR Unlocked 128/256GB White Smartphone US STOCK,$395.79 to $466.79
Brand New Apple iPhone XR 256GB Factory Unlocked Smartphone - Sealed,$469.89
NEW UNLOCKED Apple iPhone XR 128/256GB Smartphone T-Mobile Verizon AT&T Sprint,$399.89 to $469.89
Sealed Box Apple iPhone XR Unlocked 128GB Blue Smartphone AT&T T-mobile Verizon,$399.29
New Unopened iPhone XR Unlocked 128/256GB Smartphone AT&T Verizon T-Mobile,$395.79 to $466.79
Sealed Box Apple iPhone XR Unlocked 128/256GB Blue Smartphone AT&T T-Mobile,$398.59 to $468.59
Apple iPhone XR 64GB Mint Condition Unlocked Verizon At&t T-Mobile Sprint 4G LT,$157.00 to $272.00
NEW & SEALED Apple iPhone XR Unlocked 128/256GB A1984 iOS Smartphone - WHITE,$398.79 to $466.79
Apple iPhone XR 64GB Factory Unlocked Smartphone - Very Good,$158.00 to $258.00
Apple iPhone XR - 64GB - (Unlocked) A1984 (CDMA + GSM),$158.00 to $237.00
Apple iPhone XR Unlocked 128GB iOS Smartphone ~ New & Sealed in Original Box,$399.67
Sealed in Box Apple iPhone XR 128GB Unlocked A1984 AT&T T-mobile Verizon,$394.69 to $398.69
New Apple iPhone XR 128/256GB Factory Unlocked - ALL COLORS A1984 (CDMA + GSM),$399.89 to $469.89
"New Apple iPhone XR 128GB Factory Unlocked 6.1"" Blue Smartphone in Sealed Box",$398.79
New Apple iPhone XR 256GB White Unlocked A1984 (CDMA+GSM) with 1 Year Warranty,$466.79
Sealed & New Apple iPhone XR 128/256GB Fully Unlocked Smartphone A1984 GSM/CDMA,$399.89 to $469.89
NEW Apple iPhone XR Fully Unlocked 256GB White Smartphone Sealed in Original Box,$465.66
NEW UNOPENED Apple iPhone XR 128/256GB Unlocked Smartphone AT&T T-mobile Verizon,$399.89 to $469.89
New Apple iPhone XR 128/256GB Factory Unlocked Smartphone AT&T T-mobile Verizon,$395.59 to $468.59
Sealed Box Apple iPhone XR Unlocked 128/256GB Smartphone AT&T Verizon T-Mobile,$393.66 to $465.66
Sealed in Box Apple iPhone XR 128GB Factory Unlocked White Smartphone GSM/CDMA,$395.79
Sealed Box Apple iPhone XR 128GB Factory Unlocked White Smartphone AT&T Sprint,$399.89
Brand New Apple iPhone XR Unlocked 128/256GB Smartphone Sealed in Original Box,$399.29 to $469.29
"New Apple iPhone XR 128/256GB Unlocked 6.1"" White Smartphone - SEALED BOX",$389.89 to $469.89
NEW & SEALED Apple iPhone XR Unlocked 128/256GB A1984 iOS Smartphone - BLUE,$398.79 to $466.79
Apple iPhone XR 64GB Unlocked Verizon T-Mobile GSM CDMA Smartphone A1984,$158.00 to $274.00
iPhone XR 64GB Mint Condition Unlocked 4G LTE,$158.00 to $274.00
New Apple iPhone XR 128/256GB Factory Unlocked - BLACK A1984 (CDMA + GSM),$389.89 to $469.89
Sealed in Box Apple iPhone XR 256GB Factory Unlocked White Smartphone GSM/CDMA,$466.79
New Sealed Box Apple iPhone XR 128GB Factory Unlocked White Black Smartphone,$397.88
Brand New Apple iPhone XR Unlocked 128/256GB White Smartphone Sealed in Box,$396.29 to $469.29
Apple iPhone XR 64GB Unlocked Verizon At&t T-Mobile Tracfone Blue Yellow Coral,$158.00 to $247.00
New Apple iPhone XR 128/256GB White Unlocked A1984(CDMA + GSM) - 1 Year Warranty,$399.29 to $469.29
Sealed & New Apple iPhone XR 128/256GB Fully Unlocked Smartphone A1984 GSM/CDMA,$399.89 to $469.89
NEW Apple iPhone XR Fully Unlocked 256GB White Smartphone Sealed in Original Box,$465.66
NEW UNOPENED Apple iPhone XR 128/256GB Unlocked Smartphone AT&T T-mobile Verizon,$399.89 to $469.89
New Apple iPhone XR 128/256GB Factory Unlocked Smartphone AT&T T-mobile Verizon,$395.59 to $468.59
Sealed Box Apple iPhone XR Unlocked 128/256GB Smartphone AT&T Verizon T-Mobile,$393.66 to $465.66
Sealed in Box Apple iPhone XR 128GB Factory Unlocked White Smartphone GSM/CDMA,$395.79
Sealed Box Apple iPhone XR 128GB Factory Unlocked White Smartphone AT&T Sprint,$399.89
Brand New Apple iPhone XR Unlocked 128/256GB Smartphone Sealed in Original Box,$399.29 to $469.29
"New Apple iPhone XR 128/256GB Unlocked 6.1"" White Smartphone - SEALED BOX",$389.89 to $469.89
NEW & SEALED Apple iPhone XR Unlocked 128/256GB A1984 iOS Smartphone - BLUE,$398.79 to $466.79
Apple iPhone XR 64GB Unlocked Verizon T-Mobile GSM CDMA Smartphone A1984,$158.00 to $274.00
iPhone XR 64GB Mint Condition Unlocked 4G LTE,$158.00 to $274.00
New Apple iPhone XR 128/256GB Factory Unlocked - BLACK A1984 (CDMA + GSM),$389.89 to $469.89
Sealed in Box Apple iPhone XR 256GB Factory Unlocked White Smartphone GSM/CDMA,$466.79
New Sealed Box Apple iPhone XR 128GB Factory Unlocked White Black Smartphone,$397.88
Brand New Apple iPhone XR Unlocked 128/256GB White Smartphone Sealed in Box,$396.29 to $469.29
Apple iPhone XR 64GB Unlocked Verizon At&t T-Mobile Tracfone Blue Yellow Coral,$158.00 to $247.00
New Apple iPhone XR 128/256GB White Unlocked A1984(CDMA + GSM) - 1 Year Warranty,$399.29 to $469.29
Sealed Box Apple iPhone XR Unlocked 128GB Smartphone AT&T T-Mobile Verizon,$395.59 to $398.59
NEW Apple iPhone XR 128/256GB Unlocked Smartphone AT&T T-Mobile Sprint,$395.59 to $468.59
Apple iPhone XR 64GB A1984 (Unlocked) GSM World Phone,$158.00 to $258.00
Sealed Apple iPhone XR 256GB Factory Unlocked White Smartphone A1984 GSM/CDMA,$468.69
Apple iPhone XR 64GB Factory Unlocked Verizon At&T Smartphone 4G LTE iOS - Mint,$159.00 to $277.00
Apple iPhone XR 64GB Factory Unlocked AT&T T-Mobile Verizon Very Good Condition,$159.00 to $275.00
"New Apple iPhone XR 128GB Factory Unlocked 6.1"" Smartphone in Sealed Box",$395.59 to $398.59
Apple iPhone XR 64GB Coral Unlocked -MINT,$158.00 to $274.00
"Fully Unlocked Apple iPhone XR 128GB 6.1"" Smartphone - 1 Year Warranty",$396.29 to $399.29
NEW UNOPENED Apple iPhone XR Unlocked 128GB Smartphone - 1 Year Warranty,$394.69 to $398.69
New in Sealed Box Apple iPhone XR 128/256GB Unlocked Smartphone AT&T T-mobile,$393.66 to $465.66
Apple iPhone XR 64GB Unlocked Verizon Straight Talk T-Mobile 4G LTE Free Return,$159.00 to $250.00
New & Sealed Apple iPhone XR 128GB Unlocked Black Red Smartphone A1984(CDMA+GSM),$397.88
New Apple iPhone XR 128/256GB Unlocked Black Smartphone - Original Sealed in Box,$395.59 to $458.59
NEW Apple iPhone XR 128/256GB Blue Unlocked Smartphone AT&T T-Mobile Sprint,$398.59 to $468.59
"Sealed & New Apple iPhone XR Unlocked 128GB Blue 6.1"" Smartphone US STOCK",$398.59
New in Sealed Box Apple iPhone XR 128/256GB Factory Unlocked Smartphone,$399.89 to $469.89
Apple iPhone XR 64GB Unlocked Verizon Sprint CDMA/GSM Clean IMEI,$158.00 to $274.00
New Apple iPhone XR (A1984) 256GB White Unlocked iOS Smartphone GSM/CDMA,$469.89
Apple iPhone XR 64GB Factory Unlocked Verizon T-Mobile AT&T Good Condition,$156.00 to $245.00
New Apple iPhone XR 128GB Factory Unlocked Smartphone in Sealed Box - White,$395.59
Apple iPhone XR 64GB 4G LTE (Factory Unlocked) T-Mobile AT&T Verizon Good,$159.00 to $248.00
"Apple iPhone XR 128/256GB Fully Unlocked iOS 6.1"" Smartphone New Sealed Box",$393.66 to $465.66
ORIGINAL SEALED Apple iPhone XR 128GB 256GB Unlocked Smartphone AT&T Verizon,$396.29 to $469.29
Sealed & New Apple iPhone XR Unlocked 128GB Smartphone 1 Year Warranty,$393.66 to $397.66
"Sealed Apple iPhone XR 128/256GB Unlocked 6.1"" iOS Smartphone US STOCK",$395.59 to $468.59
Brand New Apple iPhone XR 128/256GB Unlocked Blue Smartphone in Sealed Box,$397.88 to $467.88
New Apple iPhone XR 128/256GB Factory Unlocked - White A1984 (CDMA + GSM),$389.89 to $469.89
Apple iPhone XR 64GB Factory Unlocked Smartphone 4G LTE iOS Clean ESN,$159.00 to $277.00
Sealed & New Apple iPhone XR 128GB Unlocked 4G LTE iOS Smartphone - US Model,$399.89
New Apple iPhone XR 128/256GB Unlocked Smartphone A1984 (GSM+CDMA) AT&T T-Mobile,$393.66 to $465.66
NEW Apple iPhone XR Fully Unlocked 128GB White Smartphone Sealed in Original Box,$393.66
Apple iPhone XR 64GB Unlocked Verizon At&t T-Mobile Tracfone Clean ESN 4G,$159.00 to $248.00
Apple iPhone XR - 64GB -Black (Unlocked) A1984 (CDMA + GSM)~SRF~ VERY GOOD!,$159.00 to $259.00
NEW Apple iPhone XR 128/256GB UNLOCKED Smartphone A1984 (GSM+CDMA),$396.29 to $469.29
Apple iPhone XR -64GB- Unlocked Verizon At&t T-Mobile Cricket Red Black Blue 4G,$160.00 to $261.00
"Unused & Sealed in Box Apple iPhone XR 128GB Unlocked White 6.1"" Smartphone",$393.66
NEW Apple iPhone XR 128GB Unlocked All Colors T-Mobile Verizon AT&T Sprint,$399.89
Apple iPhone XR 64GB Fully Unlocked GSM/CDMA - USED,$159.00 to $248.00
Apple iPhone XR 64GB Factory Unlocked Smartphone 4G LTE iOS Smartphone,$157.00 to $272.00
New Apple iPhone XR 128/256GB Unlocked Blue Smartphone A1984 (CDMA + GSM),$398.59 to $468.59
Apple iPhone XR 64GB Factory Unlocked Smartphone iOS 4G LTE,$159.00 to $238.00
NEW Unlocked Apple iPhone XR 128/256GB White Smartphone Verizon AT&T T-Mobile,$396.29 to $469.29
"Apple iPhone XR Fully Unlocked 128/256GB 6.1"" Smartphone in Original Sealed Box",$397.88 to $467.88
New Sealed Box Apple iPhone XR 128GB Factory Unlocked Red Smartphone A1984,$399.89
Apple iPhone XR 64GB Black Blue Yellow Red White AT&T Locked Very Good Condition,$159.00 to $259.00
Apple iPhone XR (PRODUCT)RED - 64GB - (Unlocked) A1984 *READ DESCRIPTION*,$156.00 to $245.00
New Apple iPhone XR Unlocked 128GB Blue iOS Smartphone Original Sealed Box,$397.66
Apple iPhone XR Unlocked 128GB Blue Smartphone ~ New & Sealed in Original Box,$398.59
Apple iPhone XR Unlocked 128/256GB Smartphone ~ New & Sealed in Original Box,$397.88 to $467.88
Brand New Apple iPhone XR Unlocked 128GB Smartphone Sealed in Original Box,$396.29 to $399.29
New Apple iPhone XR 128/256GB Unlocked Smartphone All Colors A1984 AT&T T-mobile,$393.66 to $465.66
"New Apple iPhone XR 128GB Unlocked 6.1"" iOS Smartphone AT&T T-mobile Verizon",$395.59 to $398.59
Apple iPhone XR A1984 T-Mobile 64GB Check IMEI Good Condition,$155.00 to $243.00
New Apple iPhone XR 128/256GB Unlocked AT&T T-Mobile Verizon A1984(CDMA+GSM),$395.59 to $468.59
Sealed in Box Apple iPhone XR 128/256GB Unlocked Smartphone US STOCK,$399.89 to $469.89
NEW Apple iPhone XR Fully Unlocked - 128/256GB - Sealed in Original Box,$396.29 to $469.29
New Apple iPhone XR 128/256GB Unlocked White Smartphone A1984 AT&T T-Mobile,$394.69 to $468.69
New & Sealed Apple iPhone XR 128/256GB Unlocked Smartphone 1 Year Warranty,$393.66 to $465.66
Apple iPhone XR 64GB Unlocked Verizon At&t T-Mobile Smartphone WIFI LTE 4G,$158.00 to $274.00
New & Sealed Apple iPhone XR 128GB Factory Unlocked Smartphone A1984 White,$396.29
Brand New Apple iPhone XR 128GB Factory Unlocked White Blue Smartphone - Sealed,$397.88
New & Unused Apple iPhone XR 128GB iOS White Smartphone AT&T T-mobile Verizon,$397.88
Apple iPhone XR 64GB Unlocked Verizon At&t T-Mobile Metro PCS Clean ESN 4G,$159.00 to $248.00
New in Sealed Box Apple iPhone XR 128GB Factory Unlocked iOS Smartphone White,$395.59
NEW Apple iPhone XR 128GB White Unlocked T-Mobile Verizon AT&T Sprint,$399.89
New Sealed iPhone XR 128/256GB Unlocked Black White Red - 1 Year Warranty,$399.89 to $469.89
Apple iPhone XR - 64GB - All Colors - Fully Unlocked (GSM) - Good Condition,$214.00 to $247.00
Sealed Apple iPhone XR Unlocked 128GB Smartphone Blue A1984 (CDMA+GSM),$399.29
"New in Box Apple iPhone XR 128GB iOS 6.1"" Smartphone A1984(GSM+CDMA)",$395.59 to $398.59
Sealed & New Apple iPhone XR 128GB Unlocked White A1984 (CDMA + GSM),$397.88
New Apple iPhone XR Unlocked 128GB White Smartphone AT&T T-mobile Verizon,$397.88
Apple iPhone XR 64GB Unlocked Verizon AT&T T-Mobile Black 4G LTE - Good,$158.00 to $247.00
Apple iPhone XR 64GB 4G LTE (T-Mobile- Sprint- Metro) Smartphone Very Goo,$159.00 to $259.00
Apple iPhone XR 64GB Unlocked Verizon At&t Straight Talk Cricket Clean IMEI 4G,$158.00 to $237.00
"New & Sealed Apple iPhone XR Unlocked 128/256GB White 6.1"" Smartphone GSM/CDMA",$395.59 to $468.59
Sealed & New Apple iPhone XR 128GB Factory Unlocked White Smartphone GSM/CDMA,$396.29
Sealed in Box Apple iPhone XR 256GB Unlocked Smartphone US STOCK,$469.89
New & Sealed Apple iPhone XR 128GB Unlocked Smartphone A1984(CDMA+GSM),$397.88
Apple iPhone XR 128/256GB White Unlocked T-Mobile AT&T Verizon Smartphone New,$397.88 to $467.88
Apple iPhone XR 64GB Unlocked Verizon T-Mobile Straight Talk at&t Smartphone,$159.00 to $259.00
Apple iPhone XR 64GB Unlocked Verizon At&t Cricket Tracfone Cleaned ESN,$159.00 to $248.00
Mint Apple iPhone XR - AT&T - 64GB - Black - A1984 - FMI OFF!,$158.00 to $274.00
Apple iPhone XR 64GB Unlocked Verizon T-Mobile (GSM + CDMA) Free Return,$158.00 to $247.00
"Sealed Apple iPhone XR 256GB Unlocked White 6.1"" Smartphone - 1 Year Warranty",$469.29
IPHONE XR 64 GB UNLOCKED BLUE MINT CONDITION,$159.00 to $275.00
Brand New Apple iPhone XR 128GB Fully Unlocked White Smartphone in Sealed Box,$397.88
Sealed & New Apple iPhone XR 128GB Unlocked Smartphone 1 Year Warranty,$395.59 to $398.59
*NEW SEALED* Apple iPhone XR Unlocked UNLOCKED Smartphone 256GB US STOCK,$460.66 to $465.66
New Apple iPhone XR 128GB - White (Unlocked) A1984 (CDMA + GSM) 1 Year Warranty,$396.29
Brand New Apple iPhone XR Unlocked 128GB White AT&T T-Mobile Verizon Sealed Box,$397.88
New in Sealed Box Apple iPhone XR 128GB Factory Unlocked iOS Smartphone Blue,$398.59
Apple iPhone XR 64GB Unlocked Verizon At&t T-Mobile Spectrum Sprint 4G LTE,$159.00 to $238.00
Apple iPhone XR 64GB Unlocked Verizon At&t Smartphone IOS LTE WIFI 4G,$159.00 to $275.00
New Apple iPhone XR Factory Unlocked 256GB White Smartphone A1984 Sealed Box,$468.29
Apple iPhone XR Unlocked 128GB Blue AT&T T-Mobile Verizon [NEW SEALED],$397.88
New in Sealed Box Apple iPhone XR 256GB Factory Unlocked White Smartphone,$465.66
New Apple iPhone XR 128GB Unlocked Blue Smartphone - Unused & Sealed in Box,$397.88
New Apple iPhone XR 256GB Factory Unlocked Smartphone in Sealed Box - White,$467.88
Apple iPhone XR 64GB Unlocked Verizon At&t US Cellular T-Mobile Black Red Blue,$157.00 to $272.00
Mint Apple iPhone XR - Unlocked Carrier - 64GB - Black - A1984 - FMI OFF!,$158.00 to $274.00
"New Apple iPhone XR Factory Unlocked 128GB Black 6.1"" Smartphone ~ Sealed Box",$397.88
Apple iPhone XR A1984 64GB Red T-Mobile Unlocked/Metro Mint,$158.00 to $274.00
Original Sealed Apple iPhone XR 128GB Unlocked Samrtphone 1 Year Warranty,$395.79 to $398.79
New Apple iPhone XR Fully Unlocked 128/256GB Smartphone - Sealed in Original Box,$395.79 to $466.79
Sealed & New Apple iPhone XR Unlocked 128/256GB AT&T T-Mobile A1984,$394.69 to $468.69
"New Apple iPhone XR 128/256GB Factory Unlocked 6.1"" Smartphone in Sealed Box",$393.66 to $465.66
"Fully Unlocked Apple iPhone XR 128/256GB iOS 6.1"" Smartphone in Original Box",$396.29 to $469.29
*NEW SEALED* Apple iPhone XR Unlocked UNLOCKED Smartphone 128/256GB A1984,$396.29 to $469.29
Original Sealed Apple iPhone XR 128GB Unlocked Blue Smartphone A1984(CDMA+GSM),$398.69
NEW Apple iPhone XR Unlocked 128/256GB Smartphone Sealed in Original Box,$396.29 to $469.29
Sealed & New Apple iPhone XR Unlocked 128/256GB White AT&T T-Mobile A1984,$394.69 to $468.69
NEW Apple iPhone XR 128/256GB UNLOCKED Blue Verizon AT&T T-Mobile Sprint A1984,$399.29 to $469.29
"Original Sealed Apple iPhone XR A1984 128GB Unlocked 6.1"" iOS Smartphone White",$398.69
Sealed & New Apple iPhone XR 128/256GB Unlocked Smartphone AT&T T-monile Verizon,$394.69 to $458.69
"Apple iPhone XR 128/256GB Factory Unlocked 6.1"" Smartphone New Sealed Box",$394.69 to $468.69
SEALED - Apple iPhone XR 128GB Unlocked Smartphone A1984 with 1 Year Warranty,$394.69 to $398.69
Sealed Apple iPhone XR Unlocked 128/256GB White Smartphone AT&T T-Mobile Verizon,$393.66 to $465.66
New Apple iPhone XR Unlocked 128/256GB White Smartphone AT&T T-Mobile Verizon,$393.66 to $465.66
NEW UNUSED Apple iPhone XR Unlocked 128/256GB Smartphone AT&T T-Mobile Verizon,$394.69 to $458.69
Sealed & New Apple iPhone XR 128GB Unlocked White Smartphone 1 Year Warranty,$397.88
Sealed & New Apple iPhone XR Unlocked 128GB White AT&T T-Mobile A1984(GSM+CDMA),$398.69
Sealed Apple iPhone XR 128GB Factory Unlocked Blue Smartphone A1984 GSM/CDMA,$397.66
Sealed in Box Apple iPhone XR 128GB Fully Unlocked White Smartphone A1984,$398.69
NEW UNOPENED Apple iPhone XR UNLOCKED 128GB AT&T T-Mobile Verizon Sprint,$394.69 to $398.69
New in Sealed Box Apple iPhone XR 128/256GB Unlocked iOS Smartphone A1984,$393.66 to $465.66
