Title,Price
Apple iPhone 14 Pro Max 512GB Unlocked AT&T T-Mobile Verizon Very Good Condition,$884.95
Case For iPhone 15 Pro Max 14 Plus 13 12 11 XS Shockproof Full Protective Cover,$2.48 to $6.22
Apple iPhone 14 Pro Max A16 128GB 256GB 512GB 1TB Unlocked New Sealed,"$1,429.49 to $2,089.49"
Apple iPhone 14 Pro Max 256GB ( Unlocked) US E Sim - Excellent,$909.99
Apple iPhone 14 Pro Max - 128GB - Deep Purple (Unlocked) Smartphone,$810.00
NEW LISTINGApple iPhone 14 Pro Max - 128GB -Black Unlocked,$710.00
Apple iPhone 14 Pro Max 256GB ( Unlocked) US E Sim - Very Good,$889.99
Apple iPhone 14 Pro Max (space Black) - For Parts Only Not Working/ LCD Issue,$325.00
Apple iPhone 14 Pro Max 256GB Space Black Unlocked Fair Condition,$799.99
NEW LISTINGApple iPhone 14 Pro Max 256GB - Purple - BLOCKED ***Opened Never Used***,$123.32
NEW LISTINGApple iPhone 14 Pro Max - 256GB - Space Black (Carrier Locked) - CHECK ESN,$530.00
T-Mobile Apple iPhone 14 Pro Max 256GB (MQ8W3LL/A) (A2651) *NO RESERVE*,$370.00
NEW LISTINGApple iPhone 14 Pro Max - 128GB - Gold (T-Mobile),$660.00
Apple iPhone 14 Pro Max 128GB Space Black Unlocked Fair Condition,$769.99
Apple iPhone 14 Pro Max - 128GB - Space Black (Verizon) CHECK ESN - READ!,$549.00
Apple iPhone 14 Pro Max 128gb - Space Black(US Cellular) Look at Lens **READ**,$495.00
Parts and Repair Apple iPhone 14 Pro Max A2651 128GB Silver T-Mobile Check IMEI,$127.50
Apple iPhone 14 Pro Max - 256GB - Space Black (Verizon) CHECK ESN - READ!,$599.00
NEW LISTINGApple iPhone 14 Pro Max - 128GB - WHITE (Verizon) CHECK ESN - READ!,$540.00
Apple iPhone 14 Pro or Pro Max PARTS AND REPAIRS ONLY,$123.50
Apple iPhone 14 Pro Max - 512GB - Silver (Unlocked),$735.00
Damaged Apple iPhone 14 Pro Max 128GB Black Unlocked - Spares & Repairs /F481,$464.63
Apple iPhone 14 Pro Max - 256GB - FOR PARTS Deep Purple (Verizon),$200.00
NEW LISTINGApple iPhone 14 Pro Max 128GB Deep Purple ATT FINANCED,$500.00
Apple iPhone 14 Pro Max - 128GB - Space Black (AT&T),$287.00
NEW LISTINGApple iPhone 14 Pro Max - 128GB Locked To Owner For Parts Only,$399.99
Apple iPhone 14 Pro Max - 128GB - Gold (Verizon) A+ Excellent Condition,$650.00
Case For iPhone 15 14 13 12 11 XR 7 8 CLEAR Shockproof Silicone 360 Phone Cover,$7.46
NEW LISTINGApple iPhone 14 Pro Max - 128GB - Space Black (Unlocked),$550.00
Case For iPhone 14 13 12 11 XR 7 8 SE 2 3 CLEAR Shockproof Back 360 Phone Cover,$4.97 to $7.46
360 Full Body Case For iPhone 14 13 12 11 Pro Max Mini XR XS Max 7 8 Plus SE,$6.22 to $7.46
Apple iPhone 14 Pro Max - 128GB - Deep Purple (T-Mobile),$490.00
NEW LISTINGApple iPhone 14 Pro Max A2651 256GB Purple,$425.00
Apple iPhone 14 Pro Max - 512GB - Gold - Unlocked - Please Read Description!!,$871.94
Verizon Apple iPhone 14 Pro Max A2651 Silver Broken Parts Only READ DESCRIPTION,$435.00
"NEW LISTINGBRAND NEW Apple iPhone 14 Pro Max, Space Black, 1TB (AppleCare+ Replacement)","$1,071.26"
NEW Apple iPhone 14 Pro Max - 1TB - Space Black (Unlocked),"$1,799.00"
Apple iPhone 14 Pro Max 256GB Unlocked AT&T T-Mobile Verizon Very Good Condition,$859.95
Apple iPhone 14 Pro Max - 512GB - Space Black (Unlocked)-For Parts,$375.00
Apple iPhone 14 Pro Max Deep Purple 5G Smartphone 128GB Vodafone Network,$460.89
NEW LISTINGApple iPhone 14 Pro Max 512GB Deep Purple Unlocked Excellent Condition,$950.00
Damaged Apple iPhone 14 Pro Max 128GB Silver Unlocked - Spares & Repairs /F497,$317.64
Apple iPhone 14 Pro Max - 128GB Locked To Owner For Parts Only,$315.00
NEW LISTINGApple iPhone 14 Pro Max - 256GB - Gold (AT&T) (bad( (esn( READ NO RETURNS,$594.99
iPhone 14 Pro Max - Factory Unlocked - 512GB - Purple - Excellent,$979.00
Apple iPhone 14 Pro Max - 256GB - Deep Purple (AT&T),$950.00
Case For iPhone 14 12 13 PRO MAX 11 7 8 360 Clear Shockproof Silicone Cover,$7.46
Apple iPhone 14 Pro Max 256GB Silver Unlocked - Fair Condition,$829.99
NEW LISTINGApple iPhone 14 Pro Max 256GB Deep Purple T-Mobile Financed Excellent,$550.00
New Verizon Apple iPhone 14 Pro Max 128GB MQ8Q3LL/A A2651 Gold Bad,$724.99
Apple iPhone 14 Pro - 128GB - Silver (Unlocked) Some Light Scratching,$730.00
"Apple iPhone 15 Pro Max 1TB Falcon 150grams 18K Gold with Diamonds, Video","$35,000.00"
Apple iPhone 14 Pro Max 512GB Deep Purple Unlocked Fair Condition,$829.99
NEW LISTINGApple iPhone 14 Pro Max - 256GB - Gold - (Verizon) - Unclean IMEI,$749.99
Apple iPhone 14 Pro Max 1TB Bundle - Space Black Factory Unlocked,$810.00
Apple iPhone 14 Pro Max - 128GB - Silver (Spectrum),$600.00
Case For iPhone 15 14 13 12 11 XR 7 8 SE 2 3 CLEAR Shockproof Full Phone Cover,$7.46
SHOCKPROOF Case For iPhone 14 13 12 11 XR 7 8 SE 2 CLEAR FULL Phone Cover 360,$4.97 to $7.46
Case For iPhone 14 13 12 11 XR 7 8 SE CLEAR Shockproof Silicone 360 Phone Cover,$4.97 to $7.46
Apple iPhone 13 Pro Max - 128GB - Space Black (AT&T) ( Cracked Camera ),$379.99
New Apple iPhone 14 Pro Max 5G • AT&T/Verizon/T-Mobile • 128GB/256GB/512GB/1TB,$799.99
Apple iPhone 14 Pro Max 128GB Deep Purple | Unlocked | Good Condition,$809.00
Apple iPhone 14 Pro Max - 256GB - Deep Purple (Unlocked),$810.00
Apple iPhone 14 Pro Max 512GB ( Unlocked) US E-Sim Version. Excellent,$994.99
Apple iPhone 14 Pro Max 512GB Unlocked AT&T T-Mobile Verizon Fair Condition,$809.95
Apple iPhone 14 Pro Max - 128GB - Silver (Unlocked) cracked back and bend,$845.80
"iPhone 14 Pro Max, 512gb, UNLOCKED, (*Android* Version) *READ DESCRIPTION* Black",$193.08
Apple iPhone 14 Pro 128GB Space Black Unlocked - Cracked Screen Tmobile,$550.00
NEW LISTINGApple iPhone 14 Pro Max 128GB Gold (US Cellular) FOR PARTS / REPAIR,$549.99
NEW LISTINGApple iPhone 14 Pro Max - 512GB - Gold (Unlocked) (47502),$944.19
Apple iPhone 14 Pro Max - 256GB - Deep Purple (AT&T) - FINANCED,$649.99
Case For iPhone 14 11 13 Pro Max 12 XR 8 SE CLEAR JELLY Shockproof Phone Cover,$7.46
Mint Apple iPhone 14 Pro Max 128GB Spectrum Mobile Network - Black + More,$679.99
Full Body Case For iPhone 14 12 13 PRO MAX 11 7 8 SE 2 3 360 FRONT & BACK Cover,$7.46
360 Full Body Case For iPhone 15 14 13 12 11 Pro Max Mini XR XS Max 7 8 Plus SE,$7.46
14 Pro Max - 128GB - (AT&T) READ READ READ,$250.00
Apple iPhone 13 Pro Gold ic locked Very Good Condition And Iphone 11 128gb Read,$450.00
iPhone 14 Pro Max - Verizon Only - 256GB - Purple - Brand New,$919.00
Apple iPhone 14 Pro Max 128GB Gold Unlocked Mint 100% BH APPLE WARRANTY 28/1/24,$909.32
iPhone 14 Pro Max - Factory Unlocked - 128GB - Purple - Excellent,$850.00
Case For iPhone 14 13 12 11 XR 7 8 SE CLEAR Shockproof Silicone 360 Phone Cover,$4.97 to $7.46
NEW LISTINGiPhone 14 Pro Max 1TB Deep Purple,$747.39
NEW LISTINGApple iPhone 14 Pro Max - 256GB - Space Black (Unlocked) Mint Condition,$622.83
NEW LISTINGApple iphone 14 Pro Max 128 gb - Space Black - IMMACULATE CONDITION,$622.83
NEW LISTINGApple iPhone 14 Pro Max - 256GB - Black Titanium (Unlocked),$128.50
NEW LISTINGApple iPhone 14 Pro Max - 128GB - Gold (Unlocked) Flawless Condition,$519.00
3x Privacy Screen Protector Tempered Glass For iPhone 14 13 12 11 Pro Max,$8.49 to $11.99
NEW LISTINGApple iPhone 14 Pro Max - 512GB - Space Black (Unlocked),$664.05
Case For iPhone 14 13 12 11 XR 7 8 CLEAR Shockproof Phone full Protection Cover,$4.97 to $7.46
360 Full Body Case For iPhone 14 12 13 PRO MAX 11 7 8 Front & Back Cover,$7.46
360 Full Body Case For iPhone 15 14 13 12 11 XR 7 8 Plus SE 2 3 SHOCKPROOF,$7.46
Apple iPhone 14 Pro Max 128GB Silver - Unlocked - Excellent - Warranty,"$1,071.26"
Apple iPhone 14 Pro Max 256GB Space Black U.S. Reseller Flex - NEW & SEALED,$680.00
NEW LISTINGApple iPhone 14 Pro Max - 128GB - Silver (AT&T)-Locked- Excellent Condition,$250.00
Apple iPhone 14 Pro Max - 512GB - Deep Purple (locked) (Don't know the PIN),$639.02
Apple iPhone 14 Pro Max - 256GB - Deep Purple (Unlocked),$570.00
Apple iPhone 14 Pro Max - 256GB - Space Black (Unlocked) A2651 (GSM),$760.00
Apple iPhone 14 - 256GB - Space Black (Unlocked),$746.14
NEW LISTINGApple iPhone 14 Pro Max - 128GB - Gold (Unlocked) A2894 (GSM),$561.79
NEW LISTINGTwo iphone 14 pro max 256gb deep purple And Gold never Open With Receipt,"$1,108.63"
Apple iPhone 14 Pro Max - Silver (Unlocked) cracked screen,$435.98
iPhone 14 Pro Max - Factory Unlocked - 512GB - Black - Excellent,$986.00
Case For iPhone 14 12 13 PRO MAX 11 7 8 SE 2 3 360 FRONT & BACK Cover,$7.46
Case For iPhone 14 13 12 11 XR 7 8 SE 2 3 CLEAR Shockproof 360 Phone Cover,$4.97 to $7.46
Apple iPhone 14 Pro Max 256 GB Deep Purple (MQ8W3LL/A) AT&T,$649.95
Cracked Apple iPhone 14 Pro Max A2651 256GB AT&T Check IMEI,$540.96
"Apple iPhone 14 Pro Max 256GB (AT&T) 6.7"" MQ8W3LL/A Deep Purple",$699.99
NEW LISTINGiPhone 14 Pro Max,$996.52
Apple iPhone 14 Pro Max - 128GB - Space Black (Unlocked),$800.00
NEW LISTINGApple iPhone 14 Pro Max - 128GB - Deep Purple (T-Mobile) Check ESN,$639.99
Apple iPhone 14 Pro Max - 512GB - Space Black (Unlocked),"$1,182.12"
Apple iPhone 14 Pro Max ✅ WITH PHYSICAL SIM SLOT ✅ Every Color and Capacity!,"$1,529.83 to $2,403.29"
"Apple iPhone 14 Pro Max 5G 6.7"" Smartphone 256GB Unlocked SIM-Free - Silver NEW","$1,217.00"
Parts Apple iPhone 14 Pro Max - 128GB -T-Mobile / Blocked,$475.00
Apple iPhone 14 Pro Max 128GB Deep Purple Unlocked Excellent Condition,$919.99
Apple iPhone 14 Pro Max 128GB Deep Purple Verizon Good Condition,$699.99
APPLE IPHONE 14 PRO MAX 128GB SPACE BLACK FOR AT&T WORLD WIDE SHIPPING,$849.99
Apple iPhone 14 Pro Max 256GB Deep Purple Unlocked Very Good Condition,$929.99
Apple iPhone 14 Pro - 128GB - Silver (Unlocked),$760.00
AT&T Apple iPhone 14 Pro Max eSIM 128GB 17.0.3 Deep Purple MQ8R3LL/A A2651 Bad,$639.99
Apple iPhone 14 Pro Max A2651 AT&T Purple Fair Condition Check IMEI,$685.95
Apple iPhone 14 Pro Max - 128GB - Gold T-Mobile Only - MQ8Q3LL/A,$615.00
iPhone 14 Pro Max - Factory Unlocked - 256GB - Black - Fair,$810.00
Apple iPhone 14 Pro Max - 128GB - Purple - NEW IN BOX,$790.00
Full Body Case For iPhone 14 12 13 PRO MAX 11 7 8 SE 2 360 FRONT & BACK Cover,$7.46
Apple iPhone 14 Pro Max Unlocked 128GB/256GB/512GB/1TB All Colours - Good,"$1,084.95 to $1,214.50"
Apple iPhone 14 Pro Max 128GB Deep Purple (MQ8R3LL/A) CLEAN IMEI **Unlocked**,$799.95
Apple iPhone 14 Pro Max A2651 256GB T-Mobile Fair Condition Check IMEI,$675.97
Apple iPhone 14 Pro Max 512GB Deep Purple US GCI Wireless - Excellent Cond,$749.99
Apple iPhone 14 Pro Max - 128GB - Deep Purple,$373.70
Apple iPhone 14 Pro Max 1TB Space Black Unlocked Very Good Condition,$949.99
Case For iPhone 14 13 12 11 XR 7 8 CLEAR Shockproof Phone 360 Protection Cover,$4.97 to $7.46
Case For iPhone 14 13 12 11 XR 7 8 CLEAR Shockproof Silicone 360 Phone Cover,$4.97 to $7.46
iPhone 14 Pro Max - Verizon Only - 256GB - Purple - Open Box - New,$944.00
Case For iPhone 14 12 13 PRO MAX 11 7 8 SE 2 3 Clear ShockProof Protective Cover,$7.46
Parts Only- Apple iPhone 14 Pro Max - 128GB - Deep Purple (Verizon) Please Read,$575.00
Apple iPhone 14 Pro Max - All Colors /GB's T-Mobile/Sprint Warranty - B Grade,$769.99
Apple iPhone 14 Pro Max - 256GB - Deep Purple (Unlocked),$810.00
"Apple iPhone 14 Pro Max, 256GB, Space Black, Unlocked - Pristine Warranty",$871.96
(Untested) iPhone I4 Pro Max,$190.00
Apple iPhone 14 Pro Max - 128GB - Deep Purple (T-Mobile) Cracked Back,$590.00
NEW Apple iPhone 14 Pro Max 128GB DEEP PURPLE UNLOCKED WITH SIM CARD TRAY,"$1,529.79"
Apple iPhone 14 Pro Max - 128GB - Black (AT&T) Smartphone READ,$625.00
360 Full Body Case For iPhone 14 12 13 PRO MAX 11 7 8 SE 2 Pc Tpu Cover,$7.46
"DS18 PRO-H8EDGE 8"" Midrange Loudspeaker 8 Ohm 550 Watt Competition Loud Speaker",$47.95
Apple iPhone 14 Pro Max 256GB Deep Purple Unlocked Good Condition,$899.99
Apple iPhone 13 Pro Max - 128GB - Space Black (AT&T) ( Cracked Camera ),$379.99
Apple iPhone 14 Pro Max - 128GB - Space Black (AT&T)-For Parts,$650.00
Apple iPhone 14 Pro Max 128GB Deep Purple Unlocked Fair Condition,$769.99
Apple iPhone 14 Pro Max - 128GB - Space Black (Verizon),$699.99
iphone 14 pro max 256gb,$871.96
Apple iPhone 14 Pro Max 128GB Gold Unlocked Mint 100% BH APPLE WARRANTY 28/1/24,$909.32
Apple iPhone 14 Pro Max 128GB [A2651] Silver (Verizon) Smartphone - Financed,$604.95
"iPhone 14 Pro Max, 512gb, (*Android* Version) *READ DESCRIPTION* Purple",$186.85
Apple iPhone 14 Pro Max - 128GB - Deep Purple (AT&T) ESN BAD *READ DESCRIPTION*,$550.00
USED APPLE IPHONE 14 PRO MAX A2651 SMART PHONE AT&T 128GB Financed (QUC019534),$649.99
iPhone 14 Pro Max - Verizon Only - 512GB - Purple - Fair,$825.00
Camera Lens Protector For iPhone 14 13 12 11 14 Pro Max 9H Tempered Glass Cover,$3.72 to $4.97
NEW*  Apple iPhone 14 Pro Max | 256GB Space Black | AT&T + Cricket,$929.99
Apple iPhone 14 Pro Max Space Black 128GB Unlocked Warranty Very Good,$969.12
Apple iPhone 14 Pro Max 128GB Deep Purple Unlocked Good Condition,$879.99
Apple iPhone 14 Pro Max 512GB Deep Purple US GCI Wireless - Excellent Cond,$749.99
Apple iPhone 14 Pro Max 128GB (T-Mobile) Check ESN Smartphone (Read) #2674,$544.99
Apple iPhone 14 Pro Max - 256GB - Deep Purple (Unlocked) 99% Bat,$996.52
Black iPhone 14 Pro Max PARTS ONLY!!!!! PLEASE READ THE DESCRIPTION,$499.00
Apple iPhone 14 Pro Max - Deep Purple PARTS ONLY FLAWLESS CONDITION 10/10,$475.00
Apple iPhone 14 Pro Max - 512GB - Space Black (AT&T),$587.00
iPhone 14 Pro Max - Unlocked - 512GB - Black - Good,$933.00
Apple iPhone 14 Pro Max 128GB Space Black Unlocked Excellent Condition,$889.99
Apple iPhone 14 Pro Max 128GB A2651 Deep Purple (Verizon) Smartphone - Financed,$634.94
14 Pro Max - OS Is Made In China (Android),$298.03
Apple iPhone 14 Pro Max 128GB | All Colors | T-Mobile + Metro | Excellent,$849.99
Apple iPhone 14 Pro Max 128GB Space Black Spectrum Locked - Cracked Front/Back,$449.99
iPhone 14 Pro Max - Factory Unlocked - 512GB - Black - Very Good,$928.00
Case For iPhone 14 13 12 11 XR 7 8 CLEAR Shockproof Transparent 360 Phone Cover,$4.97 to $7.46
APPLE IPHONE 14 PRO MAX 128GB PURPLE WORLD WIDE SHIPPING FREE SCREEN PROTECTORS,$899.99
Apple iPhone 14 Pro Max 128GB Silver Unlocked Excellent Condition,$919.99
Apple iPhone 14 Pro Max - 128GB - Space Black (Cricket Wireless) - Check ESN,$650.00
Broken Spectrum Mobile Apple iPhone 14 Pro Max 128GB Gold MQ8Q3LL/A Cracked Bad,$579.99
Apple iPhone 14 Pro Max 512GB Space Black Unlocked Fair Condition,$829.99
Apple iPhone 14 Pro Max 512GB Deep Purple Unlocked Good Condition,$929.99
New Verizon Apple iPhone 14 Pro Max 128GB MQ8Q3LL/A A2651 Gold Bad,$724.99
iPhone 14 Pro Max - 128GB - Silver - Verizon Network Clean iMEi,$719.00
APPLE IPHONE 14 PRO MAX - 512GB - UNLOCKED - NO FACE ID - BAD CAMERA - 2151,$619.99
Apple iPhone 14 Pro Max 512GB Deep Purple T-Mobile Locked Cracked/LCD Lines,$529.99
Case For iPhone 14 12 13 PRO MAX 11 7 8 SE 2 3 360 FRONT & BACK Cover,$7.46
iPhone 14 Pro Max - Factory Unlocked - 512GB - Gold - Very Good,$968.00
Apple iPhone 14 Pro Max 128GB Space Black Verizon Very Good Condition,$729.99
Apple iPhone 14 Pro Max - 256GB - Silver (Unlocked) * Flawless Condition *,$899.00
SEALED Apple iPhone 14 Pro Max 128GB Space Black - Verizon w/ APPLE WARRANTY!,$939.99
Apple iPhone 14 Pro Max - 256GB - Deep Purple (AT&T),$999.98
Apple iPhone 14 Pro Max 128GB Black Unlocked - Good w/ Intermittent LCD Lines,$699.99
Apple iPhone 14 Pro Max 256GB Purple Unlocked - Cracked Front/Back w/ LCD Damage,$549.99
APPLE IPHONE 14 PRO MAX - Gold - FMI - For Parts/Repair* #4,$483.59
T-Mobile Apple iPhone 14 Pro Max eSIM 128GB 16.3.1 Space Black MQ8N3LL/A Bad,$644.99
NEW LISTINGApple iPhone 14 Pro Max - 128GB - Space Black (Unlocked) A2894 (GSM),$747.39
AT&T Apple iPhone 14 Pro Max eSIM 128GB 16.3 Space Black MQ8N3LL/A Bad,$629.99
Apple iPhone 14 Pro Max 256GB Silver AT&T Locked - LCD Lines,$449.99
For iPhone 7 8 XS XR 11 12 13 14 15 PRO MAX 14 15 Leather Wallet Book Phone Case,$6.84
Case For iPhone 14 12 13 PRO MAX 11 7 8 Shockproof CLEAR Full Protective Cover,$7.46
iPhone 14 Pro Max - Factory Unlocked - 512GB - Purple - Very Good,$921.00
Apple iPhone 14 Pro Max 512GB Deep Purple Unlocked Very Good Condition,$929.99
New Sealed iPhone 14 Pro Max - 128GB - Gold (Unlocked),"$1,239.42"
Apple iPhone 14Pro Max 128GB White Spectrum ESIM ESN BAD *READ DESCRIPTION*,$599.00
Apple iPhone 14 Pro Max 256GB (Verizon) A2651 Space Black - For Parts,$739.95
iPhone 14 Pro Max - Verizon Only - 256GB - Purple - Brand New,$919.00
Apple iPhone 14 Pro Max - 128GB - Deep Purple (AT&T Locked) Phone,$747.50
Apple iPhone 14 Pro Max 128GB Space Black Unlocked Very Good Condition,$879.99
Apple iPhone 14 Pro Max 1TB Space Black Unlocked - Very Good w/ Adhesive Wear,$969.99
Apple iPhone 14 Pro Max 1TB Space Black Spectrum Locked - Excellent Condition,$949.99
Apple iPhone 14 Pro Max 256GB Deep Purple T-Mobile Financed Excellent Condition,$599.00
Apple iPhone 14 Pro Max - 512GB - Deep Purple (Verizon),$910.00
Apple iPhone 14 Pro Max - 128GB - Silver (T-Mobile),$750.00
Apple iPhone 15 Pro Max Cartier Tiger Edition with Emeralds and 24k Gold,"$6,200.00"
Apple iPhone 14 Pro Max - 256GB - Deep Purple (Unlocked),$925.00
Apple iPhone 14 Pro Max - 128GB - Space Black (Verizon),$799.99
Case For iPhone 14 13 12 11 XR 7 8 SE CLEAR Shockproof Transparent Phone Cover,$4.97 to $7.46
Case for iPhone 14 12 13 PRO MAX 11 7 8 SE 2 3 Shockproof 360 Protective Cover,$7.46
Apple iPhone 14 Pro Max 128GB (AT&T) A2651 Space Black - Unable To Activate,$629.95
Apple iPhone 14 Pro Max 128GB Space Black Unlocked VGC 98% BH WARRANTY 15/6/24,$982.82
Apple iPhone 14 Pro Max - 256GB - Deep Purple (AT&T)-For Parts,$589.00
Apple iPhone 15 Pro Max 512gb Chaos Edition,"$7,000.00"
Apple iPhone 14 Pro Max 128GB Deep Purple Unlocked Excellent Condition,$934.24
Apple iPhone 14 Pro Max 128GB Space Black Verizon Excellent Condition,$749.99
Apple iPhone 14 Pro Max - 128GB - Deep Purple (T-Mobile),$875.00
Apple iPhone 14 Pro Max 256GB Gold Unlocked - Cracked Front/Back w/ LCD Spot,$739.99
Apple iPhone 14 Pro Max A2651 256GB Black AT&T Clean IMEI,$887.98
Apple iPhone 14 Pro Max 256GB Gold AT&T Excellent Condition,$849.99
Apple iPhone 14 Pro Max A2651 Unlocked 128GB Space Black C,$819.99
Apple iPhone 14 Pro Max 256GB Gold UNLOCKED SIM CARD TRAY MQ9W3ZP/A Model A2894,"$1,597.97"
Apple iPhone 14 Pro Max 512GB (Deep Purple) NEW **Sealed** UNLOCKED BARGAIN!!,"$1,662.94"
Apple iPhone 14 Pro Max 128GB Deep Purple Verizon Excellent Condition,$749.99
Apple iPhone 14 Pro Max - 128 GB - Colour Black Unlocked Smartphone - Brand New,"$1,214.51"
Apple iPhone 14 Pro Max - Choose your Unlocked Model - Excellent Condition,$899.52 to $919.52
NEW LISTINGApple iPhone 14 Pro Max - 256GB - Space Black (Unlocked) (CA),$947.04
Apple iPhone 14 Pro Max A2651 256GB Black AT&T Check IMEI,$892.98
Apple iPhone 14 Pro Max 512GB Deep Purple Unlocked - Screen Lift,$867.99
New Sealed iPhone 14 Pro Max - 128GB - Silver (Unlocked),"$1,239.42"
Apple iPhone 14 Pro Max 128GB Black Xfinity - Cracked Front/Back w/ LCD Damage,$607.99
Apple iPhone 14 Pro Max - 128GB - Gold (AT&T Locked) Phone,$747.50
Apple iPhone 14 Pro Max 128GB Deep Purple Verizon Very Good Condition,$729.99
used good Apple iphone 14 PRO MAX Factory Unlocked 512GB GSM CDMA,$974.99
Apple iPhone 14 Pro Max A2651 Unlocked 512GB Deep Purple C,$899.99
Apple iPhone 14 Pro Max 128GB (T-Mobile) A2651 Deep Purple - For Parts,$649.95
Apple iPhone 14 Pro Max - 128GB - Space Black (Unlocked) - Fair Condition,$769.95
Apple iPhone 14 Pro Max - 256GB - Deep Purple (Unlocked),$935.00
Apple iPhone 14 Pro Max 256GB Space Black (Unlocked) 8 Months Warranty,"$1,121.09"
Apple iPhone 14 Pro Max (256GB) Gold (Unlocked) -NEW SEALED,"$1,804.95"
Apple iPhone 14 Pro Max 128GB Verizon Locked Very Good Condition,$799.95
Apple iPhone 14 Pro Max 128GB Deep Purple Spectrum Locked - Good Condition,$699.99
Apple iPhone 14 PRO MAX 1TB DEEP PURPLE NEW (UNLOCKED) U.K MODEL SELLER WARRANTY,"$1,555.82"
NEW*  Apple iPhone 14 Pro Max | 256GB Space Black | ESIM T-Mobile + Metro,$899.99
Apple iPhone 14 Pro Max 128GB Space Black Verizon Excellent Condition,$700.00
Apple Mq963J/A Iphone 14 Pro Max,"$1,866.50"
Apple iPhone 14 Pro Max 128GB Deep Purple AT&T Very Good Condition,$749.99
Apple iPhone 14 Pro Max A2651 Unlocked 128GB Gold Excellent,$899.99
Apple iPhone 14 Pro Max - 256GB - Deep Purple (AT&T) Sim Locked - PPSKN320252,$899.99
Apple iPhone 14 Pro Max 128GB Gold Unlocked Excellent Condition,$919.99
Apple iPhone 14 Pro Max - 128GB - Space Black (Unlocked) A2894 (GSM),$940.47
Apple iPhone 14 Pro Max - 128 GB - Space Black (Unlocked) 🔥GREAT condition,$824.99
Apple iPhone 14 Pro Max A2893 A16 Bionic Unlocked Dual SIM eSIM,"$1,599.99 to $2,289.99"
Apple iPhone 14 Pro Max 128GB Space Black T-Mobile - A2651 MQ8N3LL/A - BAD - ESN,$749.98
Apple iPhone 14 Pro Max - 128GB - Deep Purple (T-Mobile),$875.00
Apple iPhone 14 Pro Max A2651 Unlocked 512GB Space Black C,$899.99
Apple iPhone 14 Pro Max - 128GB - Deep Purple (AT&T) A2651 (CDMA + GSM),$699.99
(Untested) iPhone I4 Pro Max,$190.00
Apple iPhone 14 Pro Max A2651 Unlocked 128GB Deep Purple Good,$849.99
NEW*  Apple iPhone 14 Pro Max | 256GB Deep Purple | T-Mobile + Metro,$929.99
Apple iPhone 14 Pro Max 128GB AT&T Locked Very Good Condition,$794.95
Apple iPhone 14 Pro Max - 256GB - Deep Purple (Unlocked),"$1,599.00"
Apple iPhone 14 Pro Max 256GB Silver Unlocked - Cracked Front/Back w/ LCD Damage,$679.99
Apple iPhone 14 Pro Max - 128GB - Space Black (Cricket Wireless) Camera Spots,$675.00
Apple iPhone 14 Pro Max - 128GB - Space Black (AT&T),$950.00
NEW*  Apple iPhone 14 Pro Max | 128GB Space Black | T-Mobile + Metro ESIM ONLY,$879.99
Apple iPhone 14 Pro Max 128GB [A2651] Silver (Verizon) Smartphone - Financed,$604.95
Apple iPhone 14 Pro Max 128GB ( Unlocked) US E Sim - Very Good,$909.00
Apple Mq963J/A Iphone 14 Pro Max,"$1,866.50"
Apple iPhone 14 Pro Max - 128GB - Deep Purple (Unlocked),"$1,133.74"
Apple iPhone 14 Pro Max 128GB Deep Purple Spectrum Locked - Very Good Condition,$816.99
Apple iPhone 14 Pro Max 128GB Unlocked Deep Purple Boxed Apple Warranty,$996.51
Apple iPhone 14 Pro Max 512GB Deep Purple Unlocked - Screen Lift,$867.99
Apple iPhone 14 Pro Max 512GB SEALED Deep Purple Unlocked Fast Next Day Delivery,"$2,365.49"
Broken AT&T Apple iPhone 14 Pro Max eSIM 256GB Space Black MQ8T3LL/A Cracked Bad,$639.99
Apple iPhone 14 Pro Max Space Black 1TB Boxed Complete - UK,"$1,239.42"
NEW LISTINGiPhone 14 Pro Max 128 GB Purple,$849.95
Apple iPhone 14 Pro Max 128GB Deep Purple Unlocked long apple warranty 11/7/2024,$995.27
Apple iPhone 14 Pro Max - 256GB - Silver (VERIZON),$899.95
NEW LISTINGApple iPhone 14 Pro Max 512GB Black - AT&T Smartphone w/ 100% batt! 7563914,$890.00
Apple iPhone 14 Pro Max | 256GB Space Black | AT&T + Cricket | Excellent,$929.99
New Apple iPhone 14 Pro Max - 128 GB - Colour Black Unlocked Smartphone,"$1,226.97"
NEW LISTINGiPhone 14 Pro (128GB)-(graphic ) (Apple & Chimaera BLOCKED)-For Parts,$399.99
iphone 14 pro max 1tb deep purple Unlocked NEW Sealed Box UK STOCK,"$1,804.95"
Apple iPhone 14 Pro Max 256GB DeepPurple |5G|Unlocked|DualSIM-Free|New|Sealed|UK,"$2,488.78"
Apple iPhone 14 Pro Max - 256GB - Space Black (Unlocked) A2651 - Good Condition,$864.95
Apple iPhone 14 Pro Max 128GB (T-Mobile) A2651 Deep Purple - For Parts,$649.95
Apple iPhone 14 Pro Max A16 128GB 256GB 512GB 1TB Factory Unlocked / New,"$1,770.53 to $2,631.03"
NEW*  Apple iPhone 14 Pro Max | 128GB Deep Purple | Verizon ESIM ONLY,$879.99
Apple iPhone 14 Pro Max | 128GB Deep Purple | ESIM Verizon ONLY | Excellent,$879.99
Apple iPhone 14 Pro Max 512GB (Deep Purple) NEW **Sealed** UNLOCKED BARGAIN!!,"$1,662.94"
Apple iPhone 14 Pro Max - 128GB - Deep Purple (T-Mobile) Smartphone READ,$715.00
New Sealed iPhone 14 Pro Max - 128GB - Silver (Unlocked),"$1,239.42"
Apple iPhone 14 Pro Max - 256GB - Deep Purple (AT&T),$999.98
Apple iPhone 14 Pro Max - 256GB - Silver (Unlocked),$950.00
NEW LISTINGApple iPhone 14 Pro Max 512GB White - Unlocked AT&T T-Mobile Verizon GSM 7568182,$955.00
Apple iPhone 14 Pro Max A2651 Unlocked 128GB Gold C,$849.99
Apple iPhone 14 Pro Max Deep Purple 128GB AT&T **Please READ BELOW**,$750.00
NEW LISTINGApple iPhone 14 Pro Max 512GB Gold - Unlocked AT&T T-Mobile Verizon GSM 7568179,$955.00
iPhone 14 Pro Max Apple - 128GB - Deep Purple (Unlocked) with accessories,$899.95
Apple iPhone 14 Pro Max 512GB Purple Unlocked - Cracked Front/Back w/ LCD Damage,$629.99
Apple iPhone 14 Pro Max A2651 Unlocked 512GB Deep Purple C,$899.99
Front & Back Case For iPhone 14 12 13 PRO MAX 11 7 8 SE 2 3 Protective Cover,$7.46
NEW Apple iPhone 14 Pro MAX 128GB Black (Unlocked) Apple Warranty til Sept 2024!,"$1,194.58"
Apple iPhone 14 Pro Max | 128GB Space Black | T-Mobile + Metro ESIM | Excellent,$834.99
NEW LISTINGApple iPhone 14 Pro Max 256GB Purple Unlocked AT&T T-Mobile Verizon GSM 7567760,$895.00
Apple iPhone 14 Pro Max | 128GB All Colors | ESIM Factory Unlocked | Excellent,$949.99
Apple iPhone 14 Pro Max A2651 Unlocked 256GB Gold C,$899.99
Apple iPhone 14 Pro Max A2651 256GB U.S. Flex Good Condition Check IMEI,$896.97
Apple iPhone 14 Pro Max 128GB Deep Purple Unlocked,"$1,083.70"
Apple iPhone 14 Pro Max - 512GB - Space Black (AT&T),$900.00
Apple iPhone 14 Pro Max - 512GB - Space Black (Unlocked),"$2,000.00"
"Apple iPhone 15 Pro 512GB Platinum Vision Edition, Carbon","$6,000.00"
Apple iPhone 14 Pro Max 256GB Gold Unlocked - Cracked Rear Lens,$836.99
Apple iPhone 14 Pro Max 128GB ( Unlocked) US E Sim - Good,$850.00
Apple iPhone 14 Pro Max 512GB Deep Purple AT&T Very Good Condition,$919.99
Apple iPhone 14 Pro Max 128GB Gold Unlocked Mint Apple Warranty 26/7/24 100% BH,$982.82
Apple iPhone 14 Pro Max - All Colors /GB's T-Mobile/Sprint Warranty - A Grade,$819.99
Apple iPhone 14 Pro Max - 256GB AT&T Space Black,$799.94
NEW LISTINGApple iPhone 14 Pro Max 512GB Purple Unlocked AT&T T-Mobile Verizon GSM 7567726,$930.00
Apple/Sim Free Mq9E3J/A Iphone14 Pro Max 256Gb,"$1,915.13"
"NEW LISTINGApple iPhone 14 Pro Max - 256GB - Gold (TMobile)Excellent Condition,no Scratches",$741.00
Apple iPhone 14 Pro Max A16 128GB 256GB 512GB 1TB Unlocked ⭐Tracking⭐,"$1,439.49 to $2,099.49"
Apple iPhone 14 Pro Max - 1TB - Gold (Unlocked),"$1,557.06"
Apple iPhone 14 Pro Max - All Colors /GB's Xfinity Mobile Warranty - B Grade,$769.99
Apple iPhone 14 Pro Max 256GB Gold Pre-owned Very good condition,"$1,121.09"
Apple iPhone 14 Pro Max | 256GB Deep Purple | ESIM Verizon ONLY | Excellent,$929.99
used good Apple iphone 14 PRO MAX Factory Unlocked 512GB GSM CDMA Gold,$960.00
Brand New Apple iPhone 14 Pro Max 1 TB Silver GSM CDMA Factory Unlocked eSim,"$2,299.00"
Apple iPhone 14 Pro Max 256GB Verizon Locked Excellent Condition,$939.95
Apple iPhone 14 Pro Max A2651 Unlocked 256GB Deep Purple C,$899.99
NEW*  Apple iPhone 14 Pro Max | 256GB Deep Purple | ESIM Verizon ONLY,$929.99
Apple iPhone 14 Pro Max A2651 Unlocked 256GB Space Black C,$899.99
Apple iPhone 14 Pro Max 256GB Space Black Unlocked GOOD Condition,$949.99
For Apple iPhone 14 Pro Max Slim Plating Mag Safe Magnetic Clear Case Set Of 4,$30.00
AT&T Apple iPhone 14 Pro Max eSIM 512GB 16.6 Space Black Bad,$788.99
Apple iPhone 14 Pro Max - 512GB - Deep Purple (Unlocked)- EXCELLENT CONDITION,$620.00
Apple iPhone 14 Pro Max - 128GB - Silver Spactrum Network,$890.00
Apple iPhone 14 Pro Max A2651 Unlocked 256GB Space Black Good,$949.99
Apple iPhone 14 Pro Max 128GB Space Black Unlocked Excellent Condition,$799.00
iPhone 14 Pro Max - Verizon - 512GB - Black - Verizon IMEI - FOR PARTS ONLY,$950.00
iPhone 14 Pro Max 1TB,"$1,892.14 to $1,904.60"
New Apple iPhone 14 Pro Max 1TB -Space Black (Verizon),$950.00
Apple iPhone 14 Pro Max A2651 Unlocked 128GB Space Black Good,$879.99
"iphone cases 14 pro max . Available in pink , blue and black . messg for colour",$3.72
Apple iPhone 14 Pro Max Unlocked Various Colors Smartphone New,"$1,849.99 to $2,699.95"
Apple iPhone 14 Pro Max - 126GB - Gold (T-Mobile) - MQ8Q3LL/A - A2651,$849.99
Apple iPhone 14 Pro Max - 256GB - Space Black (AT&T) Smartphone - For Parts,$634.00
NEW LISTINGApple iPhone 14 Pro Max - 256GB - Space Black (Unlocked) A2651 (GSM),$915.00
Apple iPhone 14 Pro Max -128GB - Space Black (AT&T) New Opened Box Not Activated,$799.00
Apple iPhone 14 Pro Max | 128GB Space Black | ESIM T-Mobile + Metro | Very Good,$869.99
Apple iPhone 14 Pro Max A2651 128GB Verizon Good Condition Check IMEI,$750.96
Apple iPhone 14 Pro Max 128GB Deep Purple Unlocked - Fair w/ Bad Volume Button,$836.99
Apple iPhone 14 Pro Max Apple iOS Smartphone in black with 1 TB storage,"$2,525.11"
Apple iPhone 14 PRO MAX 256GB BLACK UNLOCKED NEW SEALED 1 YEAR APPLE WARRANTY,"$1,431.25"
Apple iPhone 14 Pro Max 128GB Deep Purple T-Mobile Excellent Condition,$819.99
Apple iPhone 14 Pro Max - 128GB - Deep Purple (AT&T),"$1,200.00"
Apple iPhone 14 Pro Max - 128GB - Deep Purple (AT&T) A2651 (CDMA + GSM),$699.99
Apple iPhone 15 Pro Max 512gb Bentley Edition,"$6,500.00"
Apple iPhone 14 Pro Max - 256GB - Gold (Unlocked),"$1,036.56"
Apple iPhone 14 Pro Max - 256GB - Gold (Unlocked) Apple iPhone 14 Pro Max New US,"$1,599.00"
Apple iPhone 14 Pro Max - 256GB - (Verizon) Deep Purple - Excellent Condition!!,$849.99
Apple iPhone 15 Pro Max 512gb D&G Edition,"$6,800.00"
NEW LISTINGApple iPhone 14 Pro Max 512GB Unlocked AT&T T-Mobile Verizon Very Good 7568045,$980.00
NEW LISTINGApple iPhone 14 Pro Max 256GB White - Unlocked AT&T T-Mobile Verizon GSM 7568165,$940.00
Apple iPhone 14 Pro Max 256GB Verizon Locked Very Good Condition,$909.95
Apple iPhone 14 Pro Max A2651 Unlocked 256GB Silver C,$949.99
NEW LISTINGApple iPhone 14 Pro Max 512GB Black - Unlocked AT&T T-Mobile Verizon GSM 7567559,$955.00
Apple iPhone 14 Pro Max A2651 128GB U.S. Flex Great Condition Check IMEI,$889.95
Apple iPhone 14 Pro Max - 1TB - Deep Purple (Unlocked),"$1,942.90"
Apple iPhone 14 Pro Max 128gb Black,$429.00
Apple Mq9J3J/A Iphone14 Pro Max,"$2,134.01"
NEW LISTINGApple iPhone 14 Pro Max - 128GB - Space Black (Unlocked) A2894 (GSM),$747.39
Apple iPhone 14 Pro Max - 256GB - Space Black (AT&T),$729.00
Apple iPhone 14 PRO MAX BAD LCD FOR PARTS READ,$299.00
Apple iPhone 14 Pro Max 256GB Verizon Locked Good Condition,$829.95
Apple iPhone 14 Pro Max - - Silver (Unlocked),"$1,368.97"
Apple iPhone 14 Pro Max - 128GB - Black Factory Unlocked. New,"$1,307.93"
Apple iPhone 15 Pro 512gb SR Edition with Lab Diamonds 24k Gold,"$6,200.00"
Unlocked Apple iPhone 14 Pro Max 128GB Space Black A2651 MQ8N3LL/A,$864.99
APPLE IPHONE 14 PRO MAX 5G UNLOCKED AT&T VERIZON T-MOBILE 128GB 256GB 512GB 1TB,"$1,549.00"
Apple iPhone 14 Pro Max A2651 Unlocked 512GB Deep Purple Good,$949.99
Apple iPhone 14 Pro Max - 128 GB - Space Black Apple Warranty Until May 2024,"$1,046.35"
Apple iPhone 14 Pro Max 256GB DeepPurple - 5G|Unlocked|DualSIM-Free|New & Sealed,"$1,993.02"
Apple iPhone 14 Pro Max - 256GB - Silver (Unlocked),"$1,489.41"
Ring Holder Magnetic Shockproof Case Cover For iPhone 15 Pro Max 14 XR 8 7 XS 12,$8.08
360 Ring Stand Shockproof Armor Case For iPhone 11 12 15 Pro SE 2022 XR 8 Xs,$7.46
Apple iPhone 14 Pro Max - 128GB - Silver (Verizon) With Watch And Accessories,$850.00
Apple iPhone 14 Pro Max - A2894 - 256GB - Gold Unlocked) APPLE WARRANTY PRISTINE,"$1,345.29"
Apple iPhone 14 Pro Max - T-Mobile Only- Very Good Condition,$879.53
Apple iPhone 14 Pro Max 128GB Deep Purple Unlocked,$984.06
Apple iPhone 14 Pro Max - 256GB - Space Black - 256GB - Excellent Condition,"$1,089.94"
Apple iPhone 14 Pro Max Smartphone A2651 128GB Unlocked Very Good W/,$860.00
Apple iPhone 14 Pro Max A2651 Unlocked 512GB Silver C,$949.99
Apple iPhone 14 Pro Max A2651 (AT&T) 1024GB Deep Purple - Please Read,$900.00
Apple iPhone 14 Pro Max 256GB (Verizon) A2651 Space Black - For Parts,$799.95
Apple iPhone 14 Pro Max - 128GB - Space Black (T-Mobile) PARTS ONLY,$700.00
Apple iPhone 14 Pro Max - 256GB - Deep Purple (Unlocked),$959.82
Apple iPhone 14 Pro Max - 128GB - Gold (Unlocked),"$1,480.99"
Apple iPhone 14 Pro Max A2651 Unlocked 128GB Deep Purple C,$819.99
Apple iPhone 14 Pro Max - 128GB - Deep Purple (Unlocked),$800.00
Apple iPhone 14 Pro Max 1 TB 6.7'' 120Hz 5G Silver,"$2,999.99"
Apple MQ8R3LL/A iPhone 14 Pro Max 128GB - Deep Purple (Verizon),$899.00
Apple iPhone 14 Pro Max - 1TB - Gold (Verizon),"$2,000.00"
Apple iPhone 14 Pro Max 128gb gold U.S. Cellular - LN,$824.99
Apple iPhone 14 Pro Max - 128GB - Gold (AT&T),$769.95
Apple iPhone 14 Pro Max 128GB 256GB 512GB 1TB Black Silver Gold Purple - Excelle,"$1,133.09"
Apple iPhone 14 Pro Max - 1TB - Deep Purple (AT&T),$950.00
"New Apple iPhone 14 Pro Max 6.7""120Hz Real Dual Sim Apple A16 48MP Phone ByFedEx","$2,315.35 to $3,235.09"
Apple iPhone 14 Pro Max - 128GB - Space Black (AT&T) FINANCED,$749.99
Apple iPhone 14 Pro Max 128GB T-Mobile Locked Mint Fully Functional zerolemon,$999.99
Apple iPhone 14 Pro Max - 128GB - Deep Purple (Unlocked),"$1,295.70"
Apple iPhone 14 Pro Max - 128GB - Deep Purple (AT&T) Or Cricket Or Under AT&T,$890.00
Apple iPhone 14 Pro Max 1 TB 6.7'' 120Hz 5G White,"$2,379.99"
For iPhone 14 Pro 13 Pro Max 12 11 MagSafe Silicone Phone Case Shockproof Cover,$3.25 to $9.99
For iPhone XR 12 13 14 15 PRO MAX MINI SE 2022 Case Leather Wallet Book,$6.22
Apple iPhone 14 Pro Max - 512GB - Silver (T-Mobile),$599.00
Apple iPhone 14 Pro deep purple128GB Network Unlocked used,$575.00
Apple iPhone 14 Pro Max 512GB Unlocked AT&T T-Mobile Verizon Very Good 7566960,$980.00
Apple iPhone 14 Pro Max 256GB DeepPurple - 5G|Unlocked|DualSIM-Free|New n Sealed,"$2,239.65"
Apple iPhone 14 Pro Max - 256GB - Space Black (Unlocked),"$1,300.00"
Apple iPhone 14 Pro Max 1 TB 6.7'' 120Hz 5G Black,"$2,499.99"
Apple iPhone 14 Pro Max - 256GB - Silver (Unlocked),$950.00
BNIB Apple iPhone 14 Pro Max 256GB Silver - Verizon w/ APPLE WARRANTY!,$950.00
"Apple iPhone 14 Pro MAX (SEALED NEW) Unlocked, Space Black 128GB - Was £2279","$2,340.58"
Apple iPhone 14 PRO MAX 1TB Silver Factory UNLOCKED 2 X Physical SIMs,"$2,147.00"
Apple iPhone 14 Pro Max - 256GB - Silver (Unlocked),$900.00
Apple iPhone 14 Pro Max - 256GB - Gold (Verizon),$900.00
iPhone 14 Pro Max 1TB - Black - As New,"$1,278.86"
Apple iPhone 14 Pro Max - 128GB - Gold - (Xfinity Carrier Locked) - Grade A+,$899.00
Apple iPhone 14 Pro Max - 128GB - Deep Purple (Unlocked) - Never Used,$871.96
Apple iPhone 14 Pro Max 256GB Network Unlocked,$930.00
Apple iPhone 14 Pro Max - 128GB - Deep Purple Spactrum Network,$890.00
Apple iPhone 14 Pro Max - 128GB - Space Black (Unlocked),$850.00
Apple iPhone 14 Pro Max - 512GB - Deep Purple (Unlocked),$900.00
Apple iPhone 14 Pro Max 128GB 6.7'' 120Hz 5G Gold,"$2,099.99"
Apple iPhone 14 Pro Max - 128GB - Space Black (Verizon) EXCELLENT CONDITION,$825.00
Apple iPhone 14 Pro Max - 128GB - Space Black (Unlocked),$518.00
Apple iPhone 14 Pro Max - 256GB - Deep Purple (Verizon),$720.00
3X Tempered Glass Screen Protector For Apple iPhone 14 Pro Max 13 12 11 Pro Max,$7.49
Apple iPhone 14 Pro Max - 128GB - Space Black (T-Mobile). Excellent Condition,$749.99
Apple iPhone 14 Pro Max - 256GB - Black - Unlocked,$874.45
Apple iPhone 14 Pro Max - 512GB - Deep Purple (Unlocked),$778.53
NEW LISTINGApple iPhone 14 Pro Max - 128GB - White (Unlocked) in Box,$700.00
NEW LISTINGApple iPhone 14 Pro Max - 256GB - Deep Purple (Unlocked),$951.00
Apple iPhone 14 Pro Max - 128GB - Deep Purple (Unlocked),$552.00
"Apple iPhone 14 Pro Max 256GB Space Black Unlocked As New, Apple Leather MagSafe",$680.24
Apple iPhone 14 Pro Max - 256GB - Silver (Unlocked),$793.62
Apple iPhone 14 Pro Max Black *READ DESCRIPTION*,$500.00
Apple iPhone 14 Pro Max - 1TB - Deep Purple (Verizon),"$1,050.00"
Apple iPhone 14 Pro Max - 256GB - Deep Purple (Unlocked),$664.05
Apple iPhone 14 Pro Max - 128GB - Deep Purple (Unlocked),$589.54
Apple iphone 14 Pro Max 128 GB Unlocked Deep Purple Excellent Condition,$633.79
NEW LISTINGiphone 14 pro max 1tb space black - Perfect Condition,$758.60
Apple iPhone 14 Pro Max - 128GB - Silver (Unlocked),$675.00
"Iphone 14 Pro Max,space black, 128GB",$573.00
Apple iPhone 14 Pro Max - 512GB - Gold (Unlocked),$946.69
Apple iPhone 14 Pro Max - 128GB - Space Black (Unlocked),$860.00
Apple iPhone 14 Pro Max 128GB 256GB 512GB 1TB Black Silver Gold Purple - Very Go,"$1,100.70"
Apple iPhone 13 Pro Max - 256GB - Deep Purple (Unlocked),$750.00
Apple iPhone 14 Pro Max - 256GB - Space Black (Unlocked) (CA),"$1,643.02"
Apple iPhone 14 Pro Max - 512GB - Gold (Unlocked),$858.40
NEW LISTINGApple iPhone 14 Pro Max - 128GB - Space Black (Unlocked),$800.00
NEW LISTINGApple iPhone 14 Pro Max - 128GB - White (Unlocked) in Box,$700.00
Apple iPhone 14 Pro Max - 1TB - Space Black (Unlocked),$880.00
Apple iPhone 14 Pro Max - 1TB - Silver (Unlocked) Excellent Conditions,$755.00
Apple iPhone 14 Pro Max - 128GB - Space Black (Unlocked),$855.99
Apple iPhone 14 Pro Max - 512GB - Space Black (T-Mobile),$590.00
NEW LISTINGApple iPhone 14 Pro Max - 256GB - Deep Purple (AT&T) See Description.,$619.00
Apple iPhone 14 Pro Max 128gb Black,$429.00
NEW LISTINGApple iPhone 14 Pro Max - 128GB - Gold (Unlocked),$899.00
Apple iPhone 14 Pro Max 128GB/256GB All Colours - Unlocked Excellent Condition,"$1,071.25 to $1,170.90"
iPhone 14 Pro Max 1TB - Black - Very Good,"$1,233.51"
Apple iPhone 14 Pro Max - 256GB - Space Black (Apple AU Warranty 9/24) Unlocked.,$990.56
Apple iPhone 14 Pro Max - 128GB - Gold (Unlocked),$934.24
Apple iPhone 14 Pro Max - 512GB - Deep Purple (locked) (Don't know the PIN),$639.02
Apple iPhone 14 Pro Max - 256GB - Deep Purple (Unlocked),$570.00
iPhone 14 Pro Max 512GB - Deep Purple - As New,"$1,227.03"
Apple iPhone 14 Pro Max - 256GB (AT&T ONLY) BAD LCD - READ (#K22),$431.99
Apple iPhone 14 Pro Max - 256GB Purple - T-Mobile Locked. All Original Box Clean,$899.00
Apple iPhone 14 Pro Max - 256GB (Unlocked) Works BUT Cracks - CHECK COND (#K243),$688.99
Apple iPhone 14 Pro Max - 256GB - Space Black (Unlocked) A2651 (GSM),$899.99
Unlocked Apple iPhone 14 Pro Max 128GB Gold A2651 MQ8Q3LL/A,$870.00
NEW LISTINGApple iPhone 14 Pro Max - 256GB - Deep Purple (Unlocked),$984.05
Apple iPhone 14 Pro Max 128GB Unlocked - Space Black,"$1,152.23"
Apple iPhone 14 Pro Max 256GB - Black - 100% Battery - Australian Stock,"$1,139.57"
Apple iPhone 14 Pro Max - 1TB (AT&T / CRICKET ONLY) Works Great -READ! (#U842),$744.99
NEW LISTINGApple iPhone 14 Pro Max - 256GB - Gold (Unlocked),$874.60
Apple iPhone 14 Pro Max - 512GB - Deep Purple (O2),"$1,183.37"
Apple iPhone 14 Pro Max - 256GB - Silver (UNLOCKED) - Excellent Condition,$728.00
Apple iPhone 14 Pro Max 128 FOR PARTS Excellent condition,$678.88
Apple iPhone 14 Pro Max 1TB (Unlocked) US E Sim--Very good condition,"$1,250.00"
iPhone 14 Pro Max 1TB - Deep Purple - Excellent,"$1,252.94"
Apple iPhone 14 Pro Max - Black - Unlocked - LikeNew,$670.00
NEW LISTINGApple iPhone 14 Pro Max - 256GB - Silver (Unlocked),$712.64
Apple iPhone 14 Pro Max - 1TB- Gold,"$1,183.37"
Apple iPhone 14 - 256GB - Space Black (Unlocked),$746.14
Apple iPhone 14 Pro Max - 256GB - Space Black (Broken Screen),$350.00
Apple iPhone 14 Pro Max - 128GB - Deep Purple (Verizon),$650.00
Apple iPhone 14 Pro Max 128GB/256GB All Colours - Unlocked Excellent Condition,"$1,071.25 to $1,170.90"
iPhone 14 Pro Max 1TB - Black - Very Good,"$1,233.51"
iPhone 14 Pro Max 512GB - Deep Purple - As New,"$1,227.03"
Apple iPhone 14 Pro Max - 256GB Purple - T-Mobile Locked. All Original Box Clean,$899.00
Apple iPhone 14 Pro Max - 256GB - Silver (UNLOCKED) - Excellent Condition,$728.00
Apple iPhone 14 Pro Max - 256GB - Space Black (Unlocked) A2651 (GSM),$899.99
Apple iPhone 14 Pro Max - 128GB - Gold (T-Mobile),$675.00
Apple iPhone 14 Pro Max - 256GB - Deep Purple (Unlocked) WITH BOX,$995.27
Apple iPhone 14 Pro Max - 128GB - Deep Purple (Unlocked),$550.00
Apple iPhone 14 Pro Max 128GB Unlocked - Space Black,"$1,152.23"
Apple iPhone 14 Pro Max - 256GB - Deep Purple (For Parts Only) Read Description,$335.00
Apple iPhone 14 Pro Max - 256GB - Deep Purple (Verizon) Unlocked,$700.00
Apple iPhone 14 Pro Max - 256GB - Gold (Unlocked) guarantee,$800.00
Apple iPhone 14 Pro Max 256GB - Black - 100% Battery - Australian Stock,"$1,139.57"
Apple iPhone 14 Pro Max 1TB (Unlocked) US E Sim--Very good condition,"$1,250.00"
iPhone 14 Pro Max 1TB - Deep Purple - Excellent,"$1,252.94"
Apple iPhone 14 Pro Max 128 FOR PARTS Excellent condition,$678.88
Apple iPhone 14 Pro Max - With Android OS - Brand New and Unlocked - 1TB - blue,$822.13
Apple iPhone 14 Pro Max - 256GB - Deep Purple (Apple Warranty 26/9/24) Unlocked,$990.56
Apple iPhone 14 Pro Max - 1TB - Silver (Unlocked),$862.00
Apple iPhone 14 Pro Max - 258 GB (T-Mobile),$680.00 to $850.00
NEW LISTINGApple iPhone 14 Pro Max - 128GB - Silver (Unlocked),$311.41
Apple iPhone 14 Pro Max - 128GB - Deep Purple (Verizon),$900.00
Apple iPhone 14 Pro Max - 128GB (Unlocked) CRACKED AND DEAD PIXELS (#B75),$636.99
Apple iPhone 14 Pro Max - 1TB - Space Black (Apple AU Warranty 16/9/24) Great.,"$1,217.31"
Apple iPhone 14 Pro Max - 1TB- Gold,"$1,183.37"
Apple iPhone 14 Pro Max - 128GB - Deep Purple (Verizon),$850.00
iPhone 14 Pro Max 128GB - Deep Purple - Very Good,"$1,010.00"
NEW LISTINGApple iPhone 14 Pro Max - 128GB - Space Black (Unlocked),$800.00
NEW LISTINGiPhone 14 Pro Max - Factory Unlocked - 512GB - Black - Excellent Condition,$700.00
Apple iPhone 14 Pro Max - 128GB - Space Black (Unlocked),$710.02
iPhone 14 Pro Max 128gb Deep Purple Mint Condition Unlocked,$890.64
NEW LISTINGApple iPhone 14 Pro Max - 256GB - Silver (Unlocked),$712.64
Apple iPhone 14 Pro Max - 128GB - Purple (AT&T). Excellent Condition. Clean IMEI,$689.99
Apple iPhone 14 Pro Max (128GB Factory Unlocked 100% Battery Health) Space Black,$849.00
Apple iPhone 14 Pro Max 256GB Network AT&T Nice (LOCKED) Battery 100% Financed,$729.99
Apple iPhone 14 Pro Max - 512GB - Deep Purple (Unlocked),$880.00
Apple iPhone 14 Pro Max - 256GB - Gold (AT&T),$850.00
Apple iPhone 14 Pro Max - 128GB - Space Black (Unlocked),$866.18
Apple iPhone 14 Pro Max - 128GB - Deep Purple (Verizon),$800.00
iPhone 14 Pro Max 1TB - Gold - Good,"$1,220.55"
Apple iPhone 14 Pro Max - 1TB - Space Black (Unlocked),$880.00
"Apple iPhone 14 Pro Max - 1TB - Space Black, Brand New Sealed Unlocked, Next Day","$1,557.06"
Apple iPhone 14 Pro Max - 128GB - Space Black (Unlocked),"$1,225.00"
Apple iPhone 14 Pro Max - 128GB - Space Black (AT&T) ESN BD,$450.00
Apple iPhone 14 Pro Max - 256GB - Silver (Unlocked),$925.00
iPhone 14 Pro Max 512GB - Gold - Very Good,"$1,168.72"
iphone 14 pro max,$450.00
Apple iPhone 14 Pro Max - 1 TB - Space Black (Apple AU Warranty 22/2/25) Great,"$1,262.66"
NEW LISTINGApple iPhone 14 Pro Max - 128GB - Gold (Unlocked),$725.00
iPhone 14 Pro Max 128GB - Black - Good,"$1,003.52"
Apple iPhone 14 Pro Max - 1TB - Silver (Unlocked) A2894,"$1,183.36"
Apple iPhone 14 Pro Max - 1TB Gold - locked at&t- please read,"$1,250.00"
Apple iPhone 14 Pro Max - 128GB - Gold (AT&T),$620.00
Apple iPhone 14 Pro Max - 512GB (Unlocked) - Works Great - ESIM - (#99C),$944.95
Apple iPhone 14 Pro Max - 1TB - Silver (Unlocked),$906.99
Apple iPhone 14 Pro Max - 512GB - Gold (Unlocked) Excellent Condition + Extras!,"$1,214.51"
iPhone 14 Pro Max 512GB - Deep Purple - Excellent,"$1,194.64"
iPhone 14 Pro Max 512GB - Deep Purple - Good,"$1,149.29"
Apple iPhone 14 Pro Max - 128GB - Dark Purple,$747.39
Apple iPhone 14 Pro Max - 128GB - Deep Purple (Verizon),$650.00
"APPLE iPhone 14 PRO MAX, 256GB - SPACE BLACK (UNLOCKED) *89% BATTERY HEALTH*",$995.27
Apple iPhone 14 Pro Max - 128GB - Space Black LOCKED XFINITY,$550.00
Apple iPhone 14 Pro Max - 256GB - Gold (Unlocked) Battery Health 100%,"$1,169.67"
Apple iPhone 14 Pro Max 256GB Gold Fully Unlocked,$870.00
NEW Apple iPhone 14 Pro Max - 1TB - Space Black (AT&T),"$1,275.00"
Apple iPhone 14 Pro Max - 256GB - Gold (Unlocked) (Parts only ),$500.00
Apple iPhone 14 Pro Max - 256GB - Deep Purple (Unlocked). MINT CONDITION,"$1,071.26"
NEW LISTINGiPhone 14 Pro Max Purple 256GB Unlocked Mint Condition,$899.99
Apple iPhone 14 Pro Max - 512GB - Space Black (Unlocked),"$1,432.50"
Apple iPhone 14 Pro Max - 1TB - Gold Unlocked boxed great battery life,"$1,195.82"
Apple iPhone 14 Pro Max - 128GB - Space Black (Unlocked) A2894 (GSM),"$1,119.84"
iPhone 14 Pro Max 1TB - Deep Purple - Very Good,"$1,233.51"
Apple iPhone 14 Pro Max - 512GB - Deep Purple (Unlocked),$766.07
NEW LISTINGApple iPhone 14 Pro Max - 128GB - Deep Purple w/ 2 Official Apple Cases,$842.21
Apple iPhone 14 Pro Max - 256GB - Gold (AT&T) MANY FREE ACCESSORIES INCLUDED,$810.00
Apple iPhone 14 Pro Max - 128GB - Deep Purple (T-Mobile),$599.99
NEW LISTINGApple iPhone 14 Pro Max - 128GB - Deep Purple (Unlocked),$725.00
NEW LISTINGApple iPhone 14 Pro Max 512GB Unlocked AT&T T-Mobile Verizon Very Good 7568044,$990.00
Apple iPhone 14 Pro Max - 1TB Deep Purple (Unlocked) A2894 - 97% Battery Health,"$1,183.36"
iPhone 14 Pro Max 128GB - Black - Excellent,"$1,029.43"
iPhone 14 Pro Max 1TB - Black - Excellent,"$1,252.94"
Apple iPhone 14 Pro Max - 128GB - Deep Purple (Verizon),$825.00
Apple iPhone 14 Pro Max - 256GB (AT&T ONLY) Cracked Glass - READ (#K20),$599.99
Apple iPhone 14 Pro Max - 128GB - Deep Purple (Unlocked) READ DESCRIPTION ,$650.00
NEW LISTINGApple iPhone 14 Pro Max - 256GB - Deep Purple (AT&T),$650.00
Apple iPhone 14 Pro Max - 512GB - Deep Purple (Unlocked),$766.07
Apple iPhone 14 Pro Max - 128GB - Deep Purple - AT&T,$837.76
Apple iPhone 14 Pro Max - 128GB-Apple Watch Series 8-I Pods Gen 3,"$2,242.17"
Apple iPhone 14 Pro Max - 256GB - Silver (AT&T),$870.00
Apple iPhone 14 Pro Max 256GB UNLOCKED 100% BATTERY *SEE PICTURES AND DESCRIPTIO,$830.00
Apple iPhone 14 Pro Max - 128GB - Purple (Unlocked)  - Good Condition ,"$1,096.16"
iPhone 14 Pro Max 256GB - Deep Purple - Excellent,"$1,097.46"
iPhone 14 Pro Max 512GB - Deep Purple - Very Good,"$1,168.72"
Apple iPhone 14 Pro Max - 128GB - Deep Purple (Unlocked) Excellent,$840.00
Apple iPhone 14 Pro Max 256GB in Silver (Unlocked) + Accessories,$950.00
Apple iPhone 14 Pro Max - 1TB - Silver (Unlocked),$906.99
Apple iPhone 14 Pro Max - 256GB - Deep Purple (Unlocked),$700.00
Apple iPhone 14 Pro Max - 128GB - Gold (Unlocked),$934.24
Apple iPhone 14 Pro Max Gold 256GB,"$1,121.09"
Apple iPhone 14 Pro Max - 1TB - Gold (Unlocked),"$1,328.00"
BRAND NEW APPLE IPHONE 14 PRO MAX 512GB GOLD 2 YEAR WARRANTY,"$1,295.69"
Apple iPhone 14 Pro Max - 512GB - Gold (Unlocked) Excellent Condition + Extras!,"$1,214.51"
iPhone 14 Pro Max 256GB Black - Excellent Condition,"$1,040.12"
Apple iPhone 14 Pro Max - 128GB - Space Black (Unlocked),$750.00
Apple iPhone 14 Pro Max 1TB SEALED Deep Purple Unlocked Fast Next Day Delivery,"$2,429.01"
Apple iPhone 14 Pro Max 128GB/256GB A2651 Smartphone Great ,"$1,061.99"
iPhone 14 Pro Max 128GB - Gold - Excellent,"$1,029.43"
Apple iPhone 14 Pro Max 512GB Silver AT &T Very Good Condition,$799.00
Apple iPhone 14 Pro Max - 512GB - Silver (Unlocked)🔥EXCELLENT CONDITION,"$1,244.39"
Apple iPhone 14 Pro Max - 128GB - Gold (AT&T),$720.00
Apple iPhone 14 Pro Max - 1TB - Space Black (Unlocked),"$1,345.30"
Apple iPhone 14 Pro Max - 1TB - Space Black (Unlocked) 100% battery health- READ,$999.99
Apple iPhone 14 Pro Max - 256GB (AT&T / CRICKET ONLY) WORKS GREAT -ESIM (#H135),$738.99
iPhone 14 Pro Max 1TB - Deep Purple - Good,"$1,220.55"
Apple iPhone 14 Pro Max,$900.00
"APPLE iPhone 14 PRO MAX, 256GB - SPACE BLACK (UNLOCKED) *89% BATTERY HEALTH*",$995.27
Apple iPhone 14 Pro Max - 128GB - Space Black (T-Mobile) MQ8N3LL/A- Battery 93%,$699.00
Apple iPhone 14 Pro Max - 1TB - White (Unlocked),$899.00
Apple iphone 14 Pro Max 128 Gb Purble Overal Good Condetion See Pictures,$871.96
phone 14 pro max Sealed 128gb Brand New,$948.28
iPhone 14 Pro Max 256GB - Silver - Very Good,"$1,078.02"
iPhone 14 Pro Max 1TB - Gold - Excellent,"$1,252.94"
iPhone 14 Pro Max 256GB - Black - Very Good,"$1,078.02"
iPhone 14 Pro Max 256GB - Black - Good,"$1,058.59"
Apple iPhone 14 Pro Max - 1TB - Good Condition (Unlocked),"$1,249.99"
AT&T New and Sealed Apple iPhone 14 Pro Max - 512GB - Space Black,"$1,200.00"
NEW LISTINGApple iPhone 14 Pro Max - 128GB - Space Black (Unlocked) A2894 - Immaculate,"$1,052.57"
Apple iPhone 14 Pro Max - 128GB - Space Black (Unlocked),$861.64
Apple iPhone 14 Pro Max - 128GB - Deep Purple (Unlocked),$800.00
Apple iPhone 14 Pro Max - 256GB - Deep Purple (AT&T),$950.00
Apple iPhone 14 Pro Max - 256GB - Space Black (AT&T),$750.00
Apple iPhone 14 Pro Max - 1TB - Space Black (Unlocked),"$1,360.49"
Apple iPhone 14 Pro Max - 128GB - Deep Purple (Verizon),$650.00
Apple iPhone 14 Pro Max - 1TB Unlocked Deep Purple,"$1,100.00"
iPhone 14 Pro Max 256GB - Deep Purple - Good,"$1,058.59"
Apple iPhone 14 Pro Max - 128GB - Gold (Unlocked),"$1,033.88"
Apple iPhone 14 Pro Max - 128GB - Gold (Unlocked),$675.00
apple iphone 14 pro max 128 gb - space black,"$1,002.75"
Apple iPhone 14 Pro Max - 256GB - Space Black (Unlocked) A2651 (GSM),"$1,000.00"
Apple iPhone 14 Pro Max - 512GB - Deep Purple (Unlocked),$859.99
iPhone 14 Pro Max 1TB - Black - Good,"$1,220.55"
Apple iPhone 14 Pro Max - 128GB - Purple,$995.27
Apple iPhone 14 Pro Max - 256GB - Deep Purple (Unlocked),$855.00
Apple iPhone 14 Pro Max - 256GB - Gold (Unlocked) IMMACULATE,"$1,058.80"
Apple iPhone 14 Pro Max 512GB SEALED Deep Purple Unlocked Fast Next Day Delivery,"$2,240.92"
iPhone 14 Pro Max 256GB - Deep Purple - Good,"$1,058.59"
Apple iPhone 14 Pro Max 128GB/256GB A2651 UNLOCKED Smartphone Great ,"$1,061.99"
Apple iPhone 14 Pro Max 256GB - Black - 100% Battery unlocked excellent con.,$874.60
Apple iPhone 14 Pro Max - 128GB - Silver (Unlocked),$906.99
Apple iPhone 14 Pro Max 512GB Space Black Unlocked,"$1,170.91"
Apple iPhone 14 Pro Max Black A2651 256GB Unlocked Excellent Condition,$900.00
Apple iPhone 14 Pro Max - 512GB - Silver (Vodafone),"$1,482.32"
"APPLE iPhone 14 PRO MAX, 256GB - SPACE BLACK (UNLOCKED)","$1,021.43"
Apple iPhone 14 Pro Max - 128GB - Deep Purple (Unlocked),"$1,000.00"
iPhone 14 Pro Max 512GB - Black - As New,"$1,227.03"
iPhone 14 Pro Max - Factory Unlocked - 512GB - Silver - Excellent Condition,$995.93
Apple iPhone 14 Pro Max - 256GB - Deep Purple (Unlocked),"$1,036.56"
Apple iPhone 14 Pro Max - 256GB - Unlocked - Excellent Condition,$900.00
Apple iPhone 13 Pro - 128GB - Silver Bad Wsn,$399.00
Apple iPhone 14 Pro Max - 256GB - Space Black (Unlocked) A2651 (GSM),"$1,000.00"
iPhone 14 Pro Max 1TB - Black - Good,"$1,220.55"
iPhone 14 Pro Max 256GB - Deep Purple - Good,"$1,058.59"
Apple iPhone 14 Pro Max 128GB/256GB A2651 UNLOCKED Smartphone Great ,"$1,061.99"
Apple iPhone 14 Pro Max - 512GB - Silver (Apple AU Warranty 9/24) Great Conditon,"$1,165.48"
Apple iPhone 14 Pro Max - 128GB - Deep Purple (Unlocked),$842.21
Apple iPhone 14 Pro Max 1TB SEALED Deep Purple Unlocked Fast Next Day Delivery,"$2,429.01"
Apple Warranty iPhone 14 Pro Max 512GB Purple Unlocked phone 100% Battery Mint,"$1,199.80"
Apple iPhone 14 Pro Max Gold 256GB,"$1,121.09"
iPhone 14 Pro Max 512GB - Black - As New,"$1,227.03"
NEW LISTINGApple iPhone 14 Pro Max - 512GB (Unlocked) WORKS GREAT - ESIM (#A2),$943.95
Apple iPhone 14 Pro Max - 256GB (Unlocked) WORKS GREAT - ESIM (#A4),$923.95
Apple iPhone 14 Pro Max - 256GB - Space Black (Unlocked) - Excellent,$971.78
Apple iPhone 14 Pro Max - 128GB - Deep Purple (Unlocked),"$1,000.00"
iPhone 14 Pro Max 128GB - Silver - Very Good,"$1,010.00"
For iPhone 14 PRO MAX 14 PLUS Leather Wallet Book Protective Phone Case Cardslot,$6.17
Apple iPhone 14 Pro 512GB Gold Apple Care Coverage,"$1,000.00"
Apple iPhone 14 Pro Max - 1TB - Gold (Unlocked),"$1,295.70"
"NEW LISTINGApple iPhone 14 Pro Max 128GB (UNLOCKED) Gold, Mint, 99% Battery (Read) #2629",$899.99
"iphone 14 pro max Deep Purple (No Box, Comes With 2 Phone Cases)",$850.00
iPhone 14 Pro Max 512GB - Black - Excellent,"$1,194.64"
Apple iPhone 14 Pro Max - 512GB - Space Black (AT&T),$760.00
iPhone 14 Pro Max 128GB - Deep Purple - Good,"$1,003.52"
Apple iPhone 14 Pro Max - 128GB - Purple,$995.27
Apple iPhone 14 Pro Max - 1TB - Silver (Unlocked),"$1,198.52"
Apple iPhone 14 Pro Max | 512GB | Silver | AT&T Only | Excellent Condition ✅🔥,$850.00
NEW LISTINGApple iPhone 14 Pro Max - 256GB - Deep Purple (AT&T),$800.00
NEW LISTINGApple iPhone 14 Pro Max - 128GB - Deep Purple (Unlocked) A2894 (eSIM),$932.99
iPhone 14 Pro Max 1TB - Gold - Very Good,"$1,233.51"
Apple iPhone 14 Pro Max 256GB Space Black [Refurbished] - Good,"$1,165.48"
Apple iPhone 14 Pro Max - 256GB - Space Black (Unlocked),"$1,230.92"
Apple iPhone 14 Pro Max - 128GB - Space Black (Unlocked) - As New,$971.78
Apple iPhone 14 Pro Max - 1TB - Silver (Unlocked),"$1,000.00"
Apple iPhone 14 Pro Max - 512GB - Space Black (Unlocked),"$1,000.00"
Apple iPhone 14 Pro Max - 1TB - Space Black (Unlocked),"$1,360.49"
Apple iPhone 14 Pro Max - 128GB - Deep Purple - AT&T,$837.76
Apple iPhone 14 Pro Max - 128GB - Deep purple (Unlocked),"$1,420.03"
iPhone 14 Pro Max 256GB - Black - Very Good,"$1,078.02"
iPhone 14 Pro Max Never Used 128GB With Apple Warranty Collection Only,"$1,071.26"
Apple iPhone 14 Pro Max - 512GB A2893 - Space Black - (Unlocked) Good Condition,"$1,019.88"
Apple iPhone 14 Pro - 256GB - Deep Purple (Unlocked),$975.00
Apple iPhone 14 Pro Max - 256GB - Unlocked - Excellent Condition,$900.00
Apple iPhone 14 Pro Max 512GB Space Black Unlocked,"$1,170.91"
NEW LISTINGApple iPhone 14 Pro Max - 128GB - Space Black (T-Mobile network only),$800.00
Apple iPhone 14 Pro Max Space Black 256GB Unlocked NEW!!!,"$1,129.00"
iPhone 14 Pro Max 128GB - Gold - Very Good,"$1,010.00"
Apple iPhone 14 Pro Max - 256GB - Deep Purple (AT&T),$800.00
Apple iPhone 14 Pro Max - 128GB - Deep Purple (Unlocked),$980.00
NEW Apple iPhone 15 Pro Max 512GB - BLUE - UNLOCKED,"$2,099.00"
Apple iPhone 14 Pro Max - 256GB - Silver (AT&T) Unpaid Bills,$849.95
Apple iPhone 14 Pro Max - 512GB - Deep Purple (Unlocked),"$1,550.00"
Apple iPhone 14 Pro Max 256GB in Silver (Unlocked) + Accessories,$950.00
Apple iPhone 14 Pro Max Space Black 128GB (Unlocked),$940.47
Apple iPhone 14 Pro Max 256GB ( ATT ) Bad( E.S.N )- Very Good Condition,$649.00
Apple iPhone 14 Pro Max - 128GB - Gold (T-Mobile),"$1,000.00"
Apple iPhone 14 Pro Max - 256GB - Deep Purple (Unlocked),"$1,133.74"
Apple iPhone 14 Pro Max - 1TB - Silver (AT&T Locked) NIB Ready To Ship!,$850.00
Apple iPhone 14 Pro Max - 128GB - Silver (U.S. Cellular) 100% Battery Health,$689.00
Apple iPhone 14 Pro Max - 512GB - Silver (AT&T),"$1,100.00"
Apple iPhone 14 Pro Max 128GB Space Black Unlocked 100% Batt Health Excellent,"$1,058.79"
Apple - iPhone 14 Pro Max -128GB - Factory Sealed - Factory Warranty - UNLOCKED!,"$1,696.00"
Apple iPhone 14 Pro Max - 128GB - Space Black (Unlocked),"$1,245.65"
Apple iPhone 14 Pro Max - 128GB - Deep Purple (Unlocked) - Excellent Condition,$850.00
Apple iPhone 14 Pro Max - 256GB Space Black (Unlocked) Used Excellent Condition,$900.00
Apple iPhone 14 Pro Max - 128GB - Space Black (T-Mobile),$850.00
Apple iPhone 14 Pro Max - 128GB - Space Black (Unlocked),$900.00
Apple iPhone 14 Pro Max - 128GB - Space Black (Unlocked),"$1,420.03"
Apple iPhone 14 Pro Max 256GB Network AT&T Great Condition Battery Health 100%,$810.00
Apple iPhone 14 Pro Max - 256GB - Deep Purple (Unlocked) - Excellent,"$1,036.56"
Apple iPhone 14 Pro Max - 512GB - Space Black (Unlocked),"$1,198.52"
Apple iPhone 14 Pro Max - 256GB Deep Purple (Brand new- Sealed Box),"$1,432.50"
Apple iPhone 14 Pro Max - 128GB - Space Black (Unlocked) A2894,"$1,370.22"
NEW Apple iPhone 15 Pro Max 512GB - BLUE UNLOCKED FREE SAME DAY SHIPPING,"$2,100.00"
Apple iPhone 14 Pro Max - 256GB - Deep Purple (T-Mobile),"$1,000.00"
Apple iPhone 14 Pro Max - 256GB - Space Black (Unlocked),"$1,021.43"
Apple iPhone 14 Pro Max 512GB Unlocked AT&T T-Mobile Verizon Very Good 7567108,$980.00
iPhone 14 pro max 128gb (with original blue twitter),"$5,000.00"
Apple iPhone 14 Pro Max A2651 AT&T Locked 128GB Deep Purple 100% Battery,$699.98
Apple iPhone 14 Pro Max - 1TB - Space Black (AT&T),$800.00
Apple iPhone 14 Pro Max - 128GB - Absolute perfect Condition Not 1 Scratch,$799.00
Unlocked iPhone 14 Pro Max 256gb space black,"$1,166.13"
Apple iPhone 14 Pro Max - 512GB - Gold (Unlocked)customize Lether And 24 K Gold,"$3,750.00"
Apple iPhone 14 Pro Max - 512GB - Deep Purple (Apple AU Warranty 9/24) Unlocked.,"$1,165.48"
"Apple iPhone 14 Pro Max - 1TB - Gold (Unlocked) Barely Used, 3 cases, Apple Care","$1,619.35"
Apple iPhone 14 Pro Max - 512GB - Space Black (Verizon),$960.00
iPhone 14 Pro Max - 512GB - Silver (Unlocked) WITH APPLE CASES!,$949.00
Apple iPhone 14 Pro Max - 128GB - PERFECT CONDITION - Space Black (EE),$934.24
iPhone 14 Pro Max 256 Purple + Apple Watch Ultra Blue/Gray Trail M/L,"$1,450.00"
Apple iPhone 14 Pro Max Space Black 256GB Unlocked NEW!!!,"$1,129.00"
Apple iPhone 14 Pro Max 128GB 256GB 512GB 1TB All Colours Unlocked Good,"$1,096.16"
Apple iPhone 14 Pro Max 256GB Network AT&T Great Condition Battery Health 100%,$810.00
Apple iPhone 14 Pro Max Deep Purple 128GB 256GB 512GB 1TB Warranty NEW CONDITION,"$1,245.65"
Apple iPhone 14 Pro Max 256GB ( ATT ) Bad( E.S.N )- Very Good Condition,$649.00
Apple iPhone 14 Pro Max - 128GB - Gold Read Description,$983.46
Apple iPhone 14 Pro Max 512GB - Silver (AT&T) perfect condition,$980.00
Apple iPhone 14 Pro Max A2651 AT&T Locked 128GB Deep Purple 100% Battery,$699.98
Apple iPhone 14 Pro Max - 1TB - Space Black (Unlocked),"$1,050.00"
Apple - iPhone 14 Pro Max -1TB - Factory Sealed - Factory Warranty - UNLOCKED!,"$1,700.00"
Apple iPhone 14 Pro Max - 512GB A2893 - Space Black - (Unlocked) Good Condition,"$1,019.88"
Apple iPhone 14 Pro Max 128GB 256GB 512GB 1TB All Colours Unlocked Very Good,"$1,133.53 to $1,195.81"
Apple iPhone 14 Pro Max - 512GB - Space Black (Unlocked),"$1,198.52"
Apple iPhone 14 Pro Max - 256GB - Space Black (Unlocked),"$1,230.92"
New iPhone 14 Pro 256gb deep Purple,"$1,244.40"
Apple iPhone 14 Pro Max LAUNCH Edition - 128GB - Space Black (Unlocked),$900.00
Apple iPhone 14 Pro Max - 256GB - Silver (Verizon),$800.00
NEW LISTINGApple iPhone 14 Pro Max - 512GB Deep Purple,"$1,004.17"
Apple iPhone 14 Pro Max - 128GB - Gold (T-mobile) Hairline Fracture,$775.00
Apple iPhone 14 Pro Max (256 GB) GWIEZDNA CZERŃ,"$1,481.02"
Apple iPhone 14 Pro Max - 512GB - Deep Purple (Unlocked),"$1,198.52"
Apple iPhone 14 Pro Max - 128GB - Deep Purple (Verizon),$675.00
Apple iPhone 14 Pro Max 512GB Grade B Pre-owned Very Good Condition,"$1,183.37"
Apple iPhone 14 Pro Max - 1TB - Silver (AT&T Locked) NIB Ready To Ship!,$850.00
Apple iPhone 14 Pro Max - 128GB - Deep Purple (T-Mobile),$750.00
Brand new Apple iPhone 14 Pro Max - 1TB - Space Black (Unlocked) IOS 16,"$1,980.58"
Apple iPhone 14 Pro Max - 512GB - Deep Purple (Unlocked),$999.00
iPhone 14 Pro Max 128gb deep purple unlocked excellent condition,$871.96
"Apple iPhone 14 Pro Max 256GB (Factory Unlocked, eSim) - CLEAN - DEEP PURPLE",$950.00
NEW LISTINGApple iPhone 14 Pro Max - 512GB - Space Black (Unlocked),"$1,100.00"
Apple iPhone 14 Pro Max - 128GB - Deep Purple (Unlocked),$730.50
Apple iPhone 14 Pro Max - 256GB - Gold (Unlocked),"$1,245.65"
Apple iPhone 14 Pro Max - 256GB - Silver (Unlocked) - Mint Condition,"$1,000.00"
"Apple iPhone 14 Pro Max 256GB Deep Purple , Unlocked Very Good Condition (Used) ",$900.00
Apple iPhone 14 Pro Max - 256GB - Deep Purple (Unlocked),$895.00
Apple iPhone 14 Pro Max - 128GB - Deep Purple (AT&T),$700.00
Apple iPhone 14 Pro Max - 256GB - Deep Purple (Unlocked),"$1,004.17"
Apple iPhone 14 Pro Max - 128GB - Space Black (Unlocked) - As New,$971.78
Apple iPhone 14 Pro Max - 256GB - Space Black (Unlocked) - 100% battery,"$1,121.07"
Apple iPhone 14 Pro Max - 256GB - Space Black (Unlocked) - 100% battery,"$1,121.07"
"Apple iPhone 14 Pro Max - 256GB - Deep Purple (T-Mobile), open box",$800.00
Apple iPhone 14 Pro Max - 128GB - Purple - New - BLKLSTED *READ DESCRIPTION*,$750.00
Apple iPhone 14 Pro Max - 256GB - Space Black (Unlocked) - Excellent,$971.78
Apple iPhone 14 Pro Max - 128GB - Deep Purple (Unlocked),$850.00
Apple iPhone 14 Pro Max - 1TB - Gold (AT&T) AS-IS,$865.00
Apple iPhone 14 Pro Max - 256GB - Deep Purple (Unlocked) - Excellent,"$1,036.56"
Apple iPhone 14 Pro Max - 128GB - Gold (T-Mobile),$910.00
Apple iPhone 14 Pro Max - 256GB - Deep Purple (AT&T Carrier Locked),$800.00
Apple iPhone 14 Pro Max 512GB Unlocked AT&T T-Mobile Verizon Very Good 7567108,$980.00
Apple iPhone 14 Pro Max 1TB - Space Black (Unlocked) US E Sim - Excellent,"$1,050.00"
Apple iPhone 14 Pro Max - 128GB - Deep Purple (T-Mobile),$949.99
Apple iPhone 14 Pro Max - 128GB - Deep Purple (Unlocked),$959.14
Apple iPhone 14 Pro Max - 128GB - Space black (AT&T),$750.00
Apple iPhone 14 Pro Max - 128GB - Deep Purple (Unlocked) Mint,$850.00
iPhone 14 Pro Max unlocked 128gb Black Mint Condition,$899.00
Apple iPhone 14 Pro Max - 1TB - Gold (Unlocked),"$1,300.00"
Apple iPhone 14 Pro Max 256Gb - Gold - Unlocked (Pristine Condition),"$1,244.40"
Apple iPhone 14 Pro Max 1TB ( Unlocked) US E Sim - Excellent,$999.00
Apple iPhone 14 Pro Max 256GB ATT Excellent Condition,$849.99
Mint Condition Apple iPhone 14 Pro Max 256GB Deep Purple (Unlocked),$899.99
Apple iPhone 14 Pro Max - 128GB - Space Black (Unlocked),"$1,245.65"
NEW LISTINGDEMO IPHONE 14 PRO MAX 512GB DEEP PURPLE PERFECT CONDITION RECEIPT&WARRANTY,"$1,230.27"
Apple iPhone 14 Pro Max - 1TB - Deep Purple (Unlocked),"$1,370.22"
IPhone 14 Pro Max Deep Purple 512GB Brand New With Box,"$1,469.85"
Apple iPhone 14 Pro Max 128GB Factory unlocked,$899.99
Apple iPhone 14 Pro - 512GB - Space Black (Unlocked) - Excellent Condition￼,"$1,121.09"
Apple iPhone 14 Pro Max (A2651) 128GB Gold- T-Mobile - NEW-IN-B0X,$999.99
Apple iPhone 14 Pro Max - 128GB - Gold (Unlocked),$875.00
Apple iPhone 14 Pro Max - 128GB - Deep Purple (Unlocked),$971.78
Apple iPhone 14 Pro Max - 512GB - Space Black (Unlocked) - Perfect Condition,"$1,099.99"
"Apple iPhone 14 Pro Max - 1TB - Gold (Unlocked) Barely Used, 3 cases, Apple Care","$1,619.35"
Apple iPhone 14 Pro Max - 256GB - Space Black (Unlocked) A2651 (GSM),"$1,210.00"
Apple iPhone 14 Pro Max 256GB ATT Excellent Condition,$849.99
Apple iPhone 14 Pro Max - 1TB - Deep Purple (Unlocked) Model A2651,"$1,200.00"
Apple iPhone 14 Pro Max - 128GB - Gold (Unlocked),$875.00
Apple iPhone 14 Pro Max - 128GB - Space Black Factory Unlocked A2894 (GSM),$934.24
Apple iPhone 14 Pro Max - 256GB - Space Black (Unlocked) A2651 (GSM) 2023,"$1,100.00"
Apple iPhone 14 Pro Max - 128GB - Deep Purple (Unlocked),$900.00
Apple iPhone 14 Pro Max - 128GB - Space Black (Unlocked),$815.00
Apple iPhone 14 Pro Max - 128GB - Space Black (Verizon),$685.00
Apple iPhone 14 Pro Max - 128GB - Gold (T-Mobile),$950.00
Apple iPhone 14 Pro Max 128GB 256GB 512GB 1TB All Colours Unlocked Excellent,"$1,245.64"
Apple iPhone 14 Pro Max - 256GB (Unlocked) WORKS GREAT - ESIM (#A5),$923.95
Apple iPhone 14 Pro Max - 1TB - Deep Purple (AT&T)No iCloud Clean Imei,$900.00
Apple iPhone 14 Pro Max - 1TB - Gold (Unlocked),"$1,295.70"
Apple iPhone 14 Pro- 512GB - Space Black (Unlocked),$899.00
Apple iPhone 14 Pro Max - 128GB - Silver (Unlocked),$955.00
NEW BOX Apple iPhone 14 Pro Max | 128GB Deep Purple | T-Mobile,$900.00
Apple iPhone 14 Pro Max - 256GB - Gold (AT&T),$785.00
Apple iPhone 14 Pro Max 128GB Network Unlocked Fair Condition,$760.00
Apple iPhone 14 Pro Max - 128GB - Deep Purple (Unlocked) Brand New,"$1,494.77"
Apple iPhone 14 Pro Max - 1TB - Space Black (Unlocked) + Apple Theft & Loss Plan,"$1,100.00"
Apple iPhone 14 Pro w/ Extras - 256GB - Deep Purple - AT&T - Excellent Condition,$899.00
Apple iPhone 14 Pro Max A2651 128GB Deep Purple Unlocked Excellent Condition,$900.00
iPhone 14 Pro Max 256GB Space Black Brand New ✅Factory Unlocked ✅ Next Day 🚚,"$1,245.65"
NEW LISTINGApple iPhone 14 Pro Max - 256GB - Deep Purple (Unlocked),"$1,000.00"
Apple iPhone 14 Pro Max - 256GB - Gold (Unlocked),"$1,800.00"
Apple iPhone 14 Pro Max - 256GB Deep Purple (Brand new- Sealed Box),"$1,432.50"
Apple iPhone 14 Pro Max - 1TB - Silver (Unlocked),"$1,500.00"
Apple iPhone 14 Pro Max 1TB (Gold),"$2,159.86"
Apple iPhone 14 Pro Max - 256GB - Purple T-Mobile (Bundle!!!!),$900.00
New Apple iPhone 14 Pro Max - 1TB - Silver Verizon (Unlocked) Factory sealed,"$1,489.98"
Apple iPhone 14 Pro Max | 256 GB Space Black | ESIM T-Mobile + Metro PCS,$820.00
Apple iPhone 14 Pro Max Model MQ8N3LL/A - 128GB Graphite (T-Mobile) FLAWLESS!,$869.00
Apple iPhone 14 Pro Max 128GB (Deep Purple),"$1,483.51"
Apple iPhone 14 Pro Max 256GB (Deep Purple),"$1,638.99"
Apple iPhone 14 Pro Max - 128GB - Deep Purple (AT&T),$825.00
New Apple iphone 14 Pro 1TB - Gold - FACTORY UNLOCKED - SEALED,"$1,508.00"
iphone 14 pro max 128gb space black Immaculate Condition ..100% Battery,$971.61
Apple iPhone 14 Pro Max (A2651) 128GB Gold AT&T - NEW-IN-B0X,$999.99
Apple iPhone 14 Pro Max (A2651) 128GB Gold AT&T - NEW-IN-B0X,$999.99
"APPLE iPhone 14 Pro Max - 128 GB, Deep Purple","$1,046.35"
Apple iPhone 14 Pro Max - 256GB - Deep Purple (Unlocked),"$1,080.00"
Apple iPhone 14 Pro Max - 512GB - Space Black (Unlocked),"$1,100.00"
Apple iPhone 14 Pro Max - 256GB - Deep Purple (Verizon),$900.00
Apple iPhone 14 Pro Max - 128GB - Gold (Verizon) Lock Clean ESN,$850.00
Apple iPhone 14 Pro Max - 1TB - Deep Purple (Unlocked),"$1,993.04"
Apple iPhone 14 Pro Max - 256GB - Gold (AT&T),"$1,099.00"
Apple iPhone I4 Pro Max - 256gb -Deep Purple (Unlocked) A2894 Waranty A++ Grade,"$1,114.86"
Apple iPhone 14 Pro Max - 1TB - Space Black (AT&T),"$1,300.00"
Apple iPhone 14 Pro Max 1TB (Silver),"$2,159.86"
(Same-Day Fast Shipping) Apple iPhone 14 Pro Max - 512GB - Gold (Unlocked),"$1,399.00"
Apple iPhone 14 Pro Max - 128GB - Gold (Unlocked),"$1,000.00"
Iphone 14 Pro Max 128gb Unlocked Space Black 100% Battery Apple Warranty,"$1,015.20"
Apple iPhone 14 Pro Max - 128GB - Silver (Unlocked),$900.00
Apple iPhone 14 Pro Max - 1TB - Silver (Unlocked),"$1,200.00"
Apple iPhone 14 Pro Max - 128GB - Deep Purple (Verizon),$800.00
Apple iPhone 14 Pro Max 256GB (Space Black),"$1,638.99"
iphone 14 pro max 128gb space black Good Condition !!,$959.15
Apple iPhone 14 Pro Max Space Black 256GB Unlocked NEW!!! open box never used,"$1,150.00"
Apple iPhone 14 Pro Max - 128GB - Deep Purple (AT&T),$650.00
Apple iPhone 14 Pro Max - 128GB - Gold (Unlocked),"$1,228.97"
Apple iPhone 14 Pro Max - 1TB - Space Black (Verizon),"$1,100.00"
Apple iPhone 14 Pro Max 256GB (T-Mobile) Excellent Condition,$875.00
Apple iPhone 14 Pro Max - 128GB - Deep Purple (T-Mobile),$850.00
Apple iPhone 14 Pro Max - 128GB - Silver (Unlocked) NEVER USED,"$1,133.53"
Apple iPhone 14 Pro Max - 128GB - Silver (Verizon),$950.00
Apple iPhone 14 Pro Max - 128GB - Deep Purple (Unlocked),$950.00
Apple iPhone 14 Pro Max - 256GB - Silver (Unlocked),$900.00
Apple iPhone 14 Pro Max - 128GB - Silver (AT&T),$899.00
"Apple iPhone 14 Pro Max A2651 made for T-MOBILE/SPRINT, all colors+GB - B Grade",$779.99
"Apple iPhone 14 Pro Max A2651 made for XFINITY MOBILE, all colors+GB - B Grade",$779.99
Apple iPhone 14 Pro Max - 256GB - Deep Purple (AT&T),$850.00
Apple iPhone 14 Pro Max - 1TB - Space Black (Unlocked),"$1,200.00"
Apple iPhone 14 Pro Max - 256GB - Space Black (AT&T) BL For Parts,$700.00
Apple iPhone 14 Pro Max - 512GB - Deep Purple (Unlocked) Apple Care+ 12mo,"$1,555.82"
Apple iPhone 14 Pro Max - 128GB -silver - (Xfinity) - 100% Battery,$885.00
Apple iPhone 14 Pro Max 5G (512GB) | Excellent Condition | 12M [Apple Warranty],"$1,295.05"
Apple iPhone 14 Pro Max - 512GB - Space Black (Unlocked),"$1,399.00"
Apple iPhone 14 Pro Max - 128GB - Deep Purple (Verizon),$850.00
Apple iPhone 14 Pro Max 256Gb - Gold - Unlocked (Pristine Condition),"$1,244.40"
Apple iPhone 14 Pro Max - 128GB - Space Black ( Locked US Cellular),$750.00
Apple iPhone 14 Pro Max - 128GB - Gold (Unlocked),"$1,120.00"
Apple iPhone 14 Pro Max - 256GB - Deep Purple (T-Mobile),"$1,200.00"
Apple iPhone 14 Pro Max - 512GB - Deep Purple (Unlocked) Apple Care+ 12mo,"$1,555.82"
Apple iPhone 14 Pro Max - 1TB - Silver (Unlocked),"$1,350.00"
Apple iPhone 14 Pro Max 128GB Deep Purple - Excellent Condition,"$1,183.37"
Apple iPhone 14 Pro Max - 256GB - with AppleCare+ thief & loss - gold - unlocked,"$1,263.31"
Apple iPhone 14 Pro Max - 128GB - Silver (Unlocked) NEVER USED,"$1,133.53"
BRAND NEW SEALED - APPLE IPHONE 14 PRO MAX 128GB - All Colors,"$1,151.02"
Apple iPhone 14 Pro Max - 256GB - Deep Purple (Unlocked),$985.00
For iPhone 15 7 8 6+ XR 11 12 14Pro Max Carbon Fiber Shockproof Soft Case,$4.97
Apple iPhone 14 Pro Max - 256GB - Gold (AT&T),"$1,100.00"
Apple iPhone 14 Pro Max - 128GB - Space Black (Unlocked) A2894 (GSM) Warranty,"$1,089.94"
Apple iPhone 14 Pro Max - 128GB - Deep Purple (Unlocked),$950.00
Apple iPhone 14 Pro Max - 256GB - Deep Purple (AT&T),$850.00
Apple iPhone 14 Pro Max - 128GB - Space Black (T-Mobile),"$1,000.00"
Apple iPhone 14 Pro Max - 1TB - Space Black (Verizon),"$1,100.00"
Apple iPhone 14 Pro Max 1TB (Gold),"$2,159.86"
Apple iPhone 14 Pro Max 128GB (Space Black),"$1,483.51"
Apple iPhone 14 Pro Max 256GB (Space Black),"$1,638.99"
Apple iPhone 14 Pro Max - 128GB - Gold (Unlocked),"$1,228.97"
Apple iPhone 14 Pro Max - 512GB - Deep Purple (Unlocked),"$1,800.00"
Apple iPhone 14 Pro Max | 256 GB Space Black | ESIM T-Mobile + Metro PCS,$820.00
Apple iPhone 14 Pro Max - 128GB - Space Black (Verizon),$900.00
Apple iPhone 14 Pro Max - 128GB - Deep Purple (Unlocked) New Sealed,"$1,431.25"
Apple iPhone 14 Pro Max 5G 128GB - Excellent Condition - 12M Apple WTY,"$1,068.30"
"Apple iPhone 14 Pro Max 1TB 6 GB Ram A2651 Deep Purple Verizon Locked ""NIB","$1,499.95"
Iphone 14 Pro Max - 128Gb - Gold - Apple warranty,"$1,033.89"
Apple iPhone 14 Pro Max - 256GB - Deep Purple (Verizon),$900.00
Apple iPhone 14 Pro Max - 128GB - Gold (Verizon) Lock Clean ESN,$850.00
Apple iPhone 14 Pro Max - 128GB - Silver (Sprint),$800.00
Apple iPhone 14 Pro Max - 256GB - Gold (Unlocked),"$1,200.00"
Apple iPhone 14 Pro Max - 128GB - Silver (Verizon),$950.00
Apple iPhone 14 Pro Max - 128GB - Gold (Unlocked)!,"$1,991.79"
Apple iPhone 14 Pro Max - 128GB - Space Black (Straight Talk),"$1,500.00"
Apple iPhone 14 Pro Max - 128GB - Space Black (Unlocked),"$1,090.00"
Apple iPhone 14 Pro Max 5G (512GB) | Excellent Condition | 12M [Apple Warranty],"$1,295.05"
Apple iPhone 14 Pro Max - 512GB - Space Black (Unlocked),"$1,399.00"
Apple iPhone 14 Pro Max - 128GB - Deep Purple (Verizon),$850.00
Apple iPhone 14 Pro Max - 128GB - Space Black ( Locked US Cellular),$750.00
Apple iPhone 14 Pro Max - 128GB - Gold (Unlocked),"$1,120.00"
Apple iPhone 14 Pro Max - 256GB - Deep Purple (T-Mobile),"$1,200.00"
Apple iPhone 14 Pro Max - 512GB - Deep Purple (Unlocked) Apple Care+ 12mo,"$1,555.82"
Apple iPhone 14 Pro Max - 1TB - Silver (Unlocked),"$1,350.00"
Apple iPhone 14 Pro Max 128GB Deep Purple - Excellent Condition,"$1,183.37"
Apple iPhone 14 Pro Max - 256GB - with AppleCare+ thief & loss - gold - unlocked,"$1,263.31"
Apple iPhone 14 Pro Max - 128GB - Silver (Unlocked) NEVER USED,"$1,133.53"
BRAND NEW SEALED - APPLE IPHONE 14 PRO MAX 128GB - All Colors,"$1,151.02"
Apple iPhone 14 Pro Max - 256GB - Deep Purple (Unlocked),$985.00
For iPhone 15 7 8 6+ XR 11 12 14Pro Max Carbon Fiber Shockproof Soft Case,$4.97
Apple iPhone 14 Pro Max - 256GB - Gold (AT&T),"$1,100.00"
Apple iPhone 14 Pro Max - 128GB - Space Black (Unlocked) A2894 (GSM) Warranty,"$1,089.94"
Apple iPhone 14 Pro Max - 128GB - Deep Purple (Unlocked),$950.00
Apple iPhone 14 Pro Max - 256GB - Deep Purple (AT&T),$850.00
Apple iPhone 14 Pro Max - 128GB - Space Black (T-Mobile),"$1,000.00"
Apple iPhone 14 Pro Max - 1TB - Space Black (Verizon),"$1,100.00"
Apple iPhone 14 Pro Max 1TB (Gold),"$2,159.86"
Apple iPhone 14 Pro Max 128GB (Space Black),"$1,483.51"
Apple iPhone 14 Pro Max 256GB (Space Black),"$1,638.99"
Apple iPhone 14 Pro Max - 128GB - Gold (Unlocked),"$1,228.97"
Apple iPhone 14 Pro Max - 512GB - Deep Purple (Unlocked),"$1,800.00"
Apple iPhone 14 Pro Max | 256 GB Space Black | ESIM T-Mobile + Metro PCS,$820.00
Apple iPhone 14 Pro Max - 128GB - Space Black (Verizon),$900.00
Apple iPhone 14 Pro Max - 128GB - Deep Purple (Unlocked) New Sealed,"$1,431.25"
Apple iPhone 14 Pro Max 5G 128GB - Excellent Condition - 12M Apple WTY,"$1,068.30"
"Apple iPhone 14 Pro Max 1TB 6 GB Ram A2651 Deep Purple Verizon Locked ""NIB","$1,499.95"
Iphone 14 Pro Max - 128Gb - Gold - Apple warranty,"$1,033.89"
Apple iPhone 14 Pro Max - 256GB - Deep Purple (Verizon),$900.00
Apple iPhone 14 Pro Max - 128GB - Gold (Verizon) Lock Clean ESN,$850.00
Apple iPhone 14 Pro Max - 128GB - Silver (Sprint),$800.00
Apple iPhone 14 Pro Max - 256GB - Gold (Unlocked),"$1,200.00"
Apple iPhone 14 Pro Max - 128GB - Silver (Verizon),$950.00
Apple iPhone 14 Pro Max - 128GB - Gold (Unlocked)!,"$1,991.79"
Apple iPhone 14 Pro Max - 128GB - Space Black (Straight Talk),"$1,500.00"
Apple iPhone 14 Pro Max - 1TB - White (Unlocked) / 1 Year Apple Care,"$1,499.99"
Apple iPhone 14 Pro Max 128GB Purple | 100% Battery Health | Warranty | Mint,"$1,244.40"
BRAND NEW SEALED - APPLE IPHONE 14 PRO MAX 128GB - All Colors,"$1,151.02"
Apple iPhone 14 Pro Max - 128GB - Gold (Unlocked)!,"$1,991.79"
iphone 14 pro max 256gb unlocked gold 256 gb gold Under Apple Warranty,"$1,195.82"
Apple iPhone 14 Pro Max - 256GB - Deep Purple (T-Mobile),"$1,200.00"
Apple iPhone 14 Pro Max - 1TB - Silver (Unlocked),"$1,350.00"
Apple iPhone 14 Pro Max - 256GB - Purple (Unlocked),$999.99
Apple iPhone 14 Pro Max - 512GB - Gold (AT&T),"$1,050.00"
For iPhone 15 7 8 6+ XR 11 12 14Pro Max Carbon Fiber Shockproof Soft Case,$4.97
Apple iPhone 14 Pro Max - 128GB - Deep Purple (Verizon),$900.00
Iphone 14 Pro Max - 128Gb - Gold - Apple warranty,"$1,033.89"
Apple iPhone 14 Pro Max - 128GB - Deep Purple,"$1,071.25"
Apple iPhone 14 Pro Max - 128GB - Space Black (Straight Talk),"$1,500.00"
Apple iPhone 14 Pro Max - 256GB - Silver (Unlocked),"$1,000.00"
Apple iPhone 14 Pro Max - 1TB - Gold (Unlocked),"$1,950.00"
Apple iPhone 14 Pro Max - 512GB - Space Black (Verizon Unlocked),$949.00
Apple iPhone 14 Pro Max - 1TB - Gold (Unlocked),"$1,307.93"
Apple iPhone 14 Pro Max 512GB Space Black Unlocked To All Network - Grade-C,"$1,121.07"
Apple iPhone 14 Pro Max - 512GB - Deep Purple (Unlocked),"$1,800.00"
Apple iPhone 14 Pro Max - 256GB - Gold (locked) Cricket,$890.00
Case iPhone 14 pro max,$12.90
Apple iPhone 14 Pro Max - 1TB - Space Black (Unlocked),"$1,350.00"
Apple iPhone 14 Pro Max 512GB (Space Black),"$1,887.76"
Apple iPhone 14 Pro Max - 256GB - Deep Purple (Unlocked),"$1,166.13"
Brand New Sealed Apple iPhone 14 Pro Max - 1TB - Silver (Unlocked),"$2,299.99"
Apple iPhone 14 Pro Max - 512GB - Space Black (Unlocked),"$1,399.00"
Apple iPhone 14 Pro Max 1TB (Deep Purple),"$2,159.86"
Apple iPhone I4 Pro Max - 256GB - Deep Purple (Unlocked) Grade A++,"$1,146.00"
Apple iPhone 14 Pro Max - 128GB - Gold (Unlocked),"$1,228.97"
"Apple iPhone 14 Pro Max A2651 made for T-MOBILE/SPRINT, all colors+GB - A Grade",$829.99
Apple iPhone 14 Pro Max (A2651) 128GB Gold- Verizon - NEW-IN-B0X,$999.99
Apple iPhone 14 Pro Max 128GB Deep Purple - Excellent Condition,"$1,183.37"
Apple iPhone 14 Pro - 1TB - Purple (Unlocked) / 1 Year AppleCare,"$1,399.99"
Apple iPhone 14 Pro Max - 128GB - Space Black (Verizon),$750.00
Apple iPhone 14 Pro Max - 1TB - Deep Purple (Verizon) Brand New,"$1,500.00"
Apple iPhone 14 Pro Max - 128GB - Space Black (Unlocked),"$1,000.00"
Apple iPhone 14 Pro Max 128GB 256GB 512GB 1TB Unlocked CDMA+GSM Excellent,"$1,450.00"
Apple iPhone 14 Pro Max - 256GB - Space Black (Unlocked) A2651 (GSM),$940.00
Apple iPhone 14 Pro Max - 128GB - Gold (Verizon),$950.00
iphone 14 pro max 128gb silver unlocked,"$1,008.98"
Apple iPhone 14 Pro Max - 1TB - Deep Purple (T-Mobile),"$1,300.00"
Apple iPhone 14 Pro Max - 128GB - Deep Purple (Unlocked),$980.00
