Title,Price
NEW LISTINGApple iPhone 11 Pro Max(A2161) 64GB Space Gray Unlocked Gsm Good-SEE DESCRIPTION,$310.25
Apple iPhone 11 Pro Max (A2161) 64GB Space Gray Unlocked Gsm EXCELLENT,$361.25
Apple iPhone 11 PRO MAX 64GB 256GB 512GB (UNLOCKED) ⚫🟠 ✅1 YEAR WARRANTY✅ ❖O/B❖,$467.95 to $568.95
NEW LISTINGApple iPhone 11 Pro Max(A2161) 64GB Space Gray Unlocked Gsm Fair-SEE DESCRIPTION,$306.00
Apple iPhone 11 Pro Max - 256GB - Gold (Unlocked) (Read Description) DD1067,$300.00
Apple iPhone 11 Pro Max - 512GB - Gray (Unlocked) (MUST READ DESCRIPTION) #34517,$203.50
Apple iPhone 11 Pro Max 256GB Unlocked Smartphone - Very Good,$412.95
Apple iPhone 11 Pro Max - 512GB - Midnight Green (Unlocked),$275.00
Unlocked Apple iPhone 11 Pro Max 64GB MWGF2LL/A 16.3.1 Space Gray Used- Clean,$152.50
Apple iPhone 11 Pro Max - 256GB - Gold (AT&T) A2161 (CDMA + GSM),$330.00
Apple iPhone 11 Pro Max 64GB Unlocked Smartphone - Excellent,$412.95
Apple iPhone 11 Pro Max - 256GB - *READ DESCRIPTION*,$295.00
Apple iPhone 11 Pro Max 64GB [A2161] Midnight Green (AT&T) *No Face ID*,$249.95
Apple iPhone 11 Pro Max A2161 Unlocked - Aftermarket / Non-Genuine Display Sale,$329.00
Apple iPhone 11 Pro OR 11 Pro Max - Choose carrier or Unlocked! 64GB 256GB 512GB,$398.00 to $648.00
Apple iPhone 11 Pro Max - 64GB 256GB 512GB - All Colors - Very Good Condition,$399.00 to $515.00
Apple iPhone 11 Pro Max - 64GB - Space Gray Unlocked Cracked Lcd Screen Back #16,$239.95
"FULLY FUNCTIONAL USED GSM UNLOCKED iPhone 11 PRO MAX, 64GB A2161 MWGF2LL/A",$359.99
Apple A2161 iPhone 11 Pro Max - 512GB - Space Grey (Unlocked) (CDMA + GSM) Excel,$462.00
Apple iPhone 11 Pro Max - 64GB 256GB 512GB - All Carriers - Fair Condition,$319.00 to $400.00
Apple iPhone 11 Pro Max - 64GB 256GB 512GB - All Colors - Good Condition,$389.00 to $521.00
Broken Unlocked Apple iPhone 11 Pro Max 512GB 15.5.1 Gold MWHA2LL/A Cracked,$274.99
NEW LISTINGApple iPhone 11 Pro Max 512GB Verizon + GSM Unlocked T-Mobile AT&T 4G LTE - Used,$449.97 to $459.97
Apple iPhone 11 Pro Max 64GB Tmobile Unlocked,$329.00
Apple iPhone 11 Pro Max - 256GB - Gold (Unlocked),$475.00
Apple iPhone 11 Pro Max 64GB Space Gray Unlocked All Carriers Great Condition,$375.00
"Apple iPhone 11 Pro Max 64/256/512 GSM Unlocked, Verizon Unlocked Very Good",$359.99 to $449.99
NEW Apple iPhone 11 Pro Max 64GB Green Verizon iOS Smartphone A2161 CDMA + GSM,$469.99
Apple iPhone 11 Pro Max 64GB AT&T Smartphone (Green) - Very Good B,$334.99
Apple iPhone 11 Pro Max - A2161 Unlocked - NO FACE ID and NON GENUINE DISPLAY,$389.00
Apple iPhone 11 PRO MAX 256GB GOLD (FACTORY UNLOCKED) ✅ 1 YEAR WARRANTY ✅ ❖O/B❖,$518.95
Apple iPhone 11 Pro Max 64GB AT&T Smartphone (Green) - Good - C,$329.99
Apple iPhone 11 Pro Max 256GB Unlocked AT&T T-Mobile Verizon Good Condition,$399.99
"Apple iPhone 11 Pro, Pro Max Unlocked 64GB 256GB 512GBSmartphone Used",$434.99 to $714.99
Apple iPhone 11 Pro Max - 64GB - Space Gray (Unlocked) READ DESCRIPTION!,$349.95
APPLE iPhone 11 pro max 64GB or 256GB Fully Unlocked All colors HOT SALE ITEM 🍎,$432.00 to $492.00
Apple iPhone 11 Pro Max - 256GB - Gold (Unlocked) A2161 (CDMA + GSM) Excellent,$449.99
Apple iPhone 11 Pro Max - 64GB - (Unlocked) A2161 (CDMA + GSM)No Face ID,$329.00
Apple iPhone 11 Pro Max 64GB Space Gray Unlocked Very Good Condition,$389.99
Apple iPhone 11 Pro Max - 64GB - Factory Unlocked - Very Good Condition,$399.99
Apple iPhone 11 Pro Max - 64GB- Graphite (Unlocked) ESN is BAD,$335.00
Apple iPhone 11 Pro Max 256GB Silver (AT&T) A2161 AS IS / FOR PARTS,$349.99
Apple iPhone 11 Pro Max - 64GB - Space Gray (Unlocked) A2161 Read For Parts,$259.00
Apple iPhone 11 Pro Max - 256GB - Gold (AT&T),$400.00
Apple iPhone 11 Pro Max - 256GB - Gold (Unlocked) A2161 (CDMA + GSM),$399.00
Apple iPhone 11 Pro Max - 256GB - Gold (AT&T) A2161 (CDMA + GSM),$429.99
Apple iPhone 11 Pro Max - 64GB - Space Gray Unlocked NO FACE ID,$369.99
Apple iPhone 11 Pro Max 256GB Gold Unlocked Excellent Condition,$459.99
Apple iPhone 11 Pro Max - 64/256/512GB - Unlocked Verizon - Good Condition,$399.99 to $529.99
Apple iPhone 11 Pro Max - 64/256/512GB - Unlocked Verizon - Very Good Condition,$389.99 to $449.99
Apple iPhone 11 Pro Max 512GB Verizon GSM Unlocked T-Mobile AT&T - Bad Face ID,$379.97
Apple iPhone 11 Pro Max 64GB AT&T Smartphone (Green) - Excellent - A,$359.99
iPhone 11 Pro Max - 64GB - Space Gray (Unlocked) Near Mint Condition #3484,$409.00
AT&T Apple iPhone 11 Pro Max 256GB 16.6.1 Silver MWFF2LL/A Bad,$339.99
"Apple iPhone 11 Pro Max A2161 UNLOCKED for all carriers, all colors+GB - B Grade",$509.99
Apple iPhone 11 Pro Max A2161 (Fully Unlocked) 64GB Space Gray (Excellent),$434.99
Apple iPhone 11 Pro Max - 64GB - Midnight Green (AT&T) A2161| FOR PARTS ONLY!,$250.00
Apple iPhone 11 Pro Max - 64GB - Space Grey (t-mobile) Brand New Condition As-is,$385.00
Apple iPhone 11 Pro MAX 64GB Factory Unlocked GSM+CDMA AT&T T-Mobile Verizon,$440.00 to $450.00
"IOS 15.6 Apple iPhone 11 Pro Max, 64GB, Gray, FACTORY UNLOCKED, EXCELLENT!!!",$597.00
Apple iPhone 11 Pro Max - 64GB - Space Gray (Unlocked) A2161 for parts only,$285.95
"Apple iPhone 11 Pro Max 64/256/512 GSM Unlocked, Verizon Unlocked Excellent",$399.99 to $529.99
Apple iPhone 11 PRO MAX 64GB SPACE GRAY (UNLOCKED) ✅ 1 YEAR WARRANTY ✅ ❖O/B❖w,$468.95
"Apple iPhone 11 Pro A2215 64GB (GSM + CDMA) Factory Unlocked Gray Grade B,",$449.99
Apple iPhone 11 Pro Max 64GB Space Gray Unlocked Factory Reset - Pre-Owned,$450.00
Apple iPhone 11 Pro Max 64GB Space Gray Unlocked MESSAGE BATTERY & LCD,$421.00
Apple iPhone 11 Pro Max 64gb ATT Midnight Green For Parts Not working,$250.00
Apple iPhone 11 Pro Max - 64GB - ALL COLORS - Factory Unlocked - Excellent,$440.00
iPhone 11 Pro Max Unlocked (CDMA + GSM) 256GB Gold |,$400.00
🌟🌟Apple iPhone 11 PRO MAX 64/256/512GB 🔥Unlocked🔥 All colors🌟🌟,$999.99
Apple iPhone 11 Pro Max 64GB Green Carrier Locked strictly AT&T Good Condition,$348.88
Apple iPhone 11 Pro Max A2161 Unlocked 512GB Gold Good,$529.99
Apple iPhone 11 Pro Max - 256GB - ALL COLORS - Verizon - Excellent Condition,$545.00
Apple iPhone 11 Pro Max 512GB Gold Unlocked MESSAGE LCD,$497.00
Apple iPhone 11 Pro Max Smartphone 64GB CDMA & GSM Unlocked - Good,$429.00
Apple iPhone 11 Pro Max- 64GB - Space Gray (Unlocked) A2161 (CDMA + GSM) B-Stock,$419.99
Apple iPhone 11 Pro Max A2161 Unlocked 64GB Space Gray C Heavy Scratch,$399.99
Apple iPhone 11 Pro Max A2161 Unlocked 64GB Space Gray Good,$449.99
Apple iPhone 11 Pro Max 256GB Gold Unlocked Very Good Condition,$449.99
Apple iPhone 11 Pro Max - 64GB - Space Gray (Unlocked) A2161 (CDMA + GSM),$475.00
Apple iPhone 11 Pro MAX 512GB Factory Unlocked GSM+CDMA T-Mobile Verizon Gray,$545.00
Apple iPhone 11 Pro MAX 512GB Factory Unlocked GSM+CDMA T-Mobile Verizon Gold,$561.00
Apple iPhone 11 Pro Max A2161 Verizon Unlocked 64GB Midnight Green C,$429.99
Apple iPhone 11 Pro Max - 64GB - Space Gray (Unlocked) EXCELLENT CONDITION,$565.00
"Apple iPhone 11 Pro Max 256GB (AT&T/Cricket Wireless Only) 6.5"" MWFF2LL/A Silver",$799.00
Apple iPhone 11 Pro Max - 256GB - Gray (Unlocked) (Read Description) EE1105,$202.50
Apple iPhone 11 Pro Max - 64/256/512GB - Unlocked Verizon - Excellent Condition,$399.99 to $529.99
Apple iPhone 11 Pro Max A2161 Unlocked 64GB Space Gray Very Good,$459.99
Apple iPhone 11 Pro Max 256GB Unlocked Smartphone - Excellent,$422.95
Apple iPhone 11 Pro Max 256GB Unlocked Smartphone - Good,$377.95
Apple iPhone 11 Pro Max - 256GB - Gold (AT&T),$400.00
Apple iPhone 11 Pro Max 256GB Gold Unlocked Good Condition,$419.99
Apple iPhone 11 Pro Max 64GB Space Gray Unlocked Excellent Condition,$399.99
Apple iPhone 11 Pro Max - 64GB - (Unlocked) A2161 (CDMA + GSM)NO FACE ID,$349.00
Apple iPhone 11 Pro Max - 64GB - Factory Unlocked - Good Condition,$549.99
Apple iPhone 11 Pro Max 64GB Verizon Smartphone - Very Good,$407.95
Apple iPhone 11 Pro Max - 64/256/512GB - Unlocked Verizon - Good Condition,$399.99 to $529.99
Apple iPhone 11 Pro Max - 64/256/512GB - Unlocked Verizon - Very Good Condition,$389.99 to $449.99
Apple iPhone 11 Pro Max 512GB Verizon GSM Unlocked T-Mobile AT&T - Bad Face ID,$379.97
Apple iPhone 11 Pro Max 64GB AT&T Smartphone (Green) - Excellent - A,$359.99
Apple iPhone 11 Pro Max - 64GB - Midnight Green (AT&T) A2161| FOR PARTS ONLY!,$250.00
Apple iPhone 11 Pro Max - 64GB - Space Grey (t-mobile) Brand New Condition As-is,$385.00
Apple iPhone 11 Pro MAX 64GB Factory Unlocked GSM+CDMA AT&T T-Mobile Verizon,$440.00 to $450.00
"IOS 15.6 Apple iPhone 11 Pro Max, 64GB, Gray, FACTORY UNLOCKED, EXCELLENT!!!",$597.00
Apple iPhone 11 Pro Max - 64GB - Space Gray (Unlocked) A2161 for parts only,$285.95
Apple iPhone 11 Pro Max 64GB Space Gray Unlocked Factory Reset - Pre-Owned,$450.00
Apple iPhone 11 Pro Max 64GB Space Gray Unlocked MESSAGE BATTERY & LCD,$421.00
Apple iPhone 11 Pro Max 64gb ATT Midnight Green For Parts Not working,$250.00
Apple iPhone 11 Pro Max - 64GB - ALL COLORS - Factory Unlocked - Excellent,$440.00
"Apple iPhone 11 Pro Max 64/256/512 GSM Unlocked, Verizon Unlocked Excellent",$399.99 to $529.99
Apple iPhone 11 PRO MAX 64GB SPACE GRAY (UNLOCKED) ✅ 1 YEAR WARRANTY ✅ ❖O/B❖w,$468.95
"Apple iPhone 11 Pro A2215 64GB (GSM + CDMA) Factory Unlocked Gray Grade B,",$449.99
iPhone 11 Pro Max Unlocked (CDMA + GSM) 256GB Gold |,$400.00
🌟🌟Apple iPhone 11 PRO MAX 64/256/512GB 🔥Unlocked🔥 All colors🌟🌟,$999.99
Apple iPhone 11 Pro Max 64GB Green Carrier Locked strictly AT&T Good Condition,$348.88
Apple iPhone 11 Pro Max A2161 Unlocked 512GB Gold Good,$529.99
Apple iPhone 11 Pro Max - 256GB - ALL COLORS - Verizon - Excellent Condition,$545.00
Apple iPhone 11 Pro Max 512GB Gold Unlocked MESSAGE LCD,$497.00
Apple iPhone 11 Pro Max Smartphone 64GB CDMA & GSM Unlocked - Good,$429.00
Apple iPhone 11 Pro Max- 64GB - Space Gray (Unlocked) A2161 (CDMA + GSM) B-Stock,$419.99
Apple iPhone 11 Pro MAX 512GB Factory Unlocked GSM+CDMA T-Mobile Verizon Gray,$545.00
Apple iPhone 11 Pro Max - 64GB - Space Gray (Unlocked) A2161 (CDMA + GSM),$475.00
Apple iPhone 11 Pro MAX 512GB Factory Unlocked GSM+CDMA T-Mobile Verizon Gold,$561.00
Apple iPhone 11 Pro Max A2161 Verizon Unlocked 64GB Midnight Green C,$429.99
Apple iPhone 11 Pro Max A2161 Unlocked 64GB Space Gray C Heavy Scratch,$399.99
Apple iPhone 11 Pro Max A2161 Unlocked 64GB Space Gray Good,$449.99
Apple iPhone 11 Pro Max 256GB Gold Unlocked Very Good Condition,$449.99
Apple iPhone 11 Pro Max - 64/256/512GB - Unlocked Verizon - Excellent Condition,$399.99 to $529.99
Apple iPhone 11 Pro Max - 64GB - Space Gray (Unlocked) EXCELLENT CONDITION,$565.00
"Apple iPhone 11 Pro Max 256GB (AT&T/Cricket Wireless Only) 6.5"" MWFF2LL/A Silver",$799.00
Apple iPhone 11 Pro Max - 256GB - Gray (Unlocked) (Read Description) EE1105,$200.00
Apple iPhone 11 Pro Max 256GB Unlocked Smartphone - Excellent,$422.95
Apple iPhone 11 Pro Max 256GB Unlocked Smartphone - Good,$377.95
Apple iPhone 11 Pro Max - 256GB - Gold (AT&T),$400.00
Apple iPhone 11 Pro Max A2161 Unlocked 64GB Space Gray Very Good,$459.99
Apple iPhone 11 Pro Max 256GB Gold Unlocked Good Condition,$419.99
Apple iPhone 11 Pro Max 64GB Space Gray Unlocked Excellent Condition,$399.99
Apple iPhone 11 Pro Max - 64GB - (Unlocked) A2161 (CDMA + GSM)NO FACE ID,$349.00
Apple iPhone 11 Pro Max - 64GB - Factory Unlocked - Good Condition,$549.99
Apple iPhone 11 Pro Max 64GB Verizon Smartphone - Very Good,$407.95
"Apple iPhone 11 Pro Max 64GB SPACE GRAY Unlocked NO FACE ID, REPLACEMENT SCREEN",$303.99
Apple iPhone 11 Pro Max A2161 (Fully Unlocked) 64GB Space Gray (Very Good),$424.99
Apple iPhone 11 Pro Max 64GB Black - Unlocked AT&T T-Mobile Verizon 7562073,$389.00
Apple iPhone 11 Pro Max 64GB Gray Unlocked NO FACE ID,$405.00
Apple iPhone 11 Pro Max - 64/256/512GB - Unlocked Verizon - Good Condition,$399.99 to $529.99
Apple iPhone 11 Pro Max - 64/256/512GB - Unlocked Verizon - Very Good Condition,$389.99 to $449.99
Apple iPhone 11 Pro Max 512GB Verizon GSM Unlocked T-Mobile AT&T - Bad Face ID,$379.97
Apple iPhone 11 Pro Max 64GB AT&T Smartphone (Green) - Excellent - A,$359.99
iPhone 11 Pro Max - 64GB - Space Gray (Unlocked) Near Mint Condition #3484,$409.00
AT&T Apple iPhone 11 Pro Max 256GB 16.6.1 Silver MWFF2LL/A Bad,$339.99
"Apple iPhone 11 Pro Max A2161 UNLOCKED for all carriers, all colors+GB - B Grade",$509.99
Apple iPhone 11 Pro Max A2161 (Fully Unlocked) 64GB Space Gray (Excellent),$434.99
Apple iPhone 11 Pro Max - 64GB - Midnight Green (AT&T) A2161| FOR PARTS ONLY!,$250.00
Apple iPhone 11 Pro Max - 64GB - Space Grey (t-mobile) Brand New Condition As-is,$385.00
Apple iPhone 11 Pro MAX 64GB Factory Unlocked GSM+CDMA AT&T T-Mobile Verizon,$440.00 to $450.00
"IOS 15.6 Apple iPhone 11 Pro Max, 64GB, Gray, FACTORY UNLOCKED, EXCELLENT!!!",$597.00
Apple iPhone 11 Pro Max - 64GB - Space Gray (Unlocked) A2161 for parts only,$285.95
"Apple iPhone 11 Pro Max 64/256/512 GSM Unlocked, Verizon Unlocked Excellent",$399.99 to $529.99
Apple iPhone 11 PRO MAX 64GB SPACE GRAY (UNLOCKED) ✅ 1 YEAR WARRANTY ✅ ❖O/B❖w,$468.95
"Apple iPhone 11 Pro A2215 64GB (GSM + CDMA) Factory Unlocked Gray Grade B,",$449.99
Apple iPhone 11 Pro Max 64GB Space Gray Unlocked Factory Reset - Pre-Owned,$450.00
Apple iPhone 11 Pro Max 64GB Space Gray Unlocked MESSAGE BATTERY & LCD,$421.00
Apple iPhone 11 Pro Max 64gb ATT Midnight Green For Parts Not working,$250.00
Apple iPhone 11 Pro Max - 64GB - ALL COLORS - Factory Unlocked - Excellent,$440.00
iPhone 11 Pro Max Unlocked (CDMA + GSM) 256GB Gold |,$400.00
🌟🌟Apple iPhone 11 PRO MAX 64/256/512GB 🔥Unlocked🔥 All colors🌟🌟,$999.99
Apple iPhone 11 Pro Max 64GB Green Carrier Locked strictly AT&T Good Condition,$348.88
Apple iPhone 11 Pro Max A2161 Unlocked 512GB Gold Good,$529.99
Apple iPhone 11 Pro Max - 256GB - ALL COLORS - Verizon - Excellent Condition,$545.00
Apple iPhone 11 Pro Max 512GB Gold Unlocked MESSAGE LCD,$497.00
Apple iPhone 11 Pro Max Smartphone 64GB CDMA & GSM Unlocked - Good,$429.00
Apple iPhone 11 Pro Max- 64GB - Space Gray (Unlocked) A2161 (CDMA + GSM) B-Stock,$419.99
Apple iPhone 11 Pro Max A2161 Unlocked 64GB Space Gray C Heavy Scratch,$399.99
Apple iPhone 11 Pro Max A2161 Unlocked 64GB Space Gray Good,$449.99
Apple iPhone 11 Pro Max 256GB Gold Unlocked Very Good Condition,$449.99
Apple iPhone 11 Pro Max - 64GB - Space Gray (Unlocked) A2161 (CDMA + GSM),$475.00
Apple iPhone 11 Pro MAX 512GB Factory Unlocked GSM+CDMA T-Mobile Verizon Gray,$545.00
Apple iPhone 11 Pro MAX 512GB Factory Unlocked GSM+CDMA T-Mobile Verizon Gold,$561.00
Apple iPhone 11 Pro Max A2161 Verizon Unlocked 64GB Midnight Green C,$429.99
Apple iPhone 11 Pro Max - 64GB - Space Gray (Unlocked) EXCELLENT CONDITION,$565.00
"Apple iPhone 11 Pro Max 256GB (AT&T/Cricket Wireless Only) 6.5"" MWFF2LL/A Silver",$799.00
Apple iPhone 11 Pro Max - 256GB - Gray (Unlocked) (Read Description) EE1105,$202.50
Apple iPhone 11 Pro Max - 64/256/512GB - Unlocked Verizon - Excellent Condition,$399.99 to $529.99
Apple iPhone 11 Pro Max A2161 Unlocked 64GB Space Gray Very Good,$459.99
Apple iPhone 11 Pro Max 256GB Unlocked Smartphone - Excellent,$422.95
Apple iPhone 11 Pro Max 256GB Unlocked Smartphone - Good,$377.95
Apple iPhone 11 Pro Max - 256GB - Gold (AT&T),$400.00
Apple iPhone 11 Pro Max 256GB Gold Unlocked Good Condition,$419.99
Apple iPhone 11 Pro Max 64GB Space Gray Unlocked Excellent Condition,$399.99
Apple iPhone 11 Pro Max - 64GB - (Unlocked) A2161 (CDMA + GSM)NO FACE ID,$349.00
Apple iPhone 11 Pro Max - 64GB - Factory Unlocked - Good Condition,$549.99
Apple iPhone 11 Pro Max 64GB Verizon Smartphone - Very Good,$407.95
