Title,Price
Apple iPhone 12 Pro Max 5G A2342 - 128GB 256GB - Fully Unlocked - Very Good -,$549.00 to $579.00
Apple iPhone 12 Pro Max - 128GB 256GB 512GB - All Colors - Excellent Condition,$510.00 to $644.00
Apple iPhone 12 Pro Max 512GB Unlocked AT&T T-Mobile Verizon Very Good Condition,$554.95
"Apple iPhone 12 Pro Max 128/256/512 GSM Unlocked, Verizon Unlocked Very Good",$509.99 to $639.99
Apple iPhone 12 Pro Max - 128GB - Gold (Unlocked) (Read Description) CI1040,$186.50
Apple iPhone 12 Pro Max 128GB Unlocked AT&T T-Mobile Verizon Very Good Condition,$499.95
Apple iPhone 12 Pro Max 128/256/512GB AT&T Sprint T-Mobile Unlocked Verizon Fair,$399.99 to $519.99
NEW LISTINGiPhone 12 Pro Max 128GB Blue Unlocked Cracked Back. minor Scratches On Screen,$19.50
NEW LISTINGApple iPhone 12 Pro Max - 128GB - Pacific Blue (Verizon),$237.50
NEW LISTINGApple iPhone 12 Pro Max - 256GB - Pacific Blue (UNLOCKED) PARTS ONLY READ,$175.00
NEW LISTINGApple iPhone 12 Pro Max - 128GB - Unlocked - Graphite - No SIM restrictions ✅✅,$459.99
Apple iPhone 12 Pro Max 128GB Unlocked Smartphone - Very Good,$514.95
Apple iphone 12 pro max - Fully functional- Unlocked- With Accessories !!!!!,$538.34 to $579.73
Apple iPhone 12 Pro Max - 128GB - Graphite (Unlocked) - For Parts - ISSUE - READ,$249.99
Apple iPhone 12 Pro Max - 128GB 256GB 512GB - All Colors - Very Good Condition,$510.00 to $596.00
"Apple iPhone 12 Pro Max 128/256/512GB Unlocked, Verizon Unlocked Verizon Good",$459.99 to $559.99
Apple iPhone 12 Pro Max - 256GB - Graphite (Unlocked),$485.00
NEW LISTINGApple iPhone 12 Pro Max 128GB (Unlocked) A2342 Pacific Blue Smartphone,$469.95
Apple iPhone 12 Pro Max 128GB Graphite Unlocked Fair Condition,$399.99
Apple iPhone 12 Pro Max - 128GB - Graphite - For Parts Only Please Read,$160.00
Apple iPhone 12 Pro Max,$322.00
Apple iPhone 12 Pro Max - 128GB - Pacific Blue (Unlocked) Pre-owned Excellent,$473.00
IC Lock iPhone 12 Pro Max - 128GB - Pacific Blue (Unlocked) For parts only,$279.99
**NEW IN BOX** - Apple iPhone 12 Pro Max - 128GB - Blue (AT&T) - NO RESERVE,$404.00
Apple iPhone 12 Pro Max - 128GB - Pacific Blue (AT&T Locked),$325.00
Apple iPhone 12 Pro Max - 128GB - WORKS PERFECT (Unlocked) Verizon AT&T T-Mobile,$399.97
Apple iPhone 12 Pro Max - 128GB - Graphite (Unlocked),$460.00
Apple iPhone 12 Pro Max - 512GB - Silver (Verizon),$355.00
Apple iPhone 12 Pro Max 128GB Pacific Blue Unlocked Good Condition,$459.99
iPhone 12 Pro Max - Factory Unlocked - 128GB - Gold - Good,$511.00
"Apple iPhone 12 Pro Max 128/256/512 GSM Unlocked, Verizon Unlocked VZW Excellent",$529.99 to $649.99
Apple iPhone 12 Pro Max - 128/256/512GB - Unlocked Verizon - Very Good Condition,$509.99 to $639.99
Apple iPhone 12 Pro Max - 128GB - Pacific Blue (Unlocked) With Apple Mag Cases,$420.00
Apple iPhone 12 Pro Max - 128GB - Graphite (Unlocked),$300.00
T-Mobile Apple iPhone 12 Pro Max 128GB 16.7.1 Graphite MG9P3LL/A A2342 Bad,$329.99
Apple iPhone 12 Pro Max - 128GB - Pacific Blue (AT&T),$301.00
Apple iPhone 12 Pro Max A2342 128GB Graphite Unlocked/No Sim Required USED,$434.99
NEW LISTINGApple iPhone 12 Pro Max - 128GB - Gold - A2342 - (Unlocked) - Great Condition,$499.00
iPhone 12 Pro Max - TMobile - 128GB - Gray - Good,$449.00
iPhone 12 Pro Max - Factory Unlocked - 128GB - Gray - Good,$514.00
Apple iPhone 12 Pro Max 128GB Unlocked Chipped Front Screen & Cracked Back,$374.95
Apple iPhone 12 Pro Max - 128GB - Pacific Blue Used and works well,$430.00
Apple iPhone 12 Pro Max - 128GB - Pacific Blue (AT&T) Jailbroken With IOS 15.4.1,$599.00
iPhone 12 Pro Max / 128GB / Pacific Blue / Unlocked / BH 75% / READ!,$399.95
Apple iPhone 12 Pro Max 128GB Graphite (MG9A3LL/A) Unlocked *CLEAN IMEI*,$499.95
Apple iPhone 12 Pro Max - 512GB - Graphite (Unlocked) Working Screen Hair Crack,$400.00
Apple iPhone 12 Pro Max 128GB Gold T-Mobile - Good w Bad Face ID/Touch/LCD Issue,$249.99
Unlocked Apple iPhone 12 Pro Max 128GB MG9E3LL/A 16.6 Pacific Blue Clean,$474.99
Apple iPhone 12 Pro Max - 128/256/512GB - Unlocked Verizon - Good Condition,$459.99 to $559.99
Apple iPhone 12 Pro Max 128GB 5G Graphite A2342 Unlocked,$520.00
Apple iPhone 12 Pro Max 512GB Graphite AT&T Good Condition,$549.99
iPhone 12 Pro Max - Factory Unlocked - 128GB - Blue - Good,$524.00
Apple iPhone 12 Pro Max - 128GB - Pacific Blue (Unlocked),$479.99
Apple iPhone 12 Pro Max - 128GB - Graphite (T-Mobile),$430.00
NEW LISTINGApple iPhone 12 Pro Max - 128GB - Graphite (Unlocked) Read,$249.00
Apple iPhone 12 Pro Max - Blue - 128GB - (AT&T) - Camera Issues,$350.00
Apple iPhone 12 Pro Max 512GB Factory Unlocked Diamond 24k Gold Plated Back,"$3,899.00"
Apple iPhone 12 Pro Max Graphite - 128GB - T-Mobile,$449.99
Apple iPhone 12 Pro Max - 128GB - (Unlocked) Pacific Blue *Brand New in Box,$898.97
Apple iPhone 12 Pro Max A2342 512GB Unlocked Good Condition Check IMEI,$685.95
NEW LISTINGAPPLE IPHONE 12 PRO MAX UNLOCKED 128GB GRAY EXCELLENT CONDITION 91% BATTERY,$529.00
Apple iPhone 12 Pro Max - 128/256/512GB - Unlocked Verizon - Excellent Condition,$529.99 to $649.99
Apple iPhone 12 Pro Max 128GB Gold T-Mobile Very Good Condition,$479.99
Apple iPhone 12 Pro Max 512GB Graphite Unlocked - Fair Condition,$519.99
Apple iPhone 12 Pro Max All Colors T-Mobile/Sprint A2342 Warranty - C Grade,$499.99 to $529.99
Apple iPhone 12 Pro Max - 128GB - Silver (Unlocked) (CA) No face iD (READ DESC),$437.09
Apple iPhone 12 Pro Max - 128GB - Graphite (Unlocked) #459,$499.00
"Apple iPhone 12 Pro Max 128GB Blue 6.7"" Fully Unlocked - Minor Issue Parts Only",$419.00
Apple iPhone 12 Pro Max - 128GB - Gold (Unlocked) (No Service),$399.99
Apple iPhone 12 Pro Max - 128GB - Graphite (Unlocked),$495.00
Apple iPhone 12 Pro Max 128GB Graphite (Unlocked),$530.00
Apple iPhone 12 Pro Max - 512GB - Graphite (Unlocked) A2342 (CDMA + GSM) 512 GB,$800.00
Apple iPhone 12 Pro Max 128GB Pacific Blue AT&T - Excellent Condition,$649.98
Apple iPhone 12 Pro Max - 128GB - Graphite (Unlocked) #A2342,$595.00
NEW LISTINGIC Lock iPhone 12 Pro Max - 128GB - (CarrieUnlocked) For parts only,$250.00
"Apple iPhone 12 Pro Max 128GB Gold T-Mobile Cracked Screen, Back, Lens Read",$265.00
Apple iPhone 12 Pro Max - 128GB - Pacific Blue (Unlocked),$549.00
"Apple iPhone 12 Pro Max 128GB 6.7"", Graphite",$529.00
Apple iPhone 12 Pro Max 128GB Factory Unlocked 5G ( IOS 15.6.1 ) Fast Shipping,$538.00
Apple iPhone 12 Pro Max - 128GB - Factory Unlocked - Very Good Condition,$549.99
Apple iPhone 12 Pro Max All Colors T-Mobile/Sprint A2342 Warranty - A Grade,$549.99 to $569.99
Apple iPhone 12 Pro Max - 128GB - Gold (Verizon) A+ Grade !!,$499.99
Apple iPhone 12 Pro Max - 128GB - Silver (Factory Unlocked) - Fair,$499.00
Apple iPhone 12 Pro Max 128GB Black - Unlocked AT&T T-Mobile Verizon GSM 7561916,$545.00
Apple iPhone 12 Pro Max All Colors T-Mobile/Sprint A2342 Warranty - B Grade,$519.99 to $569.99
Apple iPhone 12 Pro Max 512GB Black - Unlocked AT&T T-Mobile Verizon GSM 7567445,$590.00
Apple iPhone 12 Pro Max A2342 Unlocked 512GB Graphite Good,$529.99
Apple iPhone 12 Pro Max 128GB Gold Unlocked Very Good Condition,$519.99
Apple iPhone 12 Pro Max - 128GB - Silver (AT&T) CRACKED,$360.00
Apple iPhone 12 Pro Max - 128GB - Pacific Blue (Unlocked) - Good Condition,$549.00
Apple iPhone 12 Pro Max - 128GB - Pacific Blue (Unlocked),$525.00
APPLE IPHONE 12 PRO MAX MODEL# MG913LL/A (ISP006772),$599.99
Apple iPhone 12 Pro Max - 128GB - Att Smartphone Check Esn Bad,$589.00
"Apple iPhone 12 Pro Max - 128GB - Gray (metro, T-Mobile ) (Read Description)",$450.00
Apple iPhone 12 Pro Max A2342 made for AT&T WIRELESS all colors+GB - A Grade,$599.99
"Apple iPhone 12 Pro Max All Colors, A2342, 128GB, Unlocked, Good No Face ID",$446.49
Apple iPhone 12 Pro Max 128 GB Unlocked Used FREE SHIPPING,$499.99
Apple iPhone 12 Pro Max 128GB - Pacific Blue - Fully Unlocked (Heavy Scratches),$497.99
Apple iPhone 12 Pro Max 128GB Gold Unlocked Excellent Condition,$529.99
Apple iPhone 12 Pro Max A2342 Fully Unlocked 128GB Graphite (Good),$539.99
Apple iPhone 12 Pro Max - 128GB - READ DESCRIPTION PLEASE,$475.00
Apple iPhone 12 Pro Max - 128GB - Gold (Unlocked) MINT,$619.00
Apple iPhone 12 Pro Max A2342 made for T-MOBILE/SPRINT all colors+GB - C Grade,$499.99 to $529.99
Apple iPhone 12 Pro Max 512GB Verizon Locked Good Condition,$514.95
"Apple iPhone 12 Pro Max 128GB White 6.7"" Fully Unlocked Fair - Parts Only",$419.00
Apple iPhone 12 Pro Max A2342 made for T-MOBILE/SPRINT all colors+GB - A Grade,$539.99 to $569.99
Apple iPhone 12 Pro MAX Unlocked 128GB 256GB | Verizon AT&T T-Mobile | Excellent,$844.98 to $849.98
Apple iPhone 12 Pro Max - 128GB - Graphite (Verizon),$597.00
"Apple®iPhone 12 Pro Max - 128GB - Pacific Blue (Unlocked) 6.7"" 12MP Smartphone",$619.99
Apple iPhone 12 Pro - Fully Unlocked All Colors - 5G - 12MP 4K - 512GB - 6GB RAM,$719.00
Apple iPhone 12 Pro Max - 128GB - Factory Unlocked - Excellent Condition,$619.99
Apple iPhone 12 Pro Max 512GB Graphite Unlocked Very Good Condition,$579.99
Mint-A+ Apple iPhone 12 Pro Max 128GB Graphite (Unlocked) Bundle Excellent 5/5,$559.99
iPhone 12 Pro Max Unlocked (CDMA + GSM) 128GB Pacific Blue | Excellent,$550.00
Apple iPhone 12 Pro Max 128GB Unlocked AT&T T-Mobile Verizon Very Good 7567752,$600.00
Apple iPhone 12 Pro Max - 128GB - Gold (Unlocked),"$1,300.00"
Apple iPhone 12 Pro Max 256GB Gold Unlocked Excellent Condition,$559.99
Apple iPhone 12 Pro Max 128GB Pacific Blue AT&T Very Good Condition,$499.99
Apple iPhone 12 Pro Max - 128GB - Graphite (Unlocked) ( Read Description) B.i.me,$550.00
Apple iPhone 12 Pro Max All Colors AT&T Wireless A2342 Warranty - B Grade,$519.99
Apple iPhone 12 Pro Max 512 GB Unlocked Excellent Condition Pacific Blue,$629.00
Apple iPhone 12 Pro Max - 128GB - Pacific Blue (AT&T) SCREEN CRACKED,$410.00
Apple iPhone 12 Pro Max - 128GB - Graphite (T-Mobile) A2342 (CDMA + GSM),$590.00
iPhone 12 Pro Max Unlocked (CDMA + GSM) 512GB Graphite | Excellent,$596.00
Apple iPhone 12 Pro Max 128GB Gold Unlocked Good Condition,$499.99
Apple iPhone 12 Pro Max - 128GB - Pacific Blue (Unlocked),$599.00
iPhone 12 Pro Max Unlocked (CDMA + GSM) 128GB Gold | Good,$511.00
Apple iPhone 12 Pro Max - 128GB - Pacific Blue (Unlocked) (Read Description),$632.00
Apple iPhone 12 Pro Max - 128GB (ALL COLORS) Factory Unlocked -Excellent,$650.00
Unlocked Apple iPhone 12 Pro Max 128GB Pacific Blue MGCJ3LL/A,$539.99
iPhone 12 Pro Max Unlocked (CDMA + GSM) 128GB Graphite | Excellent,$557.00
Apple iPhone 12 Pro Max - 128GB - Pacific Blue (Unlocked) Excellent Condition,$589.00
Apple iPhone 12 Pro Max - 128GB - Graphite (Unlocked),$650.00
iPhone 12 Pro Max T-Mobile 128GB Graphite | Good,$449.00
Apple iPhone 12 Pro Max 256GB T-Mobile Gray - Good Condition,$606.00
Apple iPhone 12 Pro Max 512GB Graphite Unlocked - Good Condition,$641.00
Apple iPhone 12 Pro Max - 128GB - Rose Gold (Verizon)  ,$699.00
"🌟🌟Apple iPhone 12 Pro Max 128/256 Blue, Gray and Gold FACTORY UNLOCKED🌟🌟","$1,100.00"
Apple iPhone 12 Pro Max 256GB (Xfinity) A2342 Graphite - Fair Condition,$464.95
Apple iPhone 12 Pro Max 512GB Graphite Unlocked Excellent Condition,$649.99
Apple iPhone 12 Pro Max 128GB (Xfinity) A2342 Pacific Blue - Good Condition,$474.95
Apple iPhone 12 Pro Max 128GB Graphite Unlocked - Fair w/ Front/Back Separation,$439.99
Apple iPhone 12 Pro Max 512GB Black - Unlocked AT&T T-Mobile Verizon GSM 7566998,$605.00
Apple iPhone 12 Pro Max 512GB Unlocked AT&T T-Mobile Verizon Very Good 7557904,$635.00
Apple iPhone 12 Pro Max 128 GB Unlocked Used FREE SHIPPING,$499.99
Apple iPhone 12 Pro Max 128GB - Pacific Blue - Fully Unlocked (Heavy Scratches),$497.99
Apple iPhone 12 Pro Max 128GB Gold Unlocked Excellent Condition,$529.99
Apple iPhone 12 Pro Max A2342 Fully Unlocked 128GB Graphite (Good),$539.99
Apple iPhone 12 Pro Max 512GB Black - Unlocked AT&T T-Mobile Verizon GSM 7567001,$590.00
Apple iPhone 12 Pro Max - 128GB - READ DESCRIPTION PLEASE,$475.00
Apple iPhone 12 Pro Max - 128GB - Gold (Unlocked) MINT,$619.00
Apple iPhone 12 Pro Max 512GB Verizon Locked Good Condition,$514.95
"Apple iPhone 12 Pro Max 128GB White 6.7"" Fully Unlocked Fair - Parts Only",$419.00
Apple iPhone 12 Pro Max A2342 made for T-MOBILE/SPRINT all colors+GB - A Grade,$539.99 to $569.99
Apple iPhone 12 Pro MAX Unlocked 128GB 256GB | Verizon AT&T T-Mobile | Excellent,$844.98 to $849.98
Apple iPhone 12 Pro Max - 128GB - Graphite (Verizon),$597.00
Apple iPhone 12 Pro Max - 128GB - Gold (Unlocked),"$1,300.00"
Apple iPhone 12 Pro - Fully Unlocked All Colors - 5G - 12MP 4K - 512GB - 6GB RAM,$719.00
Apple iPhone 12 Pro Max - 128GB - Factory Unlocked - Excellent Condition,$619.99
Apple iPhone 12 Pro Max 512GB Graphite Unlocked Very Good Condition,$579.99
"Apple®iPhone 12 Pro Max - 128GB - Pacific Blue (Unlocked) 6.7"" 12MP Smartphone",$619.99
Mint-A+ Apple iPhone 12 Pro Max 128GB Graphite (Unlocked) Bundle Excellent 5/5,$559.99
iPhone 12 Pro Max Unlocked (CDMA + GSM) 128GB Pacific Blue | Excellent,$550.00
Apple iPhone 12 Pro Max 128GB Unlocked AT&T T-Mobile Verizon Very Good 7567752,$600.00
Apple iPhone 12 Pro Max 256GB Gold Unlocked Excellent Condition,$559.99
Apple iPhone 12 Pro Max 128GB Pacific Blue AT&T Very Good Condition,$499.99
Apple iPhone 12 Pro Max - 128GB - Graphite (Unlocked) ( Read Description) B.i.me,$550.00
Apple iPhone 12 Pro Max All Colors AT&T Wireless A2342 Warranty - B Grade,$519.99
Apple iPhone 12 Pro Max 512 GB Unlocked Excellent Condition Pacific Blue,$629.00
Apple iPhone 12 Pro Max - 128GB - Pacific Blue (AT&T) SCREEN CRACKED,$410.00
Apple iPhone 12 Pro Max - 128GB - Graphite (T-Mobile) A2342 (CDMA + GSM),$590.00
iPhone 12 Pro Max Unlocked (CDMA + GSM) 512GB Graphite | Excellent,$596.00
Apple iPhone 12 Pro Max 128GB Gold Unlocked Good Condition,$499.99
Apple iPhone 12 Pro Max - 128GB - Pacific Blue (Unlocked),$599.00
iPhone 12 Pro Max Unlocked (CDMA + GSM) 128GB Gold | Good,$511.00
Apple iPhone 12 Pro Max - 128GB - Pacific Blue (Unlocked) (Read Description),$632.00
Apple iPhone 12 Pro Max - 128GB (ALL COLORS) Factory Unlocked -Excellent,$650.00
Unlocked Apple iPhone 12 Pro Max 128GB Pacific Blue MGCJ3LL/A,$539.99
iPhone 12 Pro Max Unlocked (CDMA + GSM) 128GB Graphite | Excellent,$557.00
Apple iPhone 12 Pro Max - 128GB - Pacific Blue (Unlocked) Excellent Condition,$589.00
Apple iPhone 12 Pro Max - 128GB - Graphite (Unlocked),$650.00
iPhone 12 Pro Max T-Mobile 128GB Graphite | Good,$449.00
Apple iPhone 12 Pro Max 256GB T-Mobile Gray - Good Condition,$606.00
Apple iPhone 12 Pro Max 512GB Graphite Unlocked - Good Condition,$641.00
Apple iPhone 12 Pro Max - 128GB - Rose Gold (Verizon)  ,$699.00
"🌟🌟Apple iPhone 12 Pro Max 128/256 Blue, Gray and Gold FACTORY UNLOCKED🌟🌟","$1,100.00"
Apple iPhone 12 Pro Max 256GB (Xfinity) A2342 Graphite - Fair Condition,$464.95
Apple iPhone 12 Pro Max 512GB Graphite Unlocked Excellent Condition,$649.99
Apple iPhone 12 Pro Max 128GB (Xfinity) A2342 Pacific Blue - Good Condition,$474.95
Apple iPhone 12 Pro Max 128GB Graphite Unlocked - Fair w/ Front/Back Separation,$439.99
Apple iPhone 12 Pro Max 512GB Black - Unlocked AT&T T-Mobile Verizon GSM 7566998,$605.00
Apple iPhone 12 Pro Max 512GB Unlocked AT&T T-Mobile Verizon Very Good 7557904,$635.00
Apple iPhone 12 Pro Max 128 GB Unlocked Used FREE SHIPPING,$499.99
Apple iPhone 12 Pro Max 128GB - Pacific Blue - Fully Unlocked (Heavy Scratches),$497.99
Apple iPhone 12 Pro Max 128GB Gold Unlocked Excellent Condition,$529.99
Apple iPhone 12 Pro Max A2342 Fully Unlocked 128GB Graphite (Good),$539.99
Apple iPhone 12 Pro Max 512GB Black - Unlocked AT&T T-Mobile Verizon GSM 7567001,$590.00
Apple iPhone 12 Pro Max - 128GB - READ DESCRIPTION PLEASE,$475.00
Apple iPhone 12 Pro Max - 128GB - Gold (Unlocked) MINT,$619.00
Apple iPhone 12 Pro Max 512GB Verizon Locked Good Condition,$514.95
"Apple iPhone 12 Pro Max 128GB White 6.7"" Fully Unlocked Fair - Parts Only",$419.00
Apple iPhone 12 Pro Max A2342 made for T-MOBILE/SPRINT all colors+GB - A Grade,$539.99 to $569.99
Apple iPhone 12 Pro MAX Unlocked 128GB 256GB | Verizon AT&T T-Mobile | Excellent,$844.98 to $849.98
Apple iPhone 12 Pro Max - 128GB - Graphite (Verizon),$597.00
Apple iPhone 12 Pro Max - 128GB - Gold (Unlocked),"$1,300.00"
Apple iPhone 12 Pro - Fully Unlocked All Colors - 5G - 12MP 4K - 512GB - 6GB RAM,$719.00
Apple iPhone 12 Pro Max - 128GB - Factory Unlocked - Excellent Condition,$619.99
Apple iPhone 12 Pro Max 512GB Graphite Unlocked Very Good Condition,$579.99
"Apple®iPhone 12 Pro Max - 128GB - Pacific Blue (Unlocked) 6.7"" 12MP Smartphone",$619.99
Mint-A+ Apple iPhone 12 Pro Max 128GB Graphite (Unlocked) Bundle Excellent 5/5,$559.99
iPhone 12 Pro Max Unlocked (CDMA + GSM) 128GB Pacific Blue | Excellent,$550.00
Apple iPhone 12 Pro Max 128GB Unlocked AT&T T-Mobile Verizon Very Good 7567752,$600.00
Apple iPhone 12 Pro Max 256GB Gold Unlocked Excellent Condition,$559.99
Apple iPhone 12 Pro Max 128GB Pacific Blue AT&T Very Good Condition,$499.99
Apple iPhone 12 Pro Max - 128GB - Graphite (Unlocked) ( Read Description) B.i.me,$550.00
Apple iPhone 12 Pro Max All Colors AT&T Wireless A2342 Warranty - B Grade,$519.99
Apple iPhone 12 Pro Max 512 GB Unlocked Excellent Condition Pacific Blue,$629.00
Apple iPhone 12 Pro Max - 128GB - Pacific Blue (AT&T) SCREEN CRACKED,$410.00
Apple iPhone 12 Pro Max - 128GB - Graphite (T-Mobile) A2342 (CDMA + GSM),$590.00
iPhone 12 Pro Max Unlocked (CDMA + GSM) 512GB Graphite | Excellent,$596.00
Apple iPhone 12 Pro Max 128GB Gold Unlocked Good Condition,$499.99
Apple iPhone 12 Pro Max - 128GB - Pacific Blue (Unlocked),$599.00
iPhone 12 Pro Max Unlocked (CDMA + GSM) 128GB Gold | Good,$511.00
Apple iPhone 12 Pro Max - 128GB - Pacific Blue (Unlocked) (Read Description),$632.00
Apple iPhone 12 Pro Max - 128GB (ALL COLORS) Factory Unlocked -Excellent,$650.00
Unlocked Apple iPhone 12 Pro Max 128GB Pacific Blue MGCJ3LL/A,$539.99
iPhone 12 Pro Max Unlocked (CDMA + GSM) 128GB Graphite | Excellent,$557.00
Apple iPhone 12 Pro Max - 128GB - Pacific Blue (Unlocked) Excellent Condition,$589.00
Apple iPhone 12 Pro Max - 128GB - Graphite (Unlocked),$650.00
iPhone 12 Pro Max T-Mobile 128GB Graphite | Good,$449.00
Apple iPhone 12 Pro Max 256GB T-Mobile Gray - Good Condition,$606.00
Apple iPhone 12 Pro Max 512GB Graphite Unlocked - Good Condition,$641.00
Apple iPhone 12 Pro Max - 128GB - Rose Gold (Verizon)  ,$699.00
"🌟🌟Apple iPhone 12 Pro Max 128/256 Blue, Gray and Gold FACTORY UNLOCKED🌟🌟","$1,100.00"
Apple iPhone 12 Pro Max 256GB (Xfinity) A2342 Graphite - Fair Condition,$464.95
Apple iPhone 12 Pro Max 512GB Graphite Unlocked Excellent Condition,$649.99
Apple iPhone 12 Pro Max 128GB (Xfinity) A2342 Pacific Blue - Good Condition,$474.95
Apple iPhone 12 Pro Max 128GB Graphite Unlocked - Fair w/ Front/Back Separation,$439.99
Apple iPhone 12 Pro Max 512GB Black - Unlocked AT&T T-Mobile Verizon GSM 7566998,$605.00
Apple iPhone 12 Pro Max 512GB Unlocked AT&T T-Mobile Verizon Very Good 7557904,$635.00
Apple iPhone 12 Pro Max 128 GB Unlocked Used FREE SHIPPING,$499.99
Apple iPhone 12 Pro Max 128GB - Pacific Blue - Fully Unlocked (Heavy Scratches),$497.99
Apple iPhone 12 Pro Max 128GB Gold Unlocked Excellent Condition,$529.99
Apple iPhone 12 Pro Max A2342 Fully Unlocked 128GB Graphite (Good),$539.99
Apple iPhone 12 Pro Max 512GB Black - Unlocked AT&T T-Mobile Verizon GSM 7567001,$590.00
Apple iPhone 12 Pro Max - 128GB - READ DESCRIPTION PLEASE,$475.00
Apple iPhone 12 Pro Max - 128GB - Gold (Unlocked) MINT,$619.00
Apple iPhone 12 Pro Max 512GB Verizon Locked Good Condition,$514.95
"Apple iPhone 12 Pro Max 128GB White 6.7"" Fully Unlocked Fair - Parts Only",$419.00
Apple iPhone 12 Pro Max A2342 made for T-MOBILE/SPRINT all colors+GB - A Grade,$539.99 to $569.99
Apple iPhone 12 Pro MAX Unlocked 128GB 256GB | Verizon AT&T T-Mobile | Excellent,$844.98 to $849.98
Apple iPhone 12 Pro Max - 128GB - Graphite (Verizon),$597.00
Apple iPhone 12 Pro Max - 128GB - Gold (Unlocked),"$1,300.00"
Apple iPhone 12 Pro - Fully Unlocked All Colors - 5G - 12MP 4K - 512GB - 6GB RAM,$719.00
Apple iPhone 12 Pro Max - 128GB - Factory Unlocked - Excellent Condition,$619.99
Apple iPhone 12 Pro Max 512GB Graphite Unlocked Very Good Condition,$579.99
"Apple®iPhone 12 Pro Max - 128GB - Pacific Blue (Unlocked) 6.7"" 12MP Smartphone",$619.99
Mint-A+ Apple iPhone 12 Pro Max 128GB Graphite (Unlocked) Bundle Excellent 5/5,$559.99
iPhone 12 Pro Max Unlocked (CDMA + GSM) 128GB Pacific Blue | Excellent,$550.00
Apple iPhone 12 Pro Max 128GB Unlocked AT&T T-Mobile Verizon Very Good 7567752,$600.00
Apple iPhone 12 Pro Max 256GB Gold Unlocked Excellent Condition,$559.99
Apple iPhone 12 Pro Max 128GB Pacific Blue AT&T Very Good Condition,$499.99
Apple iPhone 12 Pro Max - 128GB - Graphite (Unlocked) ( Read Description) B.i.me,$550.00
Apple iPhone 12 Pro Max All Colors AT&T Wireless A2342 Warranty - B Grade,$519.99
Apple iPhone 12 Pro Max 512 GB Unlocked Excellent Condition Pacific Blue,$629.00
Apple iPhone 12 Pro Max - 128GB - Pacific Blue (AT&T) SCREEN CRACKED,$410.00
Apple iPhone 12 Pro Max - 128GB - Graphite (T-Mobile) A2342 (CDMA + GSM),$590.00
iPhone 12 Pro Max Unlocked (CDMA + GSM) 512GB Graphite | Excellent,$596.00
Apple iPhone 12 Pro Max 128GB Gold Unlocked Good Condition,$499.99
Apple iPhone 12 Pro Max - 128GB - Pacific Blue (Unlocked),$599.00
iPhone 12 Pro Max Unlocked (CDMA + GSM) 128GB Gold | Good,$511.00
Apple iPhone 12 Pro Max - 128GB - Pacific Blue (Unlocked) (Read Description),$632.00
Apple iPhone 12 Pro Max - 128GB (ALL COLORS) Factory Unlocked -Excellent,$650.00
Unlocked Apple iPhone 12 Pro Max 128GB Pacific Blue MGCJ3LL/A,$539.99
iPhone 12 Pro Max Unlocked (CDMA + GSM) 128GB Graphite | Excellent,$557.00
Apple iPhone 12 Pro Max - 128GB - Pacific Blue (Unlocked) Excellent Condition,$589.00
Apple iPhone 12 Pro Max - 128GB - Graphite (Unlocked),$650.00
iPhone 12 Pro Max T-Mobile 128GB Graphite | Good,$449.00
Apple iPhone 12 Pro Max 256GB T-Mobile Gray - Good Condition,$606.00
Apple iPhone 12 Pro Max 512GB Graphite Unlocked - Good Condition,$641.00
Apple iPhone 12 Pro Max - 128GB - Rose Gold (Verizon)  ,$699.00
"🌟🌟Apple iPhone 12 Pro Max 128/256 Blue, Gray and Gold FACTORY UNLOCKED🌟🌟","$1,100.00"
Apple iPhone 12 Pro Max 256GB (Xfinity) A2342 Graphite - Fair Condition,$464.95
Apple iPhone 12 Pro Max 512GB Graphite Unlocked Excellent Condition,$649.99
Apple iPhone 12 Pro Max 128GB (Xfinity) A2342 Pacific Blue - Good Condition,$474.95
Apple iPhone 12 Pro Max 128GB Graphite Unlocked - Fair w/ Front/Back Separation,$439.99
Apple iPhone 12 Pro Max 512GB Black - Unlocked AT&T T-Mobile Verizon GSM 7566998,$605.00
Apple iPhone 12 Pro Max 512GB Unlocked AT&T T-Mobile Verizon Very Good 7557904,$635.00
